standid,devclass,poly_ha,op_cut,restricted,n_cells,slope_mean,slope_p95,twi_mean,wet_frac,steep_frac,season,access,flags
3356446,03,0.4029433653182168,1,0,1006,11.661391258239746,31.721519470214844,5.8070488146625685,0.15606361829025844,0.10337972166998012,dry season preferred,winch assist advised,2
38778421,04,1.3066798719626997,0,1,3274,11.539219856262207,37.88213348388672,5.911937464599228,0.13958460598656078,0.16615760537568725,dry season preferred,winch assist advised,2
38778956,03,0.2508726528717275,1,0,625,8.275237083435059,30.14815330505371,6.048860960060473,0.1264,0.1008,dry season preferred,winch assist advised,2
38778586,04,0.16945900686320045,0,1,429,15.116630554199219,29.249197006225586,6.161756288118735,0.1258741258741259,0.1958041958041958,dry season preferred,winch assist advised,2
38779140,04,0.41574482311276123,1,0,1049,13.118422508239746,29.249990463256836,6.232514273367612,0.11630123927550047,0.14108674928503337,dry season preferred,winch assist advised,2
38778418,04,0.6565208970770623,1,0,1640,16.415929794311523,44.43593978881836,5.66267622400208,0.11341463414634147,0.34146341463414637,dry season preferred,steep - review access,2
38778396,03,0.40836353471385006,1,0,1019,8.798341751098633,31.045549392700195,5.587708103537225,0.10893032384690873,0.10500490677134446,dry season preferred,winch assist advised,2
38779083,04,0.23030307627183297,0,1,576,18.819164276123047,34.151084899902344,4.612299990999923,0.1076388888888889,0.2690972222222222,dry season preferred,winch assist advised,2
37063344,02,1.72199190852627,0,0,4305,8.204710006713867,34.41622543334961,5.8647285040815476,0.10522648083623694,0.11033681765389082,dry season preferred,winch assist advised,2
38778206,04,0.6902794653415086,1,0,1725,9.575645446777344,38.598045349121094,5.752044966735723,0.10492753623188406,0.15246376811594203,dry season preferred,winch assist advised,2
38778244,,0.4863527225118849,0,1,1218,10.191427230834961,38.606040954589844,5.554122331299482,0.10344827586206896,0.1724137931034483,dry season preferred,winch assist advised,2
26167825,,0.47132741243075726,0,0,1183,0.6435291171073914,2.3713228702545166,10.63639149790557,0.8292476754015216,0.0,frozen-ground only,conventional,1
38779295,03,1.0381330574304635,1,0,2599,1.830859899520874,5.038218975067139,9.560451693538345,0.5425163524432474,0.0,frozen-ground only,conventional,1
26167824,02,0.5084962834097214,0,0,1270,1.1231297254562378,2.7649168968200684,9.593587238792116,0.4464566929133858,0.0,frozen-ground only,conventional,1
38779296,03,0.6932033626022901,1,0,1738,1.4042887687683105,3.560335636138916,9.410664942436824,0.42635212888377444,0.0,frozen-ground only,conventional,1
38779272,03,1.3681182836677253,1,0,3417,0.8573779463768005,1.9604758024215698,9.43841197296993,0.3968393327480246,0.0,frozen-ground only,conventional,1
38779217,03,0.9597963087750342,1,0,2400,1.4482403993606567,3.545522689819336,9.210476722335,0.3641666666666667,0.0,frozen-ground only,conventional,1
511435,04,1.1846059516662582,1,0,31,3.124864339828491,5.3368940353393555,8.466825872105032,0.3548387096774194,0.0,frozen-ground only,conventional,1
38778843,03,0.26911671190097186,1,0,671,2.501800775527954,5.48714542388916,9.096584621374808,0.32488822652757077,0.0,frozen-ground only,conventional,1
38779165,02,0.570370771939079,0,0,1432,1.6465342044830322,4.5899481773376465,8.317621982639302,0.2856145251396648,0.0,frozen-ground only,conventional,1
38778193,03,0.21090931461870274,1,0,530,3.248988151550293,10.700664520263672,8.48599589928658,0.2622641509433962,0.0018867924528301887,frozen-ground only,conventional,1
38779275,03,0.7309158944250287,0,0,1825,2.4108357429504395,6.140478134155273,7.844896892385199,0.2482191780821918,0.0,dry season preferred,conventional,1
38778483,03,2.1114753987994446,1,0,243,4.691624641418457,12.432414054870605,6.834124098248061,0.22633744855967078,0.0,dry season preferred,conventional,1
3356912,04,0.3834503670620483,1,0,805,3.84153413772583,10.780352592468262,6.310861408949626,0.21366459627329193,0.0012422360248447205,dry season preferred,conventional,1
38778906,04,1.1226312861510626,1,0,2805,1.818871021270752,4.445220947265625,7.137249145083855,0.20499108734402852,0.0,dry season preferred,conventional,1
38779280,03,0.9232717612803087,1,0,2309,1.1776918172836304,2.84437894821167,8.673923643749006,0.20441749675184062,0.0,dry season preferred,conventional,1
43625620,04,0.177848399251433,1,0,444,6.99879264831543,19.04341697692871,6.242742207944222,0.1981981981981982,0.0,dry season preferred,conventional,1
3356220,,1.2676684372343894,0,0,3172,1.29828679561615,3.156905174255371,7.051493103781172,0.1948297604035309,0.0,dry season preferred,conventional,1
38779264,03,0.6662846276581582,1,0,1667,2.767730712890625,8.323492050170898,8.14598143885964,0.19376124775044992,0.0,dry season preferred,conventional,1
38778782,03,0.24059859700375172,1,0,601,3.7056756019592285,7.629999160766602,6.622463449188109,0.18801996672212978,0.0,dry season preferred,conventional,1
38779193,,0.0736381987274431,0,1,183,2.5915396213531494,8.04855728149414,6.794089185021949,0.18032786885245902,0.0,dry season preferred,conventional,1
26167797,03,0.40416666485649255,1,0,1004,2.224907398223877,5.1090521812438965,8.089251412991041,0.17729083665338646,0.0,dry season preferred,conventional,1
38778440,,0.31771601067868166,0,1,797,7.893309593200684,27.715063095092773,6.663299777745829,0.17691342534504392,0.08155583437892096,dry season preferred,conventional,1
38778863,03,0.23372940738081802,1,0,585,7.757540225982666,15.332748413085938,6.433685044185666,0.17606837606837608,0.0017094017094017094,dry season preferred,conventional,1
26167294,04,0.2280281288173227,1,0,565,5.274006366729736,11.652326583862305,6.885624617618541,0.16991150442477876,0.0,dry season preferred,conventional,1
3356746,,0.9065134079536441,0,0,2267,1.7878828048706055,3.9796628952026367,6.618894841874552,0.1693868548742832,0.0,dry season preferred,conventional,1
38778092,03,0.38800578157880694,1,0,968,2.580683946609497,7.591179847717285,6.944536462860966,0.16425619834710745,0.0,dry season preferred,conventional,1
3358770,04,0.7647310544832937,1,0,1912,3.1825108528137207,9.199023246765137,6.314153611560064,0.1637029288702929,0.020397489539748955,dry season preferred,conventional,1
3356781,,0.6112638308856579,0,0,1528,3.2028563022613525,11.60471248626709,6.456744537175511,0.16361256544502617,0.0013089005235602095,dry season preferred,conventional,1
3356774,,2.071535992694385,0,0,5176,0.7517183423042297,2.2489309310913086,7.344023187424387,0.1634466769706337,0.0,dry season preferred,conventional,1
38779185,03,0.36614231369248046,1,0,913,5.931890964508057,17.71762466430664,7.110282112642774,0.16319824753559695,0.024096385542168676,dry season preferred,conventional,1
38778235,,1.190567091327655,0,1,2979,2.8912606239318848,14.904582977294922,8.043324750988873,0.16112789526686808,0.004699563611950319,dry season preferred,conventional,1
26167798,03,0.5451101898405989,1,0,1362,3.808943748474121,8.18226146697998,7.304644544231185,0.16079295154185022,0.0,dry season preferred,conventional,1
28213553,,1.1406906689351664,0,1,2845,0.9100777506828308,2.5102500915527344,6.866958163609973,0.15957820738137082,0.0,dry season preferred,conventional,1
3356226,04,0.5883618443245914,1,0,1470,5.02830171585083,15.668755531311035,6.416163529023252,0.15918367346938775,0.00816326530612245,dry season preferred,conventional,1
26167904,03,0.1730732414156064,1,0,434,2.242124557495117,8.050552368164062,6.7837756562220655,0.15898617511520738,0.0,dry season preferred,conventional,1
38779267,03,1.9681101152631304,1,0,4921,1.1358749866485596,3.0539958477020264,7.550233070849233,0.15789473684210525,0.0,dry season preferred,conventional,1
38779322,04,5.6849415418229405,1,0,14209,4.904418468475342,14.985956192016602,7.474495490960663,0.15440917728200437,0.005559856429023858,dry season preferred,conventional,1
43625618,04,0.3842961369272451,1,0,964,5.443113803863525,14.492111206054688,6.456753795830865,0.1524896265560166,0.002074688796680498,dry season preferred,conventional,1
3356745,,0.707030778250928,0,0,1765,1.5501348972320557,5.494002342224121,6.748210191031445,0.15240793201133143,0.0,dry season preferred,conventional,1
26171591,03,0.3267260208093661,1,0,818,5.394872188568115,15.883955955505371,6.746112872849836,0.15158924205378974,0.0,dry season preferred,conventional,1
3358698,03,0.1902020362238662,1,0,476,3.0363781452178955,7.17663049697876,6.634032801093278,0.14915966386554622,0.0,dry season preferred,conventional,1
3356800,03,0.31260475786727815,1,0,781,2.493466377258301,7.000536918640137,6.927070959073237,0.147247119078105,0.0,dry season preferred,conventional,1
38778099,03,0.3948840177413317,1,0,988,3.0897634029388428,17.965944290161133,6.719006403080353,0.14676113360323886,0.02327935222672065,dry season preferred,conventional,1
74020459,03,0.2045576879175472,1,0,518,7.849376201629639,29.884456634521484,6.036641158753967,0.14671814671814673,0.07335907335907337,dry season preferred,conventional,1
38778842,03,0.3330065957204882,1,0,834,3.574085235595703,7.119029521942139,7.585408340917443,0.14628297362110312,0.0,dry season preferred,conventional,1
17651714,04,0.1034401098137354,1,0,261,3.088027000427246,7.414231300354004,6.309062207881682,0.14559386973180077,0.0,dry season preferred,conventional,1
74062811,,0.2841493927941388,0,0,713,2.0535213947296143,3.9596009254455566,6.674204784837445,0.14446002805049088,0.0,dry season preferred,conventional,1
38778833,03,0.7711064306421993,0,0,1924,1.915079116821289,7.166110515594482,6.84163691319874,0.14293139293139293,0.0,dry season preferred,conventional,1
38778910,04,1.1259768124887846,1,0,2815,1.9460116624832153,4.177011013031006,6.646348434423646,0.14174067495559503,0.007460035523978685,dry season preferred,conventional,1
38778286,03,1.4029916904808233,1,0,3509,1.8226773738861084,4.461770534515381,7.849944147895837,0.14049586776859505,0.0,dry season preferred,conventional,1
38778239,03,0.33212813821447684,1,0,828,2.997756242752075,8.738740921020508,6.2376228842375,0.14009661835748793,0.0,dry season preferred,conventional,1
3356737,04,0.49493643710220847,1,0,1236,2.571131944656372,9.48910903930664,6.249342265536837,0.13915857605177995,0.0,dry season preferred,conventional,1
3358748,03,4.347684560309883,1,0,10872,2.289891242980957,6.585200309753418,6.620279333529308,0.1390728476821192,0.0041390728476821195,dry season preferred,conventional,1
3356740,,0.36209503473594284,0,0,907,4.91139554977417,18.307537078857422,6.356680868472589,0.13891951488423374,0.022050716648291068,dry season preferred,conventional,1
38778121,04,0.5045289518893332,1,0,1259,3.1296775341033936,7.654086112976074,6.0388911652984625,0.13820492454328834,0.0,dry season preferred,conventional,1
25782713,04,1.162372130821843,1,0,2901,3.87663197517395,8.399215698242188,6.509571780345807,0.13788348845225784,0.0,dry season preferred,conventional,1
38778909,04,1.1397004725106568,1,0,2845,2.3051092624664307,7.499555587768555,6.932957614519156,0.13778558875219685,0.00843585237258348,dry season preferred,conventional,1
38778279,,0.999499012340081,0,0,2506,0.7216393351554871,1.7381274700164795,6.87507893018518,0.1372705506783719,0.0,dry season preferred,conventional,1
26167786,03,0.1993259383732505,1,0,496,3.825901746749878,11.655842781066895,7.1729813361026045,0.13709677419354838,0.0,dry season preferred,conventional,1
38778301,,0.23355164383198707,0,1,584,6.38613224029541,26.344614028930664,5.917903563179752,0.136986301369863,0.053082191780821915,dry season preferred,conventional,1
3358751,03,0.3823255520888213,1,0,951,2.424257516860962,6.873892307281494,6.311233261676747,0.1366982124079916,0.0,dry season preferred,conventional,1
38778914,04,0.3179197447828762,1,0,791,2.0606744289398193,4.480876922607422,7.625949762564614,0.13653603034134007,0.0,dry season preferred,conventional,1
3356449,04,0.4631739374913336,1,0,1163,5.590061187744141,22.24505043029785,6.126649399214016,0.1349957007738607,0.03955288048151333,dry season preferred,conventional,1
38778798,03,0.9626886319494281,0,0,2412,2.6540236473083496,6.676004886627197,6.358005960426025,0.134742951907131,0.0,dry season preferred,conventional,1
3356261,03,0.44620493996284005,1,0,1115,2.9027743339538574,12.276698112487793,6.264615755000912,0.13452914798206278,0.008071748878923767,dry season preferred,conventional,1
3358722,03,0.1715181302816928,1,0,425,1.6599230766296387,3.3786933422088623,6.223198937522143,0.13411764705882354,0.0,dry season preferred,conventional,1
38778667,,0.21721078290882925,0,0,541,2.620443344116211,6.0571794509887695,6.820754830384487,0.133086876155268,0.0,dry season preferred,conventional,1
3358752,,0.5477217662850896,0,0,1363,2.9361908435821533,9.756696701049805,6.398064289643675,0.13279530447542187,0.0,dry season preferred,conventional,1
38778219,03,0.22064533361706823,1,0,551,8.03283405303955,25.633148193359375,5.633341764092443,0.132486388384755,0.07622504537205081,dry season preferred,conventional,1
38778932,04,0.40954750611988905,1,0,1024,7.810102462768555,21.812061309814453,5.795580312693191,0.130859375,0.0380859375,dry season preferred,conventional,1
3356788,03,0.2683990415566831,1,0,667,3.8220431804656982,9.68858814239502,6.183831331146872,0.13043478260869565,0.0,dry season preferred,conventional,1
3356325,03,1.0539002051009114,1,0,2639,2.6484882831573486,6.353570461273193,6.190999938141822,0.1303524062144752,0.0,dry season preferred,conventional,1
38779081,04,0.4325445498797496,0,1,1081,2.677724838256836,6.340430736541748,7.254097401453271,0.12950971322849214,0.0,dry season preferred,conventional,1
37064930,03,0.5044887892515124,1,0,1261,4.806219100952148,14.08892822265625,5.982602509720336,0.12846946867565423,0.008723235527359239,dry season preferred,conventional,1
3358769,,0.3587627735245211,0,0,897,1.109407901763916,3.186445713043213,6.735165820056674,0.1282051282051282,0.0,dry season preferred,conventional,1
43625612,,0.3803929671951733,0,0,949,4.940708637237549,14.144143104553223,5.960258200085524,0.12644889357218125,0.0,dry season preferred,conventional,1
3356777,04,0.32924495239010326,1,0,823,4.730850696563721,19.01578140258789,5.952499928724722,0.12636695018226002,0.009720534629404616,dry season preferred,conventional,1
37064937,,0.3350386061962322,0,0,840,1.213502287864685,2.1870388984680176,6.694820571122221,0.1261904761904762,0.0,dry season preferred,conventional,1
3358773,03,0.6599693301453627,1,0,1653,1.985969066619873,4.981750011444092,6.246585929349001,0.12462189957652753,0.0,dry season preferred,conventional,1
38780065,03,0.547226476560226,1,0,1373,2.3044562339782715,5.53521728515625,6.127710511220273,0.12454479242534595,0.0,dry season preferred,conventional,1
38778407,03,0.2654128597316107,1,0,659,1.5193791389465332,3.002103805541992,6.359970997490336,0.1244309559939302,0.0,dry season preferred,conventional,1
74362622,03,0.3560688207286048,1,0,888,2.047299385070801,4.861537933349609,5.9326263948918685,0.12387387387387387,0.0,dry season preferred,conventional,1
38778734,02,0.4204948860868987,0,0,1057,2.5365655422210693,14.758855819702148,6.427465504733792,0.12298959318826869,0.011352885525070956,dry season preferred,conventional,1
38778768,03,0.8771023104409509,1,0,2192,4.2752766609191895,11.702125549316406,6.120833901819246,0.12271897810218978,0.0,dry season preferred,conventional,1
26167787,04,0.25617626867593996,1,0,646,2.755246639251709,9.0127592086792,6.812756491866668,0.12229102167182662,0.0,dry season preferred,conventional,1
3358723,03,2.460438580747007,1,0,6168,1.3695820569992065,3.0579946041107178,6.349932146376921,0.1220817120622568,0.0,dry season preferred,conventional,1
3358727,,0.19254318928121794,0,0,478,2.532773017883301,6.523611068725586,6.360218146830651,0.12133891213389121,0.0,dry season preferred,conventional,1
3359793,,0.28869928116752797,0,0,720,1.3421841859817505,3.1225154399871826,6.642843068469491,0.12083333333333333,0.0,dry season preferred,conventional,1
3358818,04,0.5241233657875777,1,0,1305,3.6931536197662354,12.02392864227295,5.938125142700633,0.12030651340996168,0.0030651340996168583,dry season preferred,conventional,1
38778894,03,0.3336833788205137,1,0,835,9.028250694274902,28.771194458007812,5.589035320066788,0.11976047904191617,0.09580838323353294,dry season preferred,conventional,1
3356529,,0.10082139484208008,0,0,252,3.2131717205047607,8.756805419921875,5.6113756604012,0.11904761904761904,0.0,dry season preferred,conventional,1
38779257,04,0.2916890001880336,1,0,729,8.641890525817871,17.390127182006836,5.598310013304373,0.11796982167352538,0.023319615912208505,dry season preferred,conventional,1
38779270,03,1.795136128630616,1,0,4489,2.082007646560669,6.109355926513672,6.002139232430669,0.11784361773223435,0.0,dry season preferred,conventional,1
38778360,03,0.7188692291150921,1,0,1799,5.385387897491455,26.471662521362305,5.953051397593794,0.11728738187882157,0.0622568093385214,dry season preferred,conventional,1
3356358,03,2.790948836832524,1,0,6982,3.64992618560791,14.83944034576416,5.96833068507719,0.11629905471211688,0.006015468347178459,dry season preferred,conventional,1
25782716,04,0.7555139957872028,1,0,1892,7.453487396240234,11.474580764770508,6.73538736526016,0.11627906976744186,0.0,dry season preferred,conventional,1
38778594,04,0.14564367851169785,0,1,362,12.426920890808105,25.416950225830078,6.058442186209449,0.11602209944751381,0.08839779005524862,dry season preferred,conventional,1
38779041,,0.272170311718491,0,0,682,2.212689161300659,5.710599899291992,7.547941495764077,0.1158357771260997,0.0,dry season preferred,conventional,1
38779328,03,1.4849364737174702,1,0,527,4.433594703674316,7.329359531402588,5.960975987692308,0.1157495256166983,0.0,dry season preferred,conventional,1
3358797,03,0.7313366192835427,1,0,1827,2.2684314250946045,7.254665851593018,6.241135172192345,0.11548987411056376,0.0,dry season preferred,conventional,1
38778155,04,1.1630354703951356,1,0,2905,3.4650723934173584,8.735595703125,6.791585046790516,0.1153184165232358,0.003098106712564544,dry season preferred,conventional,1
38779153,03,0.3680392143265059,0,0,920,2.68755841255188,9.694302558898926,6.228270082740516,0.11521739130434783,0.0,dry season preferred,conventional,1
38778201,03,0.5831588512574801,1,0,1454,2.2063064575195312,6.924027919769287,6.200684579418389,0.11485557083906466,0.001375515818431912,dry season preferred,conventional,1
38779261,04,1.1844636096125314,1,0,2962,1.975206971168518,5.6325364112854,7.977134796780567,0.11478730587440918,0.0,dry season preferred,conventional,1
73247089,04,0.11385275741810386,0,1,289,4.510523319244385,10.934807777404785,6.453877622540855,0.11418685121107267,0.0,dry season preferred,conventional,1
37126925,03,0.22787043385305833,0,0,561,2.4701988697052,8.031144142150879,6.161696379371365,0.1140819964349376,0.0,dry season preferred,conventional,1
38779030,04,2.3080393797970746,1,0,5769,3.1557652950286865,12.746978759765625,6.2470175877239935,0.11336453458138325,0.023574276304385508,dry season preferred,conventional,1
38778907,03,0.822019405406361,1,0,2060,1.7061368227005005,4.2611308097839355,6.415762502272048,0.11310679611650486,0.0,dry season preferred,conventional,1
3356729,,0.8538796660875083,0,0,2126,5.685439586639404,36.243350982666016,6.3893181298371005,0.11241768579492004,0.09924741298212605,dry season preferred,conventional,1
38778582,04,0.411429952479261,0,1,1026,3.491680860519409,8.917192459106445,6.102099627170623,0.11208576998050682,0.0,dry season preferred,conventional,1
38779271,03,1.420957590678063,1,0,3551,1.89907968044281,6.317781448364258,6.141561376431717,0.11208110391439031,0.0,dry season preferred,conventional,1
3356714,,0.5144852884492521,0,0,1289,1.6353330612182617,4.005898475646973,6.175393131073538,0.11171450737005431,0.0,dry season preferred,conventional,1
38778025,03,1.337076020814082,0,0,3339,2.2809460163116455,6.364453315734863,5.949575433553129,0.11171009284216832,0.001497454327643007,dry season preferred,conventional,1
17651645,03,0.29084712593709705,1,0,726,2.1776957511901855,6.687839031219482,5.8225309006998245,0.1115702479338843,0.0,dry season preferred,conventional,1
38778617,04,0.7607038703922678,1,0,1903,4.93466854095459,19.226530075073242,6.064798702679628,0.11140304781923278,0.03205465055176038,dry season preferred,conventional,1
3359726,03,0.5475106806197116,1,0,1367,1.9836491346359253,6.784910678863525,6.096138990331466,0.11119239209948793,0.0,dry season preferred,conventional,1
3358792,,1.251354972976112,0,0,3135,1.6536856889724731,3.53000807762146,6.3008461240082,0.11100478468899522,0.0,dry season preferred,conventional,1
38778820,04,1.095032229331081,1,0,2730,4.5730438232421875,10.166760444641113,6.111385325866074,0.11062271062271062,0.0,dry season preferred,conventional,1
3358772,03,0.7515140823568777,1,0,1875,4.011311054229736,9.725608825683594,6.382426840665899,0.1104,0.0005333333333333334,dry season preferred,conventional,1
38779202,03,0.3329858438705173,1,0,827,3.8243958950042725,15.775835037231445,6.209653837459467,0.11003627569528417,0.006045949214026602,dry season preferred,conventional,1
38778689,03,0.1632615072877738,0,1,409,2.50827693939209,6.999307155609131,6.15193023584484,0.1100244498777506,0.0,dry season preferred,conventional,1
3358814,03,1.3265925734088972,0,0,3324,1.668831706047058,3.6258862018585205,6.126255981136374,0.1092057761732852,0.0006016847172081829,dry season preferred,conventional,1
38778819,04,0.3021826792169948,1,0,756,2.4327194690704346,5.355772018432617,6.58626263260739,0.10846560846560846,0.0,dry season preferred,conventional,1
38778657,04,1.5779000085981587,1,0,3948,3.858351469039917,19.741209030151367,6.079801411789424,0.10790273556231003,0.02988855116514691,dry season preferred,conventional,1
38778912,04,0.3413234206161689,1,0,855,3.202362060546875,5.763766288757324,6.4171561052433965,0.10760233918128655,0.0,dry season preferred,conventional,1
38779076,04,0.7705288840731856,1,0,1931,6.276227951049805,31.850547790527344,6.126470421731317,0.10719834282755049,0.09476954945624029,dry season preferred,conventional,1
37062846,03,1.881026892645784,1,0,4707,5.481174945831299,16.966245651245117,5.844275511012115,0.10686212024644147,0.009772678988740175,dry season preferred,conventional,1
25782710,03,1.466971689567768,0,1,3668,2.450338363647461,6.548223972320557,6.1461979547338865,0.10659760087241003,0.0,dry season preferred,conventional,1
38778534,,1.1710256018256722,0,0,2930,3.116276502609253,9.448867797851562,6.252404100464654,0.10648464163822526,0.0006825938566552901,dry season preferred,conventional,1
3356323,04,1.8263747393161822,1,0,4566,2.197265148162842,6.774895191192627,5.980093181819814,0.10643889618922471,0.0019710906701708277,dry season preferred,conventional,1
3356913,03,1.4458229365284825,1,0,3610,1.8389132022857666,6.0491156578063965,6.264686771154228,0.10637119113573407,0.0,dry season preferred,conventional,1
38778165,04,0.22064720571201987,0,1,555,4.979727268218994,10.511141777038574,6.0066767855847285,0.1063063063063063,0.0,dry season preferred,conventional,1
3356765,04,0.9040065291922268,1,0,2260,7.471215724945068,26.365291595458984,5.616479197084248,0.10619469026548672,0.062389380530973454,dry season preferred,conventional,1
38778346,,0.31402140777940923,0,0,784,7.713354110717773,19.762794494628906,5.446633522750123,0.10586734693877552,0.02806122448979592,dry season preferred,conventional,1
38779300,03,1.275573650409308,1,0,3193,2.592163324356079,6.423931121826172,5.827142217624766,0.10554337613529596,0.0,dry season preferred,conventional,1
511240,04,2.4877760710413908,1,0,692,8.866362571716309,27.62752342224121,5.675289622569237,0.10549132947976879,0.08092485549132948,dry season preferred,conventional,1
3358787,02,8.360037034295042,0,0,20894,2.1558895111083984,9.560481071472168,6.303579200663755,0.10538910692064708,0.0015315401550684408,dry season preferred,conventional,1
3356929,04,1.4253539565966673,1,0,3551,3.5498781204223633,9.813186645507812,5.87325083440517,0.10532244438186426,0.0,dry season preferred,conventional,1
38778125,03,0.9455181169582801,1,0,2370,1.843603253364563,3.5813214778900146,5.9365613538284006,0.10506329113924051,0.0,dry season preferred,conventional,1
3356851,03,0.8526812904613762,0,0,2123,3.2989072799682617,10.730037689208984,6.058156120532108,0.10504003768252473,0.0,dry season preferred,conventional,1
38778260,,0.6280426367792304,0,0,1572,6.72463321685791,23.632478713989258,5.731906049754828,0.10432569974554708,0.045165394402035625,dry season preferred,conventional,1
41552682,04,0.664028940013575,1,0,978,2.2111763954162598,5.236064434051514,5.932414438584604,0.10429447852760736,0.0,dry season preferred,conventional,1
3359725,,0.9768742797775388,0,0,2444,3.4956889152526855,10.463292121887207,5.7192271559712315,0.1039279869067103,0.0,dry season preferred,conventional,1
38778450,03,1.8583035504567873,1,0,4641,4.180352210998535,17.584383010864258,5.779219638124367,0.10385692738633916,0.012712777418659772,dry season preferred,conventional,1
37064978,03,1.5310689890044604,1,0,3819,3.5020499229431152,13.10670280456543,5.843253104729526,0.10369206598586017,0.0,dry season preferred,conventional,1
3356589,,0.232292842462542,0,0,572,1.8296875953674316,8.042137145996094,6.385770054758447,0.10314685314685315,0.0,dry season preferred,conventional,1
37064936,03,5.9159840806041455,1,0,14780,1.6482830047607422,5.82087516784668,6.297310535271984,0.10290933694181326,0.0012178619756427606,dry season preferred,conventional,1
38779176,03,0.716903399026787,0,0,1791,6.185039043426514,13.651927947998047,6.39930785698872,0.1027359017308766,0.005025125628140704,dry season preferred,conventional,1
38778598,02,0.4797084462886125,0,0,1198,2.1619720458984375,7.80328893661499,5.837382183110961,0.10267111853088481,0.0,dry season preferred,conventional,1
38778888,04,0.7854782829285217,1,0,1960,1.6578035354614258,3.884596824645996,6.147261239817773,0.10255102040816326,0.0,dry season preferred,conventional,1
3358693,04,0.8901509530422347,1,0,2224,2.583719253540039,9.483855247497559,6.126476544575802,0.10251798561151079,0.0,dry season preferred,conventional,1
38778377,,0.6997775452648536,0,1,1747,1.1949950456619263,2.714052677154541,6.271841642662923,0.10246136233543217,0.0,dry season preferred,conventional,1
38778781,04,0.5777649743347228,1,0,1447,4.026025295257568,7.273210525512695,5.785779488328046,0.1022805805114029,0.0,dry season preferred,conventional,1
3356415,03,5.193889395234636,1,0,12990,4.595478057861328,17.014354705810547,5.887352526066914,0.10223248652809853,0.020246343341031564,dry season preferred,conventional,1
3356748,,1.4524654935936752,0,0,3639,4.229211330413818,19.597820281982422,6.047443055543086,0.10222588623248145,0.01621324539708711,dry season preferred,conventional,1
38779060,03,0.3023486471576254,0,1,755,10.681496620178223,21.31374740600586,6.175379590920661,0.10198675496688742,0.011920529801324504,dry season preferred,conventional,1
3356731,,0.5783784316885325,0,0,1454,4.830399990081787,16.089183807373047,5.464695510766288,0.10178817056396149,0.014442916093535076,dry season preferred,conventional,1
3358699,03,0.5341370871330539,0,0,1333,2.2061514854431152,7.608936786651611,6.001333715617296,0.10127531882970743,0.0,dry season preferred,conventional,1
26167291,04,0.14855640387796243,1,0,366,7.924881458282471,15.1707763671875,5.989156589534905,0.10109289617486339,0.0,dry season preferred,conventional,1
3356783,03,0.9724176455036235,1,0,2432,2.6063690185546875,6.44453239440918,5.756452058450384,0.10074013157894737,0.0,dry season preferred,conventional,1
38778610,03,0.7259963694849866,1,0,1817,7.837346076965332,27.959808349609375,5.597027639552714,0.10071546505228399,0.0748486516235553,dry season preferred,conventional,1
38779325,03,1.2472224468242554,1,0,3114,3.192162275314331,11.20885944366455,6.25587174814139,0.10051380860629415,0.0016056518946692357,dry season preferred,conventional,1
38779047,03,0.6538079787756463,1,0,1635,6.062409400939941,11.20938491821289,6.248315208626944,0.10030581039755351,0.0,dry season preferred,conventional,1
38778335,04,0.9371072942648229,1,0,2343,8.945646286010742,31.67961311340332,6.46069954863244,0.09389671361502347,0.10072556551429791,summer-trafficable,winch assist advised,1
3356882,04,1.1075705297390823,1,0,824,8.338823318481445,30.895593643188477,5.4460201934669925,0.09344660194174757,0.11529126213592233,summer-trafficable,winch assist advised,1
38778221,03,0.17361538915405814,0,0,429,12.118293762207031,32.634220123291016,5.970991560020852,0.09324009324009325,0.10955710955710955,summer-trafficable,winch assist advised,1
38779244,04,0.34444851124742343,1,0,867,10.138365745544434,33.145259857177734,5.670880729616205,0.08996539792387544,0.1510957324106113,summer-trafficable,winch assist advised,1
38778425,04,0.2700005707512897,1,0,673,17.733110427856445,47.95528030395508,4.829205323948869,0.08915304606240713,0.1887072808320951,summer-trafficable,winch assist advised,1
38778274,,0.16608678441323377,0,1,415,21.39386558532715,60.971893310546875,4.208821515404919,0.08674698795180723,0.3204819277108434,summer-trafficable,steep - review access,1
38779056,04,1.7065837724275825,0,1,4264,15.742185592651367,33.53955841064453,5.780373054370913,0.08560037523452158,0.175422138836773,summer-trafficable,winch assist advised,1
3356295,04,0.7029011896504649,1,0,1765,8.792889595031738,41.676971435546875,5.09310843449514,0.08441926345609065,0.12407932011331445,summer-trafficable,winch assist advised,1
38778495,04,0.360510235149795,1,0,901,11.788488388061523,30.242897033691406,5.292629383817225,0.08435072142064373,0.12652608213096558,summer-trafficable,winch assist advised,1
38778334,,0.20542456092439956,0,0,509,16.377849578857422,38.12115478515625,4.85484145351266,0.0825147347740668,0.3104125736738703,summer-trafficable,steep - review access,1
38778330,04,0.19289225312087652,1,0,486,13.512225151062012,38.505126953125,5.082141005034998,0.08024691358024691,0.16872427983539096,summer-trafficable,winch assist advised,1
38778117,03,0.17665392631982463,1,0,441,17.182188034057617,43.84779739379883,5.079643885149597,0.07936507936507936,0.37188208616780044,summer-trafficable,steep - review access,1
38779065,04,0.8440792378221069,0,1,2112,22.464702606201172,49.64444351196289,5.608184057071225,0.07670454545454546,0.46070075757575757,summer-trafficable,steep - review access,1
38778730,04,0.3398553048112073,1,0,854,14.851881980895996,31.638511657714844,5.506160116089365,0.07494145199063232,0.14637002341920374,summer-trafficable,winch assist advised,1
38778210,03,0.5560284050609088,1,0,1395,10.274365425109863,33.83036804199219,5.030032654640967,0.07311827956989247,0.12043010752688173,summer-trafficable,winch assist advised,1
38778409,03,0.316436767404559,1,0,792,11.853734970092773,33.28916549682617,5.210892757152228,0.07196969696969698,0.1893939393939394,summer-trafficable,winch assist advised,1
38778308,04,1.7001721147207594,1,0,4244,9.439849853515625,37.18775939941406,5.439972899300804,0.0711592836946277,0.12535344015080113,summer-trafficable,winch assist advised,1
38778414,Y1,0.713616569917929,0,1,1783,24.568389892578125,54.05381393432617,4.709803315002736,0.07010656197420079,0.4929893438025799,summer-trafficable,steep - review access,1
38778437,04,1.1649605596292765,1,0,2911,14.743717193603516,39.62218475341797,5.251626819826241,0.06904843696324287,0.2136722775678461,summer-trafficable,winch assist advised,1
38778454,03,0.19440559572287414,1,0,485,17.197105407714844,41.221435546875,4.681662032631653,0.06804123711340206,0.27422680412371137,summer-trafficable,winch assist advised,1
38778948,04,0.15404173934922466,1,0,384,10.765748023986816,45.087364196777344,5.124570683860508,0.06770833333333333,0.16927083333333334,summer-trafficable,winch assist advised,1
38778641,04,0.2412985402132022,1,0,606,12.745261192321777,33.84514617919922,5.065031619710359,0.06765676567656766,0.10561056105610561,summer-trafficable,winch assist advised,1
38778444,04,0.597417533753211,1,0,1494,15.262110710144043,39.9015007019043,4.85300986342435,0.06760374832663989,0.2248995983935743,summer-trafficable,winch assist advised,1
38778759,04,0.6473025117049543,1,0,1620,13.932516098022461,28.660737991333008,5.428746382209385,0.06666666666666667,0.10555555555555556,summer-trafficable,winch assist advised,1
38778595,04,0.19785442563403338,1,0,498,15.510642051696777,28.365863800048828,4.687234447601234,0.06626506024096386,0.10240963855421686,summer-trafficable,winch assist advised,1
38778122,03,0.9497171069026388,0,0,2374,12.39031982421875,32.3999137878418,4.913008963767277,0.06571187868576242,0.17649536647009267,summer-trafficable,winch assist advised,1
38779154,03,0.17740939225489397,1,0,443,10.373358726501465,27.407087326049805,5.443571113838303,0.0654627539503386,0.10609480812641084,summer-trafficable,winch assist advised,1
3358793,03,0.26317338910681887,1,0,657,11.030427932739258,34.84782791137695,5.649223097461079,0.0654490106544901,0.1400304414003044,summer-trafficable,winch assist advised,1
38778953,04,0.4759193699108042,1,0,1192,15.988091468811035,29.75080680847168,4.7651586329907145,0.06459731543624161,0.16275167785234898,summer-trafficable,winch assist advised,1
38778922,03,1.1155212233322713,1,0,2794,10.640416145324707,31.754613876342773,5.221120750918435,0.06370794559770938,0.1388690050107373,summer-trafficable,winch assist advised,1
3356767,04,0.6429591726317117,1,0,413,17.441492080688477,33.490516662597656,5.21170638515828,0.06295399515738499,0.23728813559322035,summer-trafficable,winch assist advised,1
38778837,04,1.811515708743206,1,0,4518,13.230241775512695,34.34358596801758,5.3744199413944855,0.06285967242142541,0.14519698981850376,summer-trafficable,winch assist advised,1
38778187,04,1.4229927458373646,1,0,3556,15.295980453491211,32.00660705566406,4.986334306300858,0.06271091113610798,0.14566929133858267,summer-trafficable,winch assist advised,1
3356758,,1.2212840415141326,0,0,1416,11.541626930236816,36.197959899902344,5.218951517272617,0.062146892655367235,0.14336158192090395,summer-trafficable,winch assist advised,1
38780072,03,0.5882994722121541,0,0,1472,8.298770904541016,38.665042877197266,5.428143808881424,0.06182065217391304,0.14198369565217392,summer-trafficable,winch assist advised,1
38778240,04,0.3973473470743047,1,0,998,18.257349014282227,50.946258544921875,4.520176326565964,0.061122244488977955,0.29458917835671344,summer-trafficable,winch assist advised,1
38778856,04,0.08771486758097663,0,1,219,25.157297134399414,46.9672966003418,4.5573393850678725,0.0593607305936073,0.6118721461187214,summer-trafficable,steep - review access,1
38780058,04,3.3232533429712894,1,0,8313,11.61396312713623,28.120309829711914,5.1400016513496665,0.058823529411764705,0.10369301094670998,summer-trafficable,winch assist advised,1
38778488,04,1.3754056522227667,1,0,3086,15.756354331970215,43.65760040283203,4.741574684514617,0.056707712248865845,0.21937783538561245,summer-trafficable,winch assist advised,1
38779163,04,0.4879537433413878,1,0,1222,10.300192832946777,34.375858306884766,5.160377399693251,0.05646481178396072,0.12684124386252046,summer-trafficable,winch assist advised,1
38778416,04,0.5602390441337566,1,0,1401,14.529967308044434,36.42786407470703,4.865780004426664,0.05638829407566024,0.20842255531763026,summer-trafficable,winch assist advised,1
38778950,04,0.45327712727218566,1,0,1136,14.493146896362305,38.24714279174805,4.764312019137759,0.056338028169014086,0.1698943661971831,summer-trafficable,winch assist advised,1
38778480,03,0.8301210818294305,1,0,108,17.607397079467773,34.20562744140625,4.571824729613881,0.05555555555555555,0.26851851851851855,summer-trafficable,winch assist advised,1
38779197,02,2.156267122740014,1,0,5391,10.88953971862793,30.999286651611328,5.167601299727357,0.05546280838434428,0.10220738267482841,summer-trafficable,winch assist advised,1
3356750,04,0.6759404659043142,1,0,1692,16.784744262695312,33.49839782714844,5.45155085036634,0.0549645390070922,0.21099290780141844,summer-trafficable,winch assist advised,1
38779212,04,1.0044962951530103,1,0,2502,12.992846488952637,32.72066879272461,4.873473753017577,0.054756195043964825,0.15347721822541965,summer-trafficable,winch assist advised,1
37127357,03,1.2052902708792494,1,0,3014,13.464760780334473,28.559432983398438,4.726866611827612,0.05474452554744526,0.1028533510285335,summer-trafficable,winch assist advised,1
38778347,04,1.2153835757816942,1,0,3039,18.74755096435547,50.185096740722656,4.841855554434096,0.05462323132609411,0.2563343205001645,summer-trafficable,winch assist advised,1
38778370,04,0.9714285351266699,1,0,2431,17.009483337402344,32.97901916503906,4.845504093616728,0.053887289181406825,0.24763471822295352,summer-trafficable,winch assist advised,1
38778458,04,0.5047210593290415,1,0,1262,17.43781280517578,38.51426696777344,5.215640393295649,0.05388272583201268,0.312202852614897,summer-trafficable,steep - review access,1
3356809,04,1.016172076830976,1,0,2538,14.034960746765137,27.865758895874023,4.900906552173871,0.05200945626477541,0.1020488573680063,summer-trafficable,winch assist advised,1
3356489,04,3.0219550255974728,1,0,7561,12.855743408203125,38.0084342956543,5.0677882458861,0.051977251686284885,0.13688665520433804,summer-trafficable,winch assist advised,1
37127347,03,1.5113265960439282,1,0,3781,10.883700370788574,31.58695411682129,4.764815115022794,0.05157365776249669,0.10552763819095477,summer-trafficable,winch assist advised,1
38778461,04,2.574888500186199,1,0,6428,11.9771089553833,30.78455924987793,5.081854410995696,0.05118232731798382,0.12492221530802738,summer-trafficable,winch assist advised,1
38778228,03,0.694633004418412,1,0,1730,13.770254135131836,34.047691345214844,5.138177663199129,0.050289017341040465,0.15260115606936417,summer-trafficable,winch assist advised,1
73210775,03,0.27122025819136414,1,0,677,13.798645973205566,41.266544342041016,4.756918182164761,0.050221565731166914,0.2038404726735598,summer-trafficable,winch assist advised,1
38778132,03,0.30544020384610215,1,0,764,11.755465507507324,28.870487213134766,4.667544791950058,0.049738219895287955,0.11518324607329843,summer-trafficable,winch assist advised,1
38778317,04,0.4735518609895061,1,0,1187,12.009057998657227,34.88794708251953,5.57095142381645,0.04970513900589722,0.10951979780960404,summer-trafficable,winch assist advised,1
38778482,03,0.6974098456951284,1,0,1650,12.070743560791016,27.577489852905273,4.760757851916725,0.0496969696969697,0.10121212121212121,summer-trafficable,winch assist advised,1
3358786,04,1.177874680092448,1,0,2946,14.851090431213379,28.098257064819336,5.0268621337792165,0.048879837067209775,0.1425661914460285,summer-trafficable,winch assist advised,1
38778288,04,0.887343325811569,1,0,2216,15.541269302368164,29.43186378479004,4.808497300868181,0.048736462093862815,0.13492779783393502,summer-trafficable,winch assist advised,1
38778670,03,0.4668942194891877,1,0,1171,12.336649894714355,27.496105194091797,5.1287871463501435,0.04867634500426986,0.11784799316823227,summer-trafficable,winch assist advised,1
38778186,04,0.9009613596965171,1,0,2250,14.537361145019531,36.72393798828125,4.9816332457741614,0.04844444444444444,0.12977777777777777,summer-trafficable,winch assist advised,1
38778399,03,0.2726475217093109,0,0,677,12.554712295532227,28.28849983215332,4.805714354067216,0.047267355982274745,0.155096011816839,summer-trafficable,winch assist advised,1
38778147,04,1.748388540537162,1,0,4368,14.774126052856445,32.322669982910156,4.747218903604448,0.04716117216117216,0.15224358974358973,summer-trafficable,winch assist advised,1
38778952,04,0.932584166717072,1,0,2329,17.482986450195312,39.259254455566406,4.862231486980753,0.04680120223271791,0.16530699871189353,summer-trafficable,winch assist advised,1
38778449,03,2.258355610584141,1,0,5644,13.014202117919922,28.533447265625,4.414278815477776,0.04677533664068037,0.10542168674698796,summer-trafficable,winch assist advised,1
38778853,04,0.7954001419152869,1,0,1991,12.13576889038086,33.91919708251953,4.866961586185121,0.045705675539929685,0.1341034655951783,summer-trafficable,winch assist advised,1
38778457,04,0.4653234245028255,1,0,1167,13.753015518188477,40.28350830078125,5.096621559528108,0.04541559554413025,0.1893744644387318,summer-trafficable,winch assist advised,1
38778566,04,0.46672816826143554,1,0,1170,11.890145301818848,35.7288818359375,5.606929059254309,0.044444444444444446,0.14017094017094017,summer-trafficable,winch assist advised,1
38778683,03,1.9353535549776668,0,1,4835,14.60547924041748,30.716529846191406,4.877401827342874,0.04426059979317477,0.12864529472595657,summer-trafficable,winch assist advised,1
37126399,04,1.2452809094576698,1,0,3117,16.60301399230957,34.633358001708984,4.998125493179567,0.04363169714469041,0.18318896374719282,summer-trafficable,winch assist advised,1
38779159,04,0.31014776050894405,1,0,771,9.989509582519531,38.59626770019531,6.214459724145625,0.042801556420233464,0.17380025940337224,summer-trafficable,winch assist advised,1
38778652,03,0.7847019071435564,1,0,1960,15.446098327636719,32.57598876953125,4.656998122261568,0.04183673469387755,0.15357142857142858,summer-trafficable,winch assist advised,1
38778368,04,0.5183152609048962,0,1,1291,13.087002754211426,35.814208984375,4.646218768785319,0.041828040278853604,0.15027110766847404,summer-trafficable,winch assist advised,1
38778149,04,1.3877898853004507,1,0,3476,14.962095260620117,33.81854248046875,4.783438857260594,0.041714614499424624,0.20281933256616802,summer-trafficable,winch assist advised,1
38779127,04,0.3802854657569504,0,1,950,16.15524673461914,28.114683151245117,5.185484416255402,0.04105263157894737,0.11578947368421053,summer-trafficable,winch assist advised,1
3356933,04,2.423676847560268,1,0,6057,13.831012725830078,30.081640243530273,4.750796809911614,0.04077926366187882,0.11292719167904904,summer-trafficable,winch assist advised,1
38779063,04,0.6372869805333964,0,1,1594,19.77596092224121,44.220191955566406,4.844946317103696,0.04077791718946048,0.2722710163111669,summer-trafficable,winch assist advised,1
38778702,04,1.7589966616900952,0,1,4401,14.306797981262207,29.61762237548828,4.827418100942313,0.04021813224267212,0.11020222676664394,summer-trafficable,winch assist advised,1
38778422,03,1.9270295649563056,1,0,4819,12.917424201965332,35.601165771484375,4.864787306347594,0.03880473127204814,0.1290724216642457,summer-trafficable,winch assist advised,1
38778469,04,0.2900470946628044,1,0,726,15.313220024108887,26.792375564575195,4.606627309173794,0.03856749311294766,0.10055096418732783,summer-trafficable,winch assist advised,1
38778885,03,0.18002327344333596,1,0,450,18.57118797302246,33.12113952636719,4.283439510776333,0.03777777777777778,0.3244444444444444,summer-trafficable,steep - review access,1
38778259,03,0.3842858722035831,1,0,963,12.932780265808105,33.17732238769531,4.7764482555987575,0.037383177570093455,0.11630321910695743,summer-trafficable,winch assist advised,1
38779262,03,0.7973791434126233,1,0,1989,14.541975975036621,37.32879638671875,4.8392179302013405,0.03720462543991956,0.18350930115635997,summer-trafficable,winch assist advised,1
38778707,04,0.6019521404380672,1,0,1515,17.864038467407227,34.851436614990234,4.689576427332612,0.036303630363036306,0.22112211221122113,summer-trafficable,winch assist advised,1
38778258,03,0.3992652384732864,1,0,999,12.835546493530273,33.723289489746094,4.748135098050412,0.036036036036036036,0.12612612612612611,summer-trafficable,winch assist advised,1
38778463,04,0.6754546938881546,1,0,1690,20.30693817138672,45.86888122558594,4.0592951049346695,0.03550295857988166,0.3390532544378698,summer-trafficable,steep - review access,1
38778428,04,0.5777530711791383,1,0,1450,14.791250228881836,34.4184455871582,5.124464367667902,0.03517241379310345,0.17310344827586208,summer-trafficable,winch assist advised,1
38778896,04,1.5686932314547162,1,0,3921,14.279935836791992,34.13924789428711,4.659850292296116,0.034940066309614895,0.12751849018107625,summer-trafficable,winch assist advised,1
38778754,04,0.27459158051433075,1,0,687,21.803770065307617,36.63710403442383,4.888524523479552,0.034934497816593885,0.3333333333333333,summer-trafficable,steep - review access,1
38778464,03,0.39045566369673107,1,0,975,20.688274383544922,44.79710006713867,4.759168578478968,0.03487179487179487,0.321025641025641,summer-trafficable,steep - review access,1
38778593,04,0.36995516453736754,1,0,918,16.836549758911133,29.519189834594727,5.04817057322967,0.034858387799564274,0.14161220043572983,summer-trafficable,winch assist advised,1
38778838,04,0.8419093854295161,1,0,2106,19.675472259521484,41.029624938964844,4.739236398044161,0.03418803418803419,0.24786324786324787,summer-trafficable,winch assist advised,1
38779091,04,0.7546403134983396,0,1,1883,14.99189567565918,28.635560989379883,5.03284964521746,0.033988316516197555,0.10037174721189591,summer-trafficable,winch assist advised,1
38779125,04,0.4025595404503747,0,1,1005,18.867876052856445,46.93082046508789,5.324932829467189,0.03383084577114428,0.38606965174129354,summer-trafficable,steep - review access,1
38778204,03,0.34673999615329865,1,0,862,14.29338264465332,29.10890007019043,5.159789181710666,0.033642691415313224,0.11600928074245939,summer-trafficable,winch assist advised,1
3356821,04,0.9295027290664047,1,0,2320,15.06301212310791,34.54022216796875,5.092760785976631,0.03362068965517241,0.1642241379310345,summer-trafficable,winch assist advised,1
3358971,04,0.7203801862649927,0,1,1800,14.193737983703613,39.04142379760742,4.433522905825254,0.03333333333333333,0.1527777777777778,summer-trafficable,winch assist advised,1
38778242,03,0.6170319081962753,1,0,1542,11.525542259216309,30.620075225830078,4.295474950221102,0.033073929961089495,0.10830090791180286,summer-trafficable,winch assist advised,1
38778740,04,0.3752124121616248,1,0,938,19.614187240600586,34.54191589355469,4.714415687141594,0.031982942430703626,0.23987206823027718,summer-trafficable,winch assist advised,1
38778756,04,0.4920160929673116,1,0,1230,19.20491600036621,28.690937042236328,4.890997914326541,0.03170731707317073,0.14227642276422764,summer-trafficable,winch assist advised,1
38778920,04,0.44243069338841834,1,0,1108,19.525897979736328,36.51461410522461,4.595576303340139,0.0315884476534296,0.2888086642599278,summer-trafficable,winch assist advised,1
3356803,04,1.3330470528847096,1,0,3334,17.17547607421875,34.15460205078125,4.316827617872259,0.03149370125974805,0.23185362927414518,summer-trafficable,winch assist advised,1
38778692,03,1.3651389255062856,1,0,3416,10.604727745056152,29.238636016845703,4.601320544365761,0.0313231850117096,0.10450819672131148,summer-trafficable,winch assist advised,1
38778716,,0.0901596890732703,0,0,226,13.158585548400879,37.484954833984375,3.9669298200059573,0.030973451327433628,0.16371681415929204,summer-trafficable,winch assist advised,1
17651598,04,2.36466769362463,1,0,4578,13.859158515930176,27.92644500732422,5.000785955028403,0.030799475753604193,0.1037570991699432,summer-trafficable,winch assist advised,1
38778265,03,0.8095698249425054,1,0,2023,15.651901245117188,41.1523551940918,4.380295606433461,0.03064755313890262,0.14928324270884824,summer-trafficable,winch assist advised,1
38779057,03,1.5154431678693097,0,1,3790,15.037468910217285,37.934913635253906,4.830678392360578,0.030606860158311346,0.20897097625329816,summer-trafficable,winch assist advised,1
3356778,04,1.4310093279552154,1,0,3570,15.697482109069824,27.441150665283203,4.316168240100877,0.03053221288515406,0.1165266106442577,summer-trafficable,winch assist advised,1
3356874,,0.6049025122237894,0,0,1517,16.7540225982666,32.47960662841797,4.152787321651207,0.03032300593276203,0.2860909690177983,summer-trafficable,winch assist advised,1
38778095,03,0.22680410251693142,0,0,564,10.459918975830078,29.51563262939453,5.283454125281769,0.030141843971631204,0.13829787234042554,summer-trafficable,winch assist advised,1
38778794,03,1.04195759866555,1,0,2602,13.5172119140625,33.59717559814453,4.719494345586349,0.02959262106072252,0.17832436587240585,summer-trafficable,winch assist advised,1
38778161,04,1.3785634919462397,1,0,3443,15.160565376281738,30.589012145996094,5.2801244703186345,0.02933488237002614,0.10049375544583213,summer-trafficable,winch assist advised,1
38778855,04,0.858513992883573,1,0,2146,21.737876892089844,48.258331298828125,4.559668087971459,0.02842497670083877,0.3527493010251631,summer-trafficable,steep - review access,1
38778732,03,0.7091715070047804,1,0,1777,15.247419357299805,32.60318374633789,4.904416031330048,0.027574563871693866,0.18401800787844683,summer-trafficable,winch assist advised,1
38778410,04,0.9496841074130669,1,0,2367,13.050288200378418,32.68928909301758,4.437074289578203,0.02746092099704267,0.13814955640050697,summer-trafficable,winch assist advised,1
37126398,03,9.628932874925967,1,0,24059,13.376941680908203,30.707069396972656,4.5274842909208575,0.02672596533521759,0.12165925433309781,summer-trafficable,winch assist advised,1
38779039,03,0.9287629722855849,1,0,2322,12.36549186706543,29.32249641418457,4.373518053982445,0.026701119724375538,0.13867355727820843,summer-trafficable,winch assist advised,1
26167295,04,0.5341613153292164,1,0,1333,16.448135375976562,27.901762008666992,4.176493702597264,0.02625656414103526,0.14103525881470366,summer-trafficable,winch assist advised,1
38779066,04,0.4720951670444145,0,1,1181,16.015544891357422,36.88665008544922,5.265140960451967,0.026248941574936496,0.21253175275190517,summer-trafficable,winch assist advised,1
38778877,04,0.8858272967549321,1,0,2216,14.476971626281738,28.149829864501953,4.717357636262063,0.026173285198555957,0.10965703971119134,summer-trafficable,winch assist advised,1
3356324,04,1.2411163532889453,1,0,3097,15.373916625976562,34.584774017333984,4.27965361182965,0.02583144979011947,0.19664191152728447,summer-trafficable,winch assist advised,1
38778313,04,1.2755987079343218,1,0,3186,17.422958374023438,35.26191329956055,4.299339336188908,0.025423728813559324,0.19930947897049592,summer-trafficable,winch assist advised,1
3356810,04,1.4680275193733712,1,0,2894,14.759687423706055,30.372756958007812,4.672614444152619,0.025224602626123013,0.11195577055977886,summer-trafficable,winch assist advised,1
38778366,04,0.4013700931385589,1,0,1003,18.565107345581055,32.99529266357422,5.038954261021496,0.024925224327018942,0.38584247258225324,summer-trafficable,steep - review access,1
38779101,03,0.4055398430631608,1,0,1016,9.04391098022461,28.4915771484375,4.355519227460691,0.024606299212598427,0.10236220472440945,summer-trafficable,winch assist advised,1
38778925,03,1.242962317848135,1,0,3110,14.006904602050781,36.703521728515625,4.684205997128791,0.024437299035369776,0.13987138263665594,summer-trafficable,winch assist advised,1
38778635,04,0.4633437635506044,1,0,1151,14.969869613647461,37.13410186767578,5.199110218056283,0.02432667245873154,0.14682884448305822,summer-trafficable,winch assist advised,1
38778287,04,1.9298541245370522,1,0,4835,15.589219093322754,31.48876190185547,4.6047761202279816,0.02419855222337125,0.1485005170630817,summer-trafficable,winch assist advised,1
38778373,04,0.8349294623410618,1,0,2087,21.272594451904297,41.61396026611328,4.956763890182002,0.023957834211787255,0.3962625778629612,summer-trafficable,steep - review access,1
38779029,04,2.5687720411553023,1,0,6418,17.789073944091797,34.463069915771484,4.772442403861337,0.023839202243689624,0.20208787784356497,summer-trafficable,winch assist advised,1
38778021,03,0.5400284245171292,1,0,1351,16.808931350708008,30.651371002197266,4.685388904256983,0.023686158401184307,0.12213175425610659,summer-trafficable,winch assist advised,1
38779236,04,0.752022138180356,0,1,1883,19.415584564208984,35.29729080200195,4.849606761985013,0.02336696760488582,0.2772172065852363,summer-trafficable,winch assist advised,1
3356837,04,0.5826154691144034,1,0,1456,13.854348182678223,40.11957931518555,4.054557883990368,0.023351648351648352,0.16414835164835165,summer-trafficable,winch assist advised,1
38778333,03,0.461998392734932,1,0,1157,17.48944854736328,37.41775894165039,4.072093383758841,0.023336214347450302,0.2601555747623163,summer-trafficable,winch assist advised,1
38778626,02,0.9094481470711527,0,0,2272,13.840847969055176,28.249719619750977,4.551587618744329,0.023327464788732395,0.10035211267605634,summer-trafficable,winch assist advised,1
38778473,03,0.42771841532541494,1,0,1063,16.512353897094727,38.04989242553711,4.1126507422992455,0.022577610536218252,0.2436500470366886,summer-trafficable,winch assist advised,1
38779232,04,0.21593214703063895,0,1,539,17.696842193603516,31.460983276367188,4.5773207846481885,0.022263450834879406,0.21521335807050093,summer-trafficable,winch assist advised,1
38778693,03,0.3785009489686098,1,0,946,13.826765060424805,29.794445037841797,4.8297310841034715,0.022198731501057084,0.16913319238900634,summer-trafficable,winch assist advised,1
38779098,04,1.2556911659851904,1,0,3145,15.709002494812012,37.65251922607422,4.443703899510321,0.021621621621621623,0.19236883942766295,summer-trafficable,winch assist advised,1
38778388,03,0.5353432404722667,1,0,1343,13.666902542114258,32.415836334228516,4.798492643152289,0.021593447505584513,0.11913626209977662,summer-trafficable,winch assist advised,1
38779059,04,0.37018474269750834,0,1,927,13.374626159667969,36.996337890625,4.663377337234051,0.021574973031283712,0.1574973031283711,summer-trafficable,winch assist advised,1
38778271,,0.3741219731516301,0,0,935,12.273130416870117,29.391401290893555,3.7484144303867293,0.0213903743315508,0.11550802139037433,summer-trafficable,winch assist advised,1
38778627,03,0.9623411704814303,1,0,2400,13.698044776916504,30.87497329711914,4.272786369337958,0.020833333333333332,0.10666666666666667,summer-trafficable,winch assist advised,1
3356907,04,1.059640164402481,1,0,2654,14.325039863586426,28.413558959960938,4.4618389593170695,0.020723436322532027,0.12170308967596082,summer-trafficable,winch assist advised,1
38778152,03,1.4781949854091139,1,0,3697,17.90599250793457,39.17495346069336,4.322266116286866,0.020557208547470923,0.20503110630240737,summer-trafficable,winch assist advised,1
38778658,03,0.7088564869235896,1,0,1764,11.563772201538086,29.21392250061035,4.5656319443503826,0.02040816326530612,0.1082766439909297,summer-trafficable,winch assist advised,1
3356881,04,1.297219101748131,1,0,3253,12.115734100341797,29.38800811767578,4.461265642022216,0.020288964033200123,0.11158930218260067,summer-trafficable,winch assist advised,1
38778643,03,0.37889578248979805,1,0,948,13.261287689208984,28.291967391967773,4.570498577221077,0.020042194092827006,0.13924050632911392,summer-trafficable,winch assist advised,1
38779090,04,0.5572202806350058,1,0,1402,16.19637680053711,31.289472579956055,4.873301580787976,0.019971469329529243,0.16191155492154066,summer-trafficable,winch assist advised,1
3356762,04,0.4002190795730803,1,0,1003,14.422486305236816,28.47823143005371,4.066317719305823,0.018943170488534396,0.12163509471585245,summer-trafficable,winch assist advised,1
38778697,04,0.7862980995851829,1,0,1970,14.776322364807129,31.19812774658203,4.966918217033579,0.018781725888324875,0.14416243654822336,summer-trafficable,winch assist advised,1
38778570,04,0.23620166134854484,1,0,592,19.24220085144043,35.21242904663086,4.795002180831805,0.018581081081081082,0.26182432432432434,summer-trafficable,winch assist advised,1
38778717,03,1.1680415393560537,0,1,2920,14.14500904083252,34.636863708496094,3.8094392977367812,0.018493150684931507,0.14417808219178083,summer-trafficable,winch assist advised,1
38778858,03,1.0626644518221364,1,0,2661,17.508834838867188,34.9980583190918,4.548639066459324,0.0184141300263059,0.23149192033070273,summer-trafficable,winch assist advised,1
3356727,04,1.2443734543040323,1,0,3107,17.03432846069336,34.711402893066406,4.403797676068087,0.018345671065336338,0.2111361441905375,summer-trafficable,winch assist advised,1
38778323,03,2.1133853286937323,1,0,5289,11.933876991271973,32.69279098510742,4.326233091520036,0.017961807525051995,0.11401020986954055,summer-trafficable,winch assist advised,1
3356743,04,0.8909422369325981,1,0,2223,15.473227500915527,34.90909194946289,4.437916894545763,0.017543859649122806,0.16914080071974807,summer-trafficable,winch assist advised,1
42842103,04,1.4232024958013363,1,0,1557,14.493324279785156,29.091951370239258,4.421268941404677,0.017341040462427744,0.12588310854206808,summer-trafficable,winch assist advised,1
38778136,03,1.0233071821950834,1,0,2558,13.336410522460938,28.948511123657227,4.440951199027206,0.017200938232994525,0.10789679437060204,summer-trafficable,winch assist advised,1
3356488,04,0.954271750463611,1,0,2387,22.903440475463867,42.583648681640625,4.82349947362757,0.01717637201508169,0.4147465437788018,summer-trafficable,steep - review access,1
38778321,03,0.35338604824162234,1,0,878,23.293161392211914,49.015037536621094,4.106134492596096,0.017084282460136675,0.37699316628701596,summer-trafficable,steep - review access,1
38779231,03,0.5695999485308209,1,0,1425,13.435586929321289,27.838069915771484,5.17759405355871,0.016842105263157894,0.11228070175438597,summer-trafficable,winch assist advised,1
38779054,03,2.2450732864811105,0,1,5614,11.806623458862305,34.99810028076172,4.590962246900677,0.016743854649091557,0.11987887424296402,summer-trafficable,winch assist advised,1
37127354,03,0.8941363455295288,1,0,2234,18.919843673706055,35.408451080322266,4.023843837547877,0.01656222023276634,0.3213965980304387,summer-trafficable,steep - review access,1
3356724,,0.4361818020777094,0,0,1093,14.79806900024414,29.161298751831055,3.890990635529384,0.01646843549862763,0.10064043915827996,summer-trafficable,winch assist advised,1
38779011,03,0.9626069293519733,0,1,2415,16.249074935913086,28.869544982910156,4.344837602178176,0.016149068322981366,0.105175983436853,summer-trafficable,winch assist advised,1
42841320,04,2.6664469402432074,1,0,558,13.570897102355957,56.948272705078125,4.500753337989485,0.016129032258064516,0.13261648745519714,summer-trafficable,winch assist advised,1
3356838,03,1.5626403625209166,1,0,3896,15.663504600524902,27.999441146850586,4.687096866116583,0.015657084188911704,0.12089322381930184,summer-trafficable,winch assist advised,1
38780070,04,0.36140043400669775,1,0,901,16.764934539794922,32.68913650512695,4.386006154920388,0.01553829078801332,0.22197558268590456,summer-trafficable,winch assist advised,1
38779032,04,1.1533874615534598,1,0,2887,18.07282829284668,41.341163635253906,4.390837966001591,0.015240734326290266,0.2774506408036024,summer-trafficable,winch assist advised,1
38778958,04,0.21320351023602208,1,0,532,15.892302513122559,29.077247619628906,4.003754417782179,0.015037593984962405,0.11466165413533834,summer-trafficable,winch assist advised,1
38779019,03,0.3993735766406661,1,0,998,13.657127380371094,38.47026062011719,4.245168721155929,0.01503006012024048,0.11022044088176353,summer-trafficable,winch assist advised,1
3356360,,0.5384385942308816,0,0,1344,14.3208589553833,31.566898345947266,3.8706392455376153,0.01488095238095238,0.12053571428571429,summer-trafficable,winch assist advised,1
38778307,04,0.2677142220876334,1,0,674,23.70939064025879,50.5047721862793,3.897632295613106,0.01483679525222552,0.37833827893175076,summer-trafficable,steep - review access,1
38778664,03,2.3862820825203865,1,0,5184,13.782561302185059,28.420940399169922,4.821206987225031,0.014660493827160493,0.10262345679012345,summer-trafficable,winch assist advised,1
39521419,03,0.2022484354116347,1,0,343,12.830191612243652,28.884904861450195,4.341214969665481,0.014577259475218658,0.10204081632653061,summer-trafficable,winch assist advised,1
38778297,03,0.3381547304358074,1,0,843,11.613242149353027,29.303226470947266,4.495083230108639,0.014234875444839857,0.1103202846975089,summer-trafficable,winch assist advised,1
38778680,,1.4709971790540168,0,1,3679,15.716036796569824,39.56761169433594,4.039079706250783,0.014134275618374558,0.2177222071215004,summer-trafficable,winch assist advised,1
38778881,04,0.8605623450776156,1,0,2149,13.53933334350586,32.44451904296875,4.228174773668621,0.013959981386691484,0.10516519311307584,summer-trafficable,winch assist advised,1
17651597,04,0.6745954115283753,1,0,1681,11.309425354003906,31.557619094848633,4.150459439134732,0.013682331945270671,0.11778703152885188,summer-trafficable,winch assist advised,1
38779034,,1.0705126523487904,0,0,2678,13.229724884033203,31.29509925842285,4.214316690622379,0.013069454817027632,0.12509335324869306,summer-trafficable,winch assist advised,1
38778322,04,0.89191814275846,1,0,2231,16.84374237060547,31.794658660888672,5.024383800603364,0.012998655311519497,0.17929179740026893,summer-trafficable,winch assist advised,1
38778013,03,0.9534175119027677,1,0,2385,13.503822326660156,33.91792297363281,4.61689360310213,0.0129979035639413,0.13417190775681342,summer-trafficable,winch assist advised,1
38778548,,1.317612174152493,0,0,3299,13.195333480834961,28.024757385253906,4.626417970182068,0.012731130645650197,0.12518945134889362,summer-trafficable,winch assist advised,1
38778945,03,0.9449361619072076,0,0,2368,23.098617553710938,40.726261138916016,3.8562187040863853,0.01266891891891892,0.46326013513513514,summer-trafficable,steep - review access,1
38778719,04,0.799218395991233,0,1,2005,13.66514778137207,36.70020294189453,4.382179752860262,0.012468827930174564,0.1690773067331671,summer-trafficable,winch assist advised,1
38778424,04,0.4568894079760142,1,0,1137,18.412748336791992,50.80483627319336,4.741354577913817,0.012313104661389622,0.2691292875989446,summer-trafficable,winch assist advised,1
38778332,,2.9881759132910575,0,0,7471,12.483530044555664,29.11435890197754,3.8343609875431817,0.012180430999866149,0.1254182840315888,summer-trafficable,winch assist advised,1
38778844,04,0.5270609418222161,1,0,1317,17.219593048095703,41.30615234375,4.681676977338902,0.012148823082763858,0.23614274867122248,summer-trafficable,winch assist advised,1
38778924,03,0.8597360268117465,1,0,2151,15.733870506286621,38.25210189819336,4.520938899340857,0.01208740120874012,0.19804741980474197,summer-trafficable,winch assist advised,1
38778698,04,2.9624708293545448,0,1,7395,13.807963371276855,28.646339416503906,4.227015902990624,0.011899932386747802,0.1015551048005409,summer-trafficable,winch assist advised,1
38778741,04,0.38570302147020136,1,0,964,23.803905487060547,35.57563018798828,4.23664052748256,0.011410788381742738,0.504149377593361,summer-trafficable,steep - review access,1
38779052,04,0.7354441875343285,0,1,1845,20.024776458740234,31.605314254760742,4.6653652266798735,0.011382113821138212,0.25257452574525746,summer-trafficable,winch assist advised,1
511479,03,0.9014315942054402,1,0,1527,15.173163414001465,28.728132247924805,4.8256252150031465,0.011132940406024885,0.12508185985592665,summer-trafficable,winch assist advised,1
38778413,03,1.3460687730587984,1,0,3366,18.235748291015625,28.756057739257812,4.721725661989118,0.010992275698158051,0.19786096256684493,summer-trafficable,winch assist advised,1
3356928,04,0.5867152854719174,1,0,1470,15.713334083557129,32.43202209472656,4.094214676694567,0.010884353741496598,0.18435374149659864,summer-trafficable,winch assist advised,1
38778467,04,0.833465962073594,1,0,2084,15.557677268981934,41.47295379638672,4.1323817865814965,0.010076775431861805,0.1813819577735125,summer-trafficable,winch assist advised,1
38778902,04,0.7957596113575657,1,0,1986,15.936315536499023,36.67446517944336,4.253418133501875,0.010070493454179255,0.20694864048338368,summer-trafficable,winch assist advised,1
38778840,03,2.311432648921314,0,0,5775,13.41356372833252,32.90861511230469,4.150468506302121,0.010043290043290043,0.132987012987013,summer-trafficable,winch assist advised,1
38778928,03,0.7016737314262788,1,0,1750,13.6389741897583,31.07476043701172,4.15118942578783,0.009714285714285713,0.12114285714285715,summer-trafficable,winch assist advised,1
38778306,04,0.9661523876180472,1,0,2422,19.55864143371582,39.673255920410156,4.742308211711228,0.009083402146985962,0.24360033030553263,summer-trafficable,winch assist advised,1
38778847,,0.22167925796122076,0,0,557,16.44776725769043,30.423490524291992,3.3445912679415417,0.008976660682226212,0.18850987432675045,summer-trafficable,winch assist advised,1
38778434,04,1.1762890939158812,1,0,2935,15.849159240722656,32.856021881103516,4.4913745950935695,0.008858603066439524,0.16286201022146507,summer-trafficable,winch assist advised,1
38778430,,8.297280533452327,0,0,20731,15.348511695861816,33.60981750488281,3.762892950515606,0.008730886112585018,0.18315566060489122,summer-trafficable,winch assist advised,1
38778162,04,0.8214703952940037,1,0,2061,18.534381866455078,29.50482177734375,3.9578790832524224,0.008248423095584668,0.18534691897137312,summer-trafficable,winch assist advised,1
38778447,,0.19504996195151228,0,0,487,18.803913116455078,37.86289978027344,3.3907640908794288,0.008213552361396304,0.2464065708418891,summer-trafficable,winch assist advised,1
38778303,,1.4894829032089274,0,0,3722,13.535991668701172,30.112937927246094,4.150843866623035,0.008060182697474477,0.11096184846856529,summer-trafficable,winch assist advised,1
38779250,03,0.7966000288231394,1,0,1990,13.682722091674805,33.59913635253906,4.6598142221592544,0.008040201005025126,0.12311557788944724,summer-trafficable,winch assist advised,1
38778192,04,0.3108005307692933,1,0,780,18.120723724365234,46.40634536743164,4.502190012177723,0.007692307692307693,0.27564102564102566,summer-trafficable,winch assist advised,1
38778181,04,0.4757728690669629,1,0,1191,17.363664627075195,33.683746337890625,3.8962155697856624,0.007556675062972292,0.22334172963895885,summer-trafficable,winch assist advised,1
3356732,04,0.7102818824779724,1,0,938,14.339360237121582,27.780054092407227,3.6846784906621552,0.007462686567164179,0.12046908315565032,summer-trafficable,winch assist advised,1
38778438,03,2.107853763007116,1,0,5266,12.371496200561523,28.006086349487305,3.7960494923399293,0.007406000759589822,0.10216483099126472,summer-trafficable,winch assist advised,1
38778892,03,0.8808580821853284,1,0,2198,17.376012802124023,41.915767669677734,3.704476960971982,0.007279344858962694,0.2643312101910828,summer-trafficable,winch assist advised,1
3356811,,0.8273176044832194,0,0,2063,15.925715446472168,34.559085845947266,3.74028032021792,0.007270964614638876,0.19340765874939408,summer-trafficable,winch assist advised,1
38778453,,2.0466470828733603,0,0,5117,16.2752685546875,33.51713180541992,3.8781868277799645,0.007230799296462771,0.19640414305256987,summer-trafficable,winch assist advised,1
38778644,03,0.33528752018649643,0,0,834,15.186919212341309,28.47032356262207,4.437650408603651,0.007194244604316547,0.11630695443645084,summer-trafficable,winch assist advised,1
38778213,,4.56589572337017,0,0,11409,11.796109199523926,30.27997398376465,3.9994177149615284,0.007099658164606889,0.10070996581646069,summer-trafficable,winch assist advised,1
38778850,03,2.4932679679678493,0,0,6232,12.836008071899414,31.771438598632812,4.446955071059815,0.00689987163029525,0.10253530166880616,summer-trafficable,winch assist advised,1
38780048,04,1.0557293596806607,1,0,2636,16.38618278503418,37.844581604003906,4.467753889169052,0.006828528072837633,0.19726858877086495,summer-trafficable,winch assist advised,1
38778845,04,1.630492834914203,1,0,4075,16.95839500427246,46.47719955444336,4.1832845470827715,0.006625766871165644,0.21226993865030674,summer-trafficable,winch assist advised,1
3356730,,0.7949688671472629,0,0,1991,14.308760643005371,30.255390167236328,3.6345232061292285,0.0065293822199899544,0.11401305876443998,summer-trafficable,winch assist advised,1
38778969,03,1.8044676575743823,1,0,4514,13.988757133483887,29.288883209228516,4.485318715886018,0.006202924235711121,0.11165263624280018,summer-trafficable,winch assist advised,1
38778836,03,1.5608116987993512,0,0,3905,12.842738151550293,30.34853172302246,4.110453179345488,0.006145966709346991,0.11139564660691421,summer-trafficable,winch assist advised,1
38779251,03,0.2618953617455518,1,0,658,17.857913970947266,35.201969146728516,4.9797341209143955,0.0060790273556231,0.16261398176291794,summer-trafficable,winch assist advised,1
38778318,04,0.3453978929294062,0,1,862,28.074708938598633,52.54893112182617,4.578593254644415,0.00580046403712297,0.5765661252900232,summer-trafficable,steep - review access,1
38778968,03,0.5548815439777157,1,0,1382,19.789140701293945,32.73867416381836,4.473716902449727,0.005788712011577424,0.21562952243125905,summer-trafficable,winch assist advised,1
38779058,04,0.3470359626009649,0,1,865,18.637117385864258,39.430870056152344,5.3301003949201515,0.005780346820809248,0.2658959537572254,summer-trafficable,winch assist advised,1
38778331,03,1.8895751259285087,1,0,4727,14.740395545959473,29.981731414794922,4.101674943839456,0.005711867992384176,0.13983499048022002,summer-trafficable,winch assist advised,1
38778241,,0.5297628895923707,0,0,1320,15.090743064880371,30.682323455810547,3.492737902816768,0.005303030303030303,0.16515151515151516,summer-trafficable,winch assist advised,1
38778180,03,0.529481898685794,1,0,1320,14.31275463104248,28.4405460357666,4.03872351836711,0.005303030303030303,0.12348484848484849,summer-trafficable,winch assist advised,1
38778803,03,2.4066902855129686,0,0,6017,18.093931198120117,36.82099914550781,3.554217611989374,0.0049858733588166865,0.2655808542463021,summer-trafficable,winch assist advised,1
38778328,,0.4064071098879727,0,1,1016,15.88547134399414,32.119266510009766,3.283009740767215,0.004921259842519685,0.17913385826771652,summer-trafficable,winch assist advised,1
38778895,03,0.16429169056506843,1,0,414,14.388891220092773,37.74045181274414,3.411502591349508,0.004830917874396135,0.21256038647342995,summer-trafficable,winch assist advised,1
38778344,04,0.9242275070138858,1,0,2313,16.601360321044922,33.227962493896484,4.828147701937862,0.004755728491137051,0.18893212278426286,summer-trafficable,winch assist advised,1
38778801,03,0.5074064941459506,1,0,1270,11.961195945739746,29.592039108276367,4.544188396168528,0.004724409448818898,0.10078740157480315,summer-trafficable,winch assist advised,1
3356739,,0.3411563884764286,0,0,850,15.305359840393066,41.41663360595703,3.990223442458476,0.004705882352941176,0.2,summer-trafficable,winch assist advised,1
38778151,,0.5257899837582488,0,0,1320,17.02503776550293,37.20423889160156,3.7794590759896156,0.004545454545454545,0.22272727272727272,summer-trafficable,winch assist advised,1
38779263,03,0.7162216327903743,1,0,1790,13.801734924316406,34.95138931274414,4.238957211740799,0.004469273743016759,0.13463687150837989,summer-trafficable,winch assist advised,1
3358845,03,0.8325371531924447,1,0,2073,13.43785572052002,31.258893966674805,4.208113704348652,0.004341534008683068,0.10660877954655089,summer-trafficable,winch assist advised,1
39521081,03,1.4372848889346548,0,0,694,11.173367500305176,28.04332160949707,4.120917021175531,0.004322766570605188,0.1037463976945245,summer-trafficable,winch assist advised,1
38778588,03,0.38327679988227475,1,0,956,11.971538543701172,45.20475769042969,3.9899060350088837,0.0041841004184100415,0.1412133891213389,summer-trafficable,winch assist advised,1
38778785,04,1.5705052622159763,0,1,3935,17.575469970703125,30.068639755249023,4.9432760086307255,0.0038119440914866584,0.1252858958068615,summer-trafficable,winch assist advised,1
38778324,,0.6414512977169371,0,0,1603,17.717023849487305,34.099761962890625,3.5917223905663653,0.0037429819089207735,0.22270742358078602,summer-trafficable,winch assist advised,1
3356447,04,2.741438859793146,1,0,6855,16.043283462524414,36.650726318359375,3.761397877423223,0.0036469730123997084,0.20072939460247993,summer-trafficable,winch assist advised,1
38779110,04,0.773082009229547,1,0,1936,20.327892303466797,35.8096923828125,3.9145123321597137,0.003615702479338843,0.37241735537190085,summer-trafficable,steep - review access,1
38778903,04,0.6648059477796057,1,0,1662,16.811744689941406,33.66783142089844,4.289307891915934,0.0036101083032490976,0.19855595667870035,summer-trafficable,winch assist advised,1
38778745,,1.0034356084594198,0,0,2507,15.42455768585205,43.78328323364258,4.333165446519624,0.0035899481451934583,0.16713203031511767,summer-trafficable,winch assist advised,1
38778704,03,0.9004953964526118,1,0,2248,16.955516815185547,34.64765930175781,3.6830497850869475,0.0035587188612099642,0.17304270462633453,summer-trafficable,winch assist advised,1
38778868,04,1.021559482506585,1,0,2546,25.33191680908203,35.349998474121094,4.002741927517365,0.003534956794972506,0.6186174391201885,summer-trafficable,steep - review access,1
38778814,,0.4870830684386276,0,0,1214,23.463653564453125,33.83171844482422,4.756658189969553,0.0032948929159802307,0.471169686985173,summer-trafficable,steep - review access,1
38778412,,3.287830466022295,0,0,8222,12.907873153686523,30.779401779174805,3.984960553979207,0.0031622476283142786,0.11858428606178545,summer-trafficable,winch assist advised,1
38779087,04,3.050370501023807,1,0,7630,13.89766788482666,29.146900177001953,4.115941656912592,0.003145478374836173,0.11310615989515072,summer-trafficable,winch assist advised,1
38778426,,2.3122677703888965,0,0,5786,13.126679420471191,30.356908798217773,4.022751367838508,0.0031109574835810577,0.13878326996197718,summer-trafficable,winch assist advised,1
38778299,,1.3077157979578833,0,0,3270,15.856281280517578,39.40573501586914,3.9602915546761754,0.0030581039755351682,0.19694189602446482,summer-trafficable,winch assist advised,1
38778367,,3.160149558879892,0,0,7904,17.92182731628418,38.72884750366211,3.583413202855481,0.003036437246963563,0.26720647773279355,summer-trafficable,winch assist advised,1
38778699,03,0.40328002026167914,0,1,1012,14.824797630310059,30.675006866455078,3.700985533137199,0.0029644268774703555,0.12549407114624506,summer-trafficable,winch assist advised,1
38779071,04,0.4151354206401248,0,1,1036,26.30982208251953,49.82781219482422,4.299844219651956,0.0028957528957528956,0.5772200772200772,summer-trafficable,steep - review access,1
38778312,,0.6995505534461366,0,0,1748,14.128918647766113,29.451507568359375,3.7680234550298892,0.002860411899313501,0.13844393592677345,summer-trafficable,winch assist advised,1
38778485,,3.8845874504883735,0,0,4350,11.531949043273926,31.168542861938477,4.094088175234896,0.002758620689655172,0.10827586206896551,summer-trafficable,winch assist advised,1
38778872,03,0.2962947936508147,1,0,740,28.507553100585938,46.726409912109375,4.375420360693131,0.002702702702702703,0.722972972972973,summer-trafficable,steep - review access,1
38779061,03,1.0479273428885527,0,1,2625,23.986604690551758,62.23225021362305,3.727286157876684,0.0026666666666666666,0.40076190476190476,summer-trafficable,steep - review access,1
38778923,,4.091863347334439,0,0,10227,19.618885040283203,41.139610290527344,3.666343600785724,0.0026400704018773834,0.31084384472474824,summer-trafficable,steep - review access,1
38779106,04,0.30892573618240377,1,0,772,17.394851684570312,38.65712356567383,4.297857404620508,0.0025906735751295338,0.2344559585492228,summer-trafficable,winch assist advised,1
38778196,,1.580367674315432,0,0,3952,17.71784210205078,38.006107330322266,3.7230182842362503,0.0025303643724696357,0.2611336032388664,summer-trafficable,winch assist advised,1
38778156,,0.9696648328807381,0,0,2419,14.038948059082031,30.66023826599121,3.6944701607345363,0.0024803637866887144,0.1322860686233981,summer-trafficable,winch assist advised,1
38778429,,0.32477075855589765,0,1,814,17.321683883666992,36.93434524536133,3.633533250805743,0.002457002457002457,0.2199017199017199,summer-trafficable,winch assist advised,1
38779104,03,1.3335630271735384,1,0,3332,13.499287605285645,31.74056053161621,4.102413018587049,0.0024009603841536613,0.1371548619447779,summer-trafficable,winch assist advised,1
38778392,,0.35225572403868566,0,0,876,15.531298637390137,29.288339614868164,3.7196779069774033,0.00228310502283105,0.17009132420091325,summer-trafficable,winch assist advised,1
37127359,03,1.422932909911693,1,0,3560,16.64371681213379,42.290950775146484,3.7989655826917135,0.0022471910112359553,0.18567415730337078,summer-trafficable,winch assist advised,1
38778852,03,0.9349253207158855,1,0,2339,15.68906307220459,35.5841064453125,4.347945288042076,0.0021376656690893546,0.1368106028217187,summer-trafficable,winch assist advised,1
38778815,,0.5623939750740496,0,0,1406,24.81361198425293,52.47576141357422,3.88087946775473,0.0021337126600284497,0.47652916073968704,summer-trafficable,steep - review access,1
38778939,04,0.9401311710992417,1,0,2353,16.17194366455078,28.676666259765625,4.678397704068343,0.0021249468763280916,0.20951976200594985,summer-trafficable,winch assist advised,1
38778446,03,0.1895660961367622,1,0,472,16.121492385864258,45.44831085205078,4.084268341842103,0.00211864406779661,0.2076271186440678,summer-trafficable,winch assist advised,1
38778834,,1.02411469534021,0,0,2563,14.577402114868164,28.905838012695312,4.2869014162476375,0.0019508388607101053,0.20327740928599297,summer-trafficable,winch assist advised,1
38778337,,0.20624272125069706,0,0,513,20.129243850708008,34.905025482177734,3.1004651664132825,0.001949317738791423,0.35282651072124754,summer-trafficable,steep - review access,1
38778848,03,0.8524184415675172,1,0,2128,13.766478538513184,28.148006439208984,4.009601599318515,0.0018796992481203006,0.11513157894736842,summer-trafficable,winch assist advised,1
38778581,03,0.22205430363367337,1,0,551,15.638277053833008,36.42312240600586,4.024560893883063,0.0018148820326678765,0.21052631578947367,summer-trafficable,winch assist advised,1
38779031,03,4.233350166625661,1,0,10588,13.793581008911133,30.9939022064209,4.241925508058083,0.0017944843218738193,0.12759727993955422,summer-trafficable,winch assist advised,1
3356906,Y1,1.5995100616879157,1,0,3999,14.51249885559082,34.26576614379883,4.030839826696313,0.0017504376094023505,0.1870467616904226,summer-trafficable,winch assist advised,1
38778390,,0.4655341877460305,0,0,1163,13.315764427185059,37.16789627075195,3.5734267371252626,0.0017196904557179708,0.1461736887360275,summer-trafficable,winch assist advised,1
38778821,03,1.6848876263499355,1,0,4205,20.22446060180664,42.612606048583984,4.110234940970247,0.0016646848989298453,0.3400713436385256,summer-trafficable,steep - review access,1
38778544,03,0.775385856792282,0,1,1936,27.75201988220215,46.60968017578125,3.785233737765116,0.0015495867768595042,0.5976239669421488,summer-trafficable,steep - review access,1
38778212,,0.2623323367304217,0,0,656,13.932628631591797,32.129520416259766,3.5665158188618977,0.001524390243902439,0.13719512195121952,summer-trafficable,winch assist advised,1
38778224,,0.5321196804750973,0,0,1330,13.775763511657715,33.23309326171875,3.7680254972602154,0.0015037593984962407,0.12330827067669173,summer-trafficable,winch assist advised,1
38778918,04,0.8066016685077231,1,0,2017,14.216318130493164,32.19664764404297,4.191891893693113,0.001487357461576599,0.16360932077342588,summer-trafficable,winch assist advised,1
38778498,04,0.5562247100028047,1,0,1388,18.088268280029297,32.989898681640625,4.049365489262676,0.001440922190201729,0.1930835734870317,summer-trafficable,winch assist advised,1
42842101,04,2.7005311600819693,1,0,1406,12.963332176208496,32.79478073120117,3.6653362626156563,0.001422475106685633,0.1287339971550498,summer-trafficable,winch assist advised,1
38779062,03,1.1460035470752246,1,0,2860,14.19316291809082,29.48160171508789,3.9337598449287783,0.0013986013986013986,0.11748251748251748,summer-trafficable,winch assist advised,1
38778375,03,0.8697657028909059,1,0,2180,15.723897933959961,30.375213623046875,4.210871352598745,0.0013761467889908258,0.18807339449541285,summer-trafficable,winch assist advised,1
38778791,03,0.29090338599214327,0,0,735,14.45036792755127,46.11778259277344,3.955911996180822,0.0013605442176870747,0.1251700680272109,summer-trafficable,winch assist advised,1
38778983,03,0.2949063540376976,1,0,742,15.9444580078125,43.89047622680664,3.6793791331924393,0.0013477088948787063,0.23450134770889489,summer-trafficable,winch assist advised,1
3356804,,0.9093328553950025,0,0,2272,18.513050079345703,42.13247299194336,3.5740548236329026,0.0013204225352112676,0.2860915492957746,summer-trafficable,winch assist advised,1
3356530,03,1.8643667877618801,1,0,4660,19.622915267944336,37.619720458984375,4.531864211286298,0.0012875536480686696,0.29227467811158797,summer-trafficable,winch assist advised,1
3356865,04,0.31726762798358554,1,0,792,17.530759811401367,33.5085334777832,4.061003150770366,0.0012626262626262627,0.23863636363636365,summer-trafficable,winch assist advised,1
38779114,04,0.6536077312891985,0,1,1632,25.883588790893555,43.03249740600586,3.9578670794348105,0.0012254901960784314,0.5551470588235294,summer-trafficable,steep - review access,1
38778178,04,0.6536694359981348,0,1,1633,36.816856384277344,64.46634674072266,3.301691992472409,0.001224739742804654,0.7960808328230251,summer-trafficable,steep - review access,1
38778757,03,0.33875634091918133,0,0,849,21.615793228149414,36.66537094116211,3.858402191786343,0.001177856301531213,0.2673733804475854,summer-trafficable,winch assist advised,1
3358828,04,0.7458846630869914,1,0,1868,14.141355514526367,32.05440902709961,3.908604799815796,0.0010706638115631692,0.13704496788008566,summer-trafficable,winch assist advised,1
38778575,04,0.7490581366806429,1,0,1869,13.54519271850586,28.9099178314209,3.937169092574853,0.001070090957731407,0.10379882289994649,summer-trafficable,winch assist advised,1
38778897,03,0.38104211020017903,1,0,950,16.475584030151367,37.10899353027344,3.497104742290494,0.0010526315789473684,0.18526315789473685,summer-trafficable,winch assist advised,1
38778761,04,0.38873940948672053,1,0,974,14.55977725982666,27.7148380279541,5.108222286267904,0.001026694045174538,0.10882956878850103,summer-trafficable,winch assist advised,1
38778462,04,0.39167018027286815,1,0,977,21.554311752319336,50.17262268066406,4.229682700704691,0.0010235414534288639,0.3132036847492323,summer-trafficable,steep - review access,1
38778195,04,1.1806713461449898,1,0,2954,14.025579452514648,30.19598960876465,4.270062141560294,0.001015572105619499,0.1066350710900474,summer-trafficable,winch assist advised,1
38778456,03,0.7905494777830079,1,0,1975,18.40608787536621,29.656789779663086,4.160340831346896,0.0010126582278481013,0.20050632911392405,summer-trafficable,winch assist advised,1
43625616,,0.7965335897707855,0,0,1994,17.382003784179688,38.68901443481445,3.666959316337345,0.0010030090270812437,0.18956870611835505,summer-trafficable,winch assist advised,1
38779198,,0.4103787377417191,0,0,1030,14.620414733886719,32.00992965698242,3.9598390179322793,0.000970873786407767,0.15922330097087378,summer-trafficable,winch assist advised,1
38778656,,2.062007487934567,0,0,5155,22.22051239013672,43.287376403808594,3.401820200160564,0.0009699321047526673,0.36838021338506305,summer-trafficable,steep - review access,1
38778083,03,1.692666815014959,1,0,4233,17.933189392089844,31.362730026245117,4.386373928836062,0.0009449562957713206,0.2553744389321994,summer-trafficable,winch assist advised,1
38778851,04,0.4570980449627183,1,0,1143,18.848770141601562,31.8546142578125,5.511589745085901,0.0008748906386701663,0.2554680664916885,summer-trafficable,winch assist advised,1
38778420,04,0.4979328887862168,1,0,1235,19.25179672241211,38.7108268737793,4.556036657071919,0.0008097165991902834,0.291497975708502,summer-trafficable,winch assist advised,1
3355113,04,0.4972858169439088,1,0,1244,20.738113403320312,44.39308547973633,4.161128258053727,0.0008038585209003215,0.3512861736334405,summer-trafficable,steep - review access,1
38779027,,1.5941905341193225,0,0,3981,13.363886833190918,30.0617618560791,4.078669573866332,0.0007535795026375283,0.10826425521225823,summer-trafficable,winch assist advised,1
38778818,04,0.5383208683394061,1,0,1344,20.7320499420166,33.11270523071289,5.262764350418711,0.000744047619047619,0.24553571428571427,summer-trafficable,winch assist advised,1
3356791,04,0.5433800094621289,1,0,1356,23.692296981811523,48.18539047241211,3.5235676110653698,0.0007374631268436578,0.4756637168141593,summer-trafficable,steep - review access,1
38778804,03,0.582751052982474,0,0,1453,23.848529815673828,55.01622009277344,3.8328357128102963,0.0006882312456985547,0.3764624913971094,summer-trafficable,steep - review access,1
38779115,04,1.7914968350671425,1,0,4482,16.314390182495117,36.159156799316406,4.008110170741519,0.0006693440428380187,0.14100847835787594,summer-trafficable,winch assist advised,1
38778706,03,0.6345637498102544,1,0,1586,28.525442123413086,44.136619567871094,4.1088743600723046,0.0006305170239596469,0.6488020176544766,summer-trafficable,steep - review access,1
38778796,03,0.6405723385163434,1,0,1608,14.120553016662598,30.589975357055664,4.3970644942647015,0.0006218905472636816,0.1654228855721393,summer-trafficable,winch assist advised,1
38779088,04,1.3100042881786642,1,0,3270,18.833372116088867,33.57505798339844,4.780234581606155,0.0006116207951070336,0.22385321100917432,summer-trafficable,winch assist advised,1
38778916,03,0.6708775105580761,1,0,1676,15.18315601348877,33.60527801513672,3.691221773848238,0.0005966587112171838,0.20704057279236276,summer-trafficable,winch assist advised,1
38778955,03,0.6731108104677143,0,0,1685,16.405048370361328,30.788719177246094,3.579547275515647,0.0005934718100890207,0.2195845697329377,summer-trafficable,winch assist advised,1
38778292,,0.6926943170752811,0,0,1729,15.002114295959473,36.320960998535156,3.567759029954341,0.000578368999421631,0.16367842683632158,summer-trafficable,winch assist advised,1
38779096,,1.4273179279543216,0,0,3564,15.379319190979004,35.60670852661133,3.7585685580461914,0.0005611672278338945,0.18069584736251404,summer-trafficable,winch assist advised,1
38778465,03,0.7726153952378042,1,0,1932,15.29000473022461,40.02045440673828,3.7961700582865263,0.0005175983436853002,0.234472049689441,summer-trafficable,winch assist advised,1
38778500,03,0.9411276496888887,1,0,2360,16.47687339782715,35.147029876708984,3.5223125489603757,0.000423728813559322,0.22542372881355932,summer-trafficable,winch assist advised,1
38780071,03,0.9545841513866932,1,0,2388,16.052886962890625,33.21034240722656,3.7838786678443705,0.0004187604690117253,0.18676716917922948,summer-trafficable,winch assist advised,1
38779254,03,1.0181545446538556,1,0,2547,17.07779884338379,34.050331115722656,4.250623827133806,0.00039261876717707107,0.15940321947389086,summer-trafficable,winch assist advised,1
38778459,,3.065753607952698,0,1,7668,18.05660057067871,36.78493881225586,3.72366850669152,0.0003912363067292645,0.25599895670318207,summer-trafficable,winch assist advised,1
38778417,,1.1436371888694368,0,0,2849,16.34737205505371,38.92547607421875,3.5442172462788593,0.000351000351000351,0.21691821691821692,summer-trafficable,winch assist advised,1
38778296,04,1.2701548479609668,1,0,3173,20.829282760620117,41.752681732177734,4.610240915136813,0.0003151591553734636,0.29624960605105577,summer-trafficable,winch assist advised,1
38778451,,1.3015387373404457,0,0,3266,14.531023025512695,29.46215057373047,3.6703938672335834,0.0003061849357011635,0.13319044703000613,summer-trafficable,winch assist advised,1
38778949,03,0.2604210853038098,0,0,654,34.44609451293945,48.59006881713867,3.0111930650335257,0.0,0.9036697247706422,summer-trafficable,steep - review access,1
38778315,04,0.36625090678994604,1,0,918,30.89031982421875,44.61965560913086,4.057256304772461,0.0,0.8867102396514162,summer-trafficable,steep - review access,1
38780076,,0.9068767666417672,0,0,2261,34.423179626464844,56.21974563598633,3.9786281761950977,0.0,0.8509509066784608,summer-trafficable,steep - review access,1
38778835,04,0.5334670555843318,1,0,1329,30.940902709960938,52.90910339355469,4.597255261057758,0.0,0.7953348382242288,summer-trafficable,steep - review access,1
3356792,04,0.2619654138778703,1,0,657,33.14665222167969,54.10306167602539,3.4889151402885332,0.0,0.7808219178082192,summer-trafficable,steep - review access,1
3356735,04,0.2640534103864684,1,0,660,32.085365295410156,51.220947265625,3.7176639489649874,0.0,0.7696969696969697,summer-trafficable,steep - review access,1
73246343,04,0.1920083514996922,0,1,482,31.64137077331543,49.41659927368164,3.471708151756864,0.0,0.7572614107883817,summer-trafficable,steep - review access,1
73246371,,0.13740666390467313,0,1,346,34.96650314331055,57.687374114990234,3.1918254739028566,0.0,0.7543352601156069,summer-trafficable,steep - review access,1
38779070,03,0.6800299037842281,0,1,1700,35.424522399902344,59.755088806152344,3.683647971755533,0.0,0.721764705882353,summer-trafficable,steep - review access,1
38778871,03,0.30751892520924495,1,0,769,31.197532653808594,56.9931526184082,4.187485969853957,0.0,0.6957087126137841,summer-trafficable,steep - review access,1
38779352,,1.4728756949021566,0,0,365,31.481224060058594,53.4451904296875,3.7270822021701364,0.0,0.663013698630137,summer-trafficable,steep - review access,1
38778144,,0.2629569542581222,0,1,659,33.16935348510742,65.0994873046875,2.9655790594900995,0.0,0.6555386949924128,summer-trafficable,steep - review access,1
38778185,04,0.5810303680937401,1,0,1452,27.049592971801758,40.17413330078125,3.674019593620692,0.0,0.6294765840220385,summer-trafficable,steep - review access,1
38780061,,0.3189668591831674,0,0,800,26.357088088989258,42.150211334228516,2.7833322340729443,0.0,0.58125,summer-trafficable,steep - review access,1
38778184,04,0.18492747774259666,1,0,460,29.966686248779297,58.37846374511719,3.7755895877708268,0.0,0.5782608695652174,summer-trafficable,steep - review access,1
38778997,04,1.866394985000512,0,0,471,23.870742797851562,30.64457893371582,4.159185119929555,0.0,0.5753715498938429,summer-trafficable,steep - review access,1
38779111,04,0.19312461880054851,1,0,484,26.043807983398438,40.467525482177734,3.8887635238018072,0.0,0.5516528925619835,summer-trafficable,steep - review access,1
38778442,,0.25017235377707236,0,1,629,22.939289093017578,36.978458404541016,3.2605338803347546,0.0,0.5230524642289348,summer-trafficable,steep - review access,1
38778302,04,0.23681970805622085,0,1,595,30.8287296295166,57.34947967529297,3.6109340429634953,0.0,0.5142857142857142,summer-trafficable,steep - review access,1
38778901,04,0.26875305685624973,1,0,670,26.57833480834961,51.2391471862793,3.5944848099742326,0.0,0.4880597014925373,summer-trafficable,steep - review access,1
38779015,04,1.4115892195910682,1,0,3529,24.996543884277344,43.74409484863281,4.28199898751128,0.0,0.4814395012751488,summer-trafficable,steep - review access,1
38779234,03,0.14532752736674107,0,1,367,22.79067039489746,44.95534896850586,3.086533174190917,0.0,0.46321525885558584,summer-trafficable,steep - review access,1
38779009,03,0.2324050536955836,0,0,581,24.30007553100586,44.358951568603516,3.961032082816629,0.0,0.45611015490533563,summer-trafficable,steep - review access,1
38778443,,0.46226946133226093,0,0,1157,24.179367065429688,50.389320373535156,3.0961718341172393,0.0,0.4399308556611927,summer-trafficable,steep - review access,1
38778371,04,0.3312138853149509,1,0,828,23.03058433532715,37.34682083129883,3.9989963596584546,0.0,0.4178743961352657,summer-trafficable,steep - review access,1
38778319,,0.9724408947470587,0,1,2432,21.134876251220703,34.449119567871094,3.4190104280823412,0.0,0.3984375,summer-trafficable,steep - review access,1
26167818,03,0.18795418850832138,1,0,470,21.085636138916016,41.50815200805664,3.706776454967809,0.0,0.39787234042553193,summer-trafficable,steep - review access,1
38778898,02,0.42586246089424085,0,0,1067,21.952150344848633,43.31625747680664,3.4198942566980173,0.0,0.3898781630740394,summer-trafficable,steep - review access,1
38778540,03,0.5687574174987852,1,0,1421,21.908111572265625,36.895145416259766,4.142190576021822,0.0,0.3856439127375088,summer-trafficable,steep - review access,1
38779109,03,0.4204633628020694,1,0,1049,23.15583610534668,45.54202651977539,4.040558047192721,0.0,0.3822688274547188,summer-trafficable,steep - review access,1
3359010,,0.4986782010376964,0,1,1246,21.28529167175293,48.887359619140625,3.238040322234944,0.0,0.3812199036918138,summer-trafficable,steep - review access,1
38778951,03,0.423929929206651,1,0,1058,22.654884338378906,42.52208709716797,3.716504999550229,0.0,0.3809073724007561,summer-trafficable,steep - review access,1
38780054,,0.30574128950283264,0,0,761,22.719160079956055,48.75619888305664,3.1375373537091673,0.0,0.37582128777923784,summer-trafficable,steep - review access,1
38778753,04,0.46351183076847147,1,0,1150,23.537036895751953,34.827354431152344,4.107531366891707,0.0,0.37478260869565216,summer-trafficable,steep - review access,1
38778708,04,0.17591317513502217,1,0,438,22.719141006469727,46.39540481567383,3.6621193404558063,0.0,0.365296803652968,summer-trafficable,steep - review access,1
38778870,03,0.3951423425252732,1,0,988,25.05582046508789,53.311866760253906,5.023064419492887,0.0,0.3643724696356275,summer-trafficable,steep - review access,1
38778188,04,0.23733640641038914,1,0,591,23.634740829467773,36.990325927734375,3.7302012086595613,0.0,0.36209813874788493,summer-trafficable,steep - review access,1
38778522,03,0.4758622646292088,1,0,1189,17.379077911376953,30.485361099243164,3.8098907927302297,0.0,0.3423044575273339,summer-trafficable,steep - review access,1
38778471,,0.31342143978920983,0,0,784,20.873388290405273,48.304161071777344,3.4821093032081416,0.0,0.3380102040816326,summer-trafficable,steep - review access,1
38778300,04,0.28049308930619066,1,0,698,23.553119659423828,53.67598342895508,4.302150593549737,0.0,0.335243553008596,summer-trafficable,steep - review access,1
38778854,03,0.4716613375827082,1,0,1178,20.142562866210938,40.434444427490234,3.88143536240237,0.0,0.3302207130730051,summer-trafficable,steep - review access,1
38778846,04,1.2765159013255727,1,0,3186,20.72014045715332,34.9343376159668,4.469738916255297,0.0,0.32423101067168864,summer-trafficable,steep - review access,1
38778666,,0.4641103296766969,0,0,1162,19.676437377929688,39.50908660888672,3.2177463458323836,0.0,0.32013769363166955,summer-trafficable,steep - review access,1
38778402,,0.24573316317437044,0,0,616,20.83291244506836,43.4818229675293,3.1062654901011215,0.0,0.31655844155844154,summer-trafficable,steep - review access,1
38778487,04,1.3903015927263707,1,0,958,20.34099006652832,40.77052307128906,4.2469196155405555,0.0,0.31419624217118997,summer-trafficable,steep - review access,1
38778668,,0.9657443799665232,0,0,2412,18.702919006347656,40.691070556640625,3.5052463745496456,0.0,0.310530679933665,summer-trafficable,steep - review access,1
38779068,04,0.6310476358161855,0,1,1572,19.640979766845703,38.507667541503906,3.7947499661108584,0.0,0.30788804071246817,summer-trafficable,steep - review access,1
38779324,03,0.5535311732504911,0,0,1381,19.290729522705078,37.50724792480469,3.8792129252478262,0.0,0.30340333091962346,summer-trafficable,steep - review access,1
38778489,,0.2775699849573096,0,0,639,19.123781204223633,40.849365234375,3.023511094534574,0.0,0.29890453834115804,summer-trafficable,winch assist advised,1
38778884,03,0.6829248644721639,1,0,1706,19.81085205078125,40.13124465942383,3.2530713324167406,0.0,0.2901524032825322,summer-trafficable,winch assist advised,1
38778572,03,0.21255268404720792,0,0,530,18.793142318725586,35.1213264465332,3.928364718509929,0.0,0.2849056603773585,summer-trafficable,winch assist advised,1
38778499,,0.2908303138332221,0,0,729,19.35107421875,39.41950607299805,3.1616968123189833,0.0,0.2784636488340192,summer-trafficable,winch assist advised,1
38778795,03,0.4552320807492928,0,0,1138,19.23965835571289,36.241554260253906,3.957227789513706,0.0,0.27680140597539543,summer-trafficable,winch assist advised,1
38778143,,0.11966063559589035,0,0,294,18.12733268737793,28.54528045654297,3.101590842947719,0.0,0.2755102040816326,summer-trafficable,winch assist advised,1
38778705,04,0.21559343093896519,1,0,541,18.854663848876953,35.06370162963867,4.510105956160095,0.0,0.2735674676524954,summer-trafficable,winch assist advised,1
38778758,04,0.19353291347962526,1,0,481,20.35247802734375,36.74274826049805,4.059855504385311,0.0,0.27234927234927236,summer-trafficable,winch assist advised,1
38778569,03,0.42298804990623995,1,0,1060,18.54308319091797,36.1386833190918,3.793596139014129,0.0,0.2679245283018868,summer-trafficable,winch assist advised,1
38778663,,0.8072675252994029,0,0,166,18.35468292236328,39.5482177734375,2.8946834264790127,0.0,0.26506024096385544,summer-trafficable,winch assist advised,1
38779123,03,0.26796646410295144,1,0,672,18.357547760009766,40.844940185546875,3.907902637359792,0.0,0.2648809523809524,summer-trafficable,winch assist advised,1
38778935,03,0.23434276230066525,0,0,588,17.666345596313477,37.28057861328125,3.1367299701685125,0.0,0.2585034013605442,summer-trafficable,winch assist advised,1
39521388,04,1.341525228413495,1,0,955,18.742351531982422,31.67798614501953,4.416045643366324,0.0,0.23455497382198953,summer-trafficable,winch assist advised,1
38778342,,0.20374088301295676,0,0,508,19.708898544311523,33.26940155029297,2.9456450706721737,0.0,0.234251968503937,summer-trafficable,winch assist advised,1
38778755,04,0.45180096236537154,1,0,1128,18.861722946166992,30.512245178222656,4.899119668605561,0.0,0.23315602836879432,summer-trafficable,winch assist advised,1
38778230,,0.27785011561579226,0,0,694,20.20882225036621,27.21784210205078,4.071040565771664,0.0,0.23054755043227665,summer-trafficable,winch assist advised,1
38780069,04,0.7147499395021678,1,0,1787,17.809450149536133,28.503047943115234,4.341008436780205,0.0,0.22831561275881365,summer-trafficable,winch assist advised,1
38779010,03,0.6987524666411065,1,0,1748,16.69162368774414,28.882789611816406,4.7291065746688945,0.0,0.22654462242562928,summer-trafficable,winch assist advised,1
38778320,,0.8914941910489004,0,0,2225,16.52790069580078,36.07127380371094,3.6916747795301155,0.0,0.22112359550561797,summer-trafficable,winch assist advised,1
38778568,03,0.39353670996535217,1,0,981,19.98087501525879,43.20253372192383,4.137911003067651,0.0,0.2161060142711519,summer-trafficable,winch assist advised,1
38778900,02,0.7040896019476366,1,0,1754,17.90481948852539,41.2232551574707,3.7797315658237185,0.0,0.21493728620296465,summer-trafficable,winch assist advised,1
38778823,03,0.43675516626894934,0,0,1092,18.062829971313477,28.626522064208984,3.7717670034666226,0.0,0.2078754578754579,summer-trafficable,winch assist advised,1
38779132,04,0.5018318416150944,0,1,1254,19.56376838684082,28.109582901000977,3.8790424635420995,0.0,0.20733652312599682,summer-trafficable,winch assist advised,1
38779113,04,0.22036018971140126,1,0,555,18.280426025390625,36.21822738647461,4.29353547215526,0.0,0.20540540540540542,summer-trafficable,winch assist advised,1
38778436,,0.32162224387971594,0,0,805,16.83012580871582,28.722915649414062,3.647694150480487,0.0,0.20372670807453416,summer-trafficable,winch assist advised,1
38778746,03,0.26393646089418,1,0,658,20.6613712310791,29.111366271972656,4.944676674469607,0.0,0.20212765957446807,summer-trafficable,winch assist advised,1
38778257,,0.29418385615700804,0,0,738,16.46180534362793,42.977378845214844,3.249967802742263,0.0,0.1991869918699187,summer-trafficable,winch assist advised,1
38778752,04,0.2535053291808695,1,0,633,18.75377655029297,34.492828369140625,4.679415237351264,0.0,0.1990521327014218,summer-trafficable,winch assist advised,1
38778191,,0.38276749723332487,0,0,955,16.663591384887695,30.454483032226562,3.525699602260258,0.0,0.19581151832460733,summer-trafficable,winch assist advised,1
37062842,04,0.22458343588897428,1,0,563,15.119482040405273,34.22981643676758,3.3903617215439175,0.0,0.19538188277087035,summer-trafficable,winch assist advised,1
38778775,03,0.2878337203435541,0,1,717,16.350358963012695,28.775659561157227,3.4195031905498703,0.0,0.19525801952580196,summer-trafficable,winch assist advised,1
38779183,03,0.42539539030986323,0,0,1066,18.325611114501953,30.258018493652344,3.868656606751729,0.0,0.1951219512195122,summer-trafficable,winch assist advised,1
38778701,03,1.6519404035024385,0,1,4134,16.970413208007812,41.160152435302734,3.879399674308813,0.0,0.19472665699080793,summer-trafficable,winch assist advised,1
26167290,03,0.27489086705082966,1,0,694,13.937771797180176,29.176542282104492,3.6454165435179093,0.0,0.19020172910662825,summer-trafficable,winch assist advised,1
38778957,03,0.5040206024089258,1,0,1262,16.904075622558594,28.953006744384766,3.862776652708249,0.0,0.1901743264659271,summer-trafficable,winch assist advised,1
38778824,03,0.42414096464837314,1,0,1064,18.386154174804688,28.6224308013916,4.574830063573278,0.0,0.18703007518796994,summer-trafficable,winch assist advised,1
25782714,03,0.3763529684119115,1,0,940,15.826028823852539,34.333255767822266,4.048165014642627,0.0,0.18404255319148935,summer-trafficable,winch assist advised,1
3358767,,0.41135125897554153,0,0,1026,18.018966674804688,30.242687225341797,3.491425441861123,0.0,0.18323586744639375,summer-trafficable,winch assist advised,1
38778543,03,0.8253696592156903,0,0,2065,16.688003540039062,36.67633056640625,3.629678392921156,0.0,0.1820823244552058,summer-trafficable,winch assist advised,1
38778849,,0.9215136030574862,0,0,2297,14.299259185791016,29.386741638183594,4.208854791336874,0.0,0.18110579016107967,summer-trafficable,winch assist advised,1
38778579,03,0.3438622982387721,1,0,859,15.068578720092773,37.06336212158203,3.6784300015067766,0.0,0.18044237485448195,summer-trafficable,winch assist advised,1
38779107,03,0.6330133537862576,1,0,1585,15.337645530700684,39.148223876953125,3.8614096863886873,0.0,0.1804416403785489,summer-trafficable,winch assist advised,1
38778751,03,0.3517321311846415,1,0,875,20.26785659790039,31.0792293548584,4.25302764190053,0.0,0.176,summer-trafficable,winch assist advised,1
38778502,,0.4118111758528011,0,0,1029,15.287437438964844,35.486305236816406,3.596397179360606,0.0,0.1749271137026239,summer-trafficable,winch assist advised,1
38778400,04,0.2559729191238649,1,0,644,17.739124298095703,30.132055282592773,3.961903308049438,0.0,0.17236024844720496,summer-trafficable,winch assist advised,1
38779020,,0.5896878388220621,0,0,1471,13.40443229675293,38.520668029785156,3.860918990955913,0.0,0.16927260367097213,summer-trafficable,winch assist advised,1
38779258,03,0.23218209027196168,1,0,581,18.20084571838379,31.38291358947754,3.9016228879879478,0.0,0.1686746987951807,summer-trafficable,winch assist advised,1
38778631,04,0.3523629578740619,1,0,879,17.037982940673828,32.90818405151367,3.8946734154215505,0.0,0.16496018202502843,summer-trafficable,winch assist advised,1
3356839,04,0.6954057452841468,1,0,1742,17.430267333984375,30.57295036315918,4.354800480188552,0.0,0.16130884041331803,summer-trafficable,winch assist advised,1
38778452,,0.24543023528380908,0,0,610,14.534690856933594,31.900405883789062,3.4076558594269835,0.0,0.16065573770491803,summer-trafficable,winch assist advised,1
38779235,04,0.68261885320922,1,0,1706,17.280750274658203,33.975341796875,4.282269558238562,0.0,0.15943728018757328,summer-trafficable,winch assist advised,1
38778305,04,0.8621495468635543,1,0,2157,15.266222953796387,35.96158218383789,3.8207955193228953,0.0,0.15855354659248957,summer-trafficable,winch assist advised,1
511604,,0.5690791406344569,0,0,1414,15.44235897064209,32.24886703491211,3.615099237380553,0.0,0.157001414427157,summer-trafficable,winch assist advised,1
38778748,02,0.11060851203752552,1,0,279,21.585073471069336,27.987565994262695,3.6732680337070627,0.0,0.15412186379928317,summer-trafficable,winch assist advised,1
39521103,,0.17756921049751975,0,0,437,17.072797775268555,28.565763473510742,3.1329496843938722,0.0,0.15102974828375287,summer-trafficable,winch assist advised,1
38778726,03,0.4222703046989966,1,0,1055,15.249752044677734,31.25428581237793,3.989577414811838,0.0,0.15071090047393365,summer-trafficable,winch assist advised,1
3358747,,0.36406573548026006,0,0,919,15.672063827514648,30.969074249267578,3.8710048948422853,0.0,0.14907508161044614,summer-trafficable,winch assist advised,1
26167289,04,0.36442427796275206,1,0,913,18.62778091430664,26.985851287841797,3.835104054906474,0.0,0.14895947426067907,summer-trafficable,winch assist advised,1
38778361,,0.22875950424679276,0,0,573,14.720009803771973,30.979482650756836,3.8805750776922725,0.0,0.14834205933682373,summer-trafficable,winch assist advised,1
38778358,,0.7242791439700185,0,0,1792,15.055718421936035,34.38738250732422,3.6728690042022523,0.0,0.14732142857142858,summer-trafficable,winch assist advised,1
38778110,,1.2794063152821835,0,0,3201,14.172050476074219,32.076087951660156,3.6317739757067318,0.0,0.14620431115276475,summer-trafficable,winch assist advised,1
38780049,03,1.2660806407588538,1,0,219,15.499961853027344,26.788503646850586,3.373558554409536,0.0,0.1461187214611872,summer-trafficable,winch assist advised,1
38778622,03,0.29108675638118064,1,0,728,12.09548282623291,31.222366333007812,4.231931507603589,0.0,0.14560439560439561,summer-trafficable,winch assist advised,1
38778934,04,0.6573636919071041,1,0,1640,16.282255172729492,27.314228057861328,4.236089879965817,0.0,0.14512195121951219,summer-trafficable,winch assist advised,1
38778830,03,0.3277398620904688,0,0,821,14.958389282226562,28.883211135864258,3.759094140694085,0.0,0.14494518879415347,summer-trafficable,winch assist advised,1
38779078,03,0.48735265601555966,1,0,1214,17.447824478149414,30.61439323425293,4.208198937992878,0.0,0.1441515650741351,summer-trafficable,winch assist advised,1
38778937,04,0.3346226971975263,1,0,836,18.158130645751953,25.94739532470703,4.53356816378399,0.0,0.14354066985645933,summer-trafficable,winch assist advised,1
38778634,04,0.45977012196649386,1,0,1151,15.899994850158691,33.6309814453125,4.499297998431971,0.0,0.1424847958297133,summer-trafficable,winch assist advised,1
38778493,03,0.7279936431106347,1,0,1825,13.53385066986084,34.9733772277832,3.718984193070699,0.0,0.14191780821917807,summer-trafficable,winch assist advised,1
38778919,04,0.5984836953041788,1,0,1496,17.212600708007812,27.66376495361328,3.5473736224147894,0.0,0.13368983957219252,summer-trafficable,winch assist advised,1
38778862,03,0.38284278222673596,1,0,952,18.232666015625,28.242929458618164,4.217195560046381,0.0,0.12920168067226892,summer-trafficable,winch assist advised,1
38778984,04,0.7913932384146777,1,0,1975,14.644807815551758,27.520355224609375,4.334305577712305,0.0,0.12658227848101267,summer-trafficable,winch assist advised,1
38778433,04,0.8025079666733511,1,0,2006,15.40609073638916,37.32069396972656,4.132419371073152,0.0,0.12362911266201396,summer-trafficable,winch assist advised,1
38779213,,1.1752945944458197,0,0,2940,13.943367004394531,29.501602172851562,3.9876303013635135,0.0,0.12006802721088436,summer-trafficable,winch assist advised,1
3356772,,0.6509106994346454,0,0,1630,13.043264389038086,29.362241744995117,3.771957536573305,0.0,0.11840490797546012,summer-trafficable,winch assist advised,1
38778995,04,0.6467035216816507,1,0,1613,13.982340812683105,35.19672775268555,4.149771833522346,0.0,0.1153130812151271,summer-trafficable,winch assist advised,1
74400862,04,0.2159251110946967,1,0,541,18.158531188964844,28.452287673950195,5.55165486876902,0.0,0.11460258780036968,summer-trafficable,winch assist advised,1
38778941,03,0.23990846961099482,0,0,600,17.62359619140625,25.733428955078125,4.420995201481317,0.0,0.11333333333333333,summer-trafficable,winch assist advised,1
38778170,04,0.20365337048585708,1,0,507,14.391074180603027,30.96162223815918,4.417425810766969,0.0,0.11045364891518737,summer-trafficable,winch assist advised,1
38778926,04,0.6959834853635049,1,0,1733,14.924945831298828,28.629003524780273,5.036069230275933,0.0,0.10848240046162723,summer-trafficable,winch assist advised,1
38778904,Y1,0.2701980040877967,1,0,674,15.036567687988281,28.332870483398438,4.516542077569268,0.0,0.10385756676557864,summer-trafficable,winch assist advised,1
38778691,03,0.338026014775054,1,0,840,9.83240795135498,19.51419448852539,5.270332760468718,0.1,0.011904761904761904,summer-trafficable,conventional,0
38778479,,0.5465170599895882,0,0,1371,5.665894031524658,17.461057662963867,5.383293877400286,0.099927060539752,0.005105762217359592,summer-trafficable,conventional,0
38779143,,1.1669022208980675,0,0,2919,2.8687191009521484,9.876856803894043,5.861364568142607,0.09900650907845153,0.0,summer-trafficable,conventional,0
38778790,03,0.30805726011581,0,1,769,1.9914915561676025,5.201400279998779,5.865287460415109,0.0988296488946684,0.0,summer-trafficable,conventional,0
38778799,02,1.6140918823966173,1,0,4032,3.22822642326355,9.267581939697266,5.993512815647394,0.09871031746031746,0.0,summer-trafficable,conventional,0
38778615,04,0.5573558637766937,1,0,1403,4.084585666656494,11.318695068359375,6.052740365999294,0.09836065573770492,0.0,summer-trafficable,conventional,0
38778398,03,1.2800212280435854,1,0,3204,3.613931179046631,14.343955039978027,5.684013881568375,0.09800249687890138,0.010299625468164793,summer-trafficable,conventional,0
38778226,03,0.8724298852853102,1,0,2172,7.930571556091309,19.274097442626953,5.394233177181394,0.09760589318600368,0.008747697974217311,summer-trafficable,conventional,0
38778014,03,2.1629828868998326,0,0,5400,3.2932753562927246,9.02392578125,5.739763521514296,0.0974074074074074,0.0022222222222222222,summer-trafficable,conventional,0
38779283,03,0.8352351889242211,1,0,2090,3.5172195434570312,6.514880657196045,5.830547794420225,0.09712918660287082,0.0028708133971291866,summer-trafficable,conventional,0
37064931,04,0.38482922615251763,1,0,958,6.866859436035156,18.594593048095703,5.481216866060303,0.09707724425887265,0.020876826722338204,summer-trafficable,conventional,0
38778397,04,0.5660536926265896,1,0,1413,9.88961124420166,33.518611907958984,5.357308476999688,0.09695682944090588,0.09766454352441614,summer-trafficable,conventional,0
3356938,03,0.5157878114009603,1,0,1293,2.145745038986206,5.136305809020996,6.164685464816952,0.09667440061871617,0.0,summer-trafficable,conventional,0
38779256,04,0.6905573844188123,1,0,1728,9.450812339782715,25.274009704589844,5.915461301899781,0.09664351851851852,0.06018518518518518,summer-trafficable,conventional,0
38778630,03,0.690854517254847,0,1,1729,9.325417518615723,20.472536087036133,5.603023707375602,0.09658762290341237,0.005205320994794679,summer-trafficable,conventional,0
38779046,03,0.8495057611336575,1,0,2126,3.3250153064727783,7.6713337898254395,6.188970161006595,0.09642521166509878,0.0,summer-trafficable,conventional,0
38778601,03,0.6869061525733714,1,0,1732,1.4987928867340088,4.492619514465332,6.280709520188776,0.0964203233256351,0.0,summer-trafficable,conventional,0
3356559,03,0.6569820890860798,1,0,1642,4.1351847648620605,12.860920906066895,5.998692877452557,0.09622411693057248,0.0,summer-trafficable,conventional,0
38779332,03,1.474171431701755,1,0,2694,3.390580415725708,10.406267166137695,5.8482990268652975,0.09613956941351151,0.021529324424647365,summer-trafficable,conventional,0
38778908,04,0.2505194331206977,1,0,625,2.1590871810913086,7.005609512329102,6.043258164429386,0.096,0.0032,summer-trafficable,conventional,0
38778831,03,1.569817282790687,1,0,3939,3.320976495742798,9.322884559631348,5.803256328753571,0.09596344249809596,0.0,summer-trafficable,conventional,0
3356721,04,1.100582005981721,1,0,2752,1.6601612567901611,3.369889736175537,5.9206799276435484,0.09593023255813954,0.0,summer-trafficable,conventional,0
3358830,,3.3108486324370525,0,0,8262,1.064689040184021,2.2430849075317383,6.2950986952359145,0.09586056644880174,0.0,summer-trafficable,conventional,0
38778806,03,0.3860271901307839,0,0,846,1.8727853298187256,4.335081100463867,5.858381096249176,0.09574468085106383,0.0,summer-trafficable,conventional,0
38779134,03,0.1529902547808159,0,0,376,1.0508700609207153,2.011538028717041,5.934647288497561,0.09574468085106383,0.0,summer-trafficable,conventional,0
3359763,03,1.0726429141133274,1,0,2680,1.0359389781951904,2.261401414871216,6.310336502825999,0.0955223880597015,0.0,summer-trafficable,conventional,0
3356901,03,1.311883537591363,0,0,3275,5.495616436004639,21.799863815307617,5.882443624794137,0.09526717557251908,0.029618320610687022,summer-trafficable,conventional,0
3358846,,2.417805242580475,0,0,6054,1.0470079183578491,2.8504538536071777,6.425737010224856,0.09497852659398745,0.0,summer-trafficable,conventional,0
38778874,04,0.6034567461651168,1,0,1506,6.91509485244751,16.708049774169922,5.7639206915441195,0.0949535192563081,0.00199203187250996,summer-trafficable,conventional,0
42857495,03,1.108506496135946,0,0,2217,1.7866102457046509,5.090086936950684,6.169454696011168,0.09472259810554803,0.0013531799729364006,summer-trafficable,conventional,0
38778562,03,0.7765479082192145,1,0,1943,2.572652578353882,12.166427612304688,6.0641430024126395,0.09469891919711786,0.03088008234688626,summer-trafficable,conventional,0
38778911,04,0.6316228373691156,1,0,1587,2.1725659370422363,5.109706878662109,6.995535027366853,0.0945179584120983,0.0,summer-trafficable,conventional,0
3356917,,0.3936917154288413,0,0,979,2.7256765365600586,8.458539962768555,5.877378151304911,0.09397344228804903,0.0,summer-trafficable,conventional,0
38778496,04,0.9283148956576777,1,0,2323,5.283264636993408,21.864206314086914,5.745543007514669,0.09384416702539819,0.0383125269048644,summer-trafficable,conventional,0
38778571,03,0.5421909919122246,1,0,1356,10.771650314331055,23.018217086791992,5.577790033585919,0.09365781710914454,0.036135693215339236,summer-trafficable,conventional,0
37064980,03,0.9253161542254971,1,0,2313,6.074214935302734,19.01791000366211,5.430733231346257,0.0933852140077821,0.02421098140942499,summer-trafficable,conventional,0
25782701,04,0.9217294278982024,1,0,2304,6.149005889892578,22.855636596679688,5.569248976198062,0.09288194444444445,0.046440972222222224,summer-trafficable,conventional,0
38778742,04,0.34791760432627644,1,0,873,8.325071334838867,19.811128616333008,5.996287163565579,0.09278350515463918,0.030927835051546393,summer-trafficable,conventional,0
38778921,03,1.1632379268999704,1,0,2910,2.1593973636627197,7.690972805023193,5.839639888177372,0.09209621993127148,0.0,summer-trafficable,conventional,0
38778560,03,0.49429723301361583,1,0,1238,1.9430280923843384,5.347809791564941,6.049918153426188,0.09208400646203554,0.0,summer-trafficable,conventional,0
38779022,,0.9354639535817326,0,0,2346,1.5899178981781006,3.9528932571411133,6.24155016868766,0.09207161125319693,0.0,summer-trafficable,conventional,0
3356850,04,0.8371321964433251,1,0,1501,1.9762486219406128,4.465997695922852,5.8829713402829364,0.09193870752831446,0.0,summer-trafficable,conventional,0
38778913,04,0.4341615899286384,1,0,1085,2.57832670211792,6.541322708129883,7.976808017331554,0.0912442396313364,0.0,summer-trafficable,conventional,0
38778621,03,0.16317020678525396,1,0,406,5.282925128936768,13.2293062210083,5.537205499737339,0.09113300492610837,0.0,summer-trafficable,conventional,0
3356827,03,2.1120823923482632,1,0,5275,7.700468063354492,18.891376495361328,5.122828778692267,0.0909952606635071,0.032796208530805684,summer-trafficable,conventional,0
38778876,04,0.5558787250685995,1,0,1392,6.57127571105957,17.054622650146484,5.749774174543525,0.09051724137931035,0.0,summer-trafficable,conventional,0
25782700,04,0.16440474939562794,0,1,411,4.47536039352417,11.742063522338867,5.581316165819588,0.09002433090024331,0.0,summer-trafficable,conventional,0
38778738,03,0.6624202067147016,1,0,1657,4.08372163772583,12.10855484008789,5.6519692432434585,0.08992154496077248,0.012673506336753168,summer-trafficable,conventional,0
38778278,03,1.034443648517001,1,0,2588,6.6457085609436035,18.171030044555664,5.529614997739966,0.08964451313755796,0.0285935085007728,summer-trafficable,conventional,0
38778954,02,0.5462108736805961,1,0,1367,2.7774858474731445,6.969730854034424,6.0557598470387966,0.08924652523774688,0.0,summer-trafficable,conventional,0
38778427,04,0.6475312892077173,0,1,1616,7.794450283050537,24.308155059814453,5.664243080712599,0.0891089108910891,0.050742574257425746,summer-trafficable,conventional,0
511532,04,0.2893712695908014,1,0,719,4.930761337280273,7.831320285797119,5.9508186243288375,0.0890125173852573,0.0,summer-trafficable,conventional,0
25782702,04,0.8442242244681831,1,0,2103,4.010085105895996,9.747964859008789,5.648985338146854,0.0884450784593438,0.0,summer-trafficable,conventional,0
38778362,04,0.6045158458462654,1,0,1508,9.579465866088867,21.387557983398438,5.620335583684653,0.08819628647214854,0.038461538461538464,summer-trafficable,conventional,0
38778770,04,0.33200318203119444,1,0,830,10.009279251098633,28.779598236083984,5.41090241687451,0.08795180722891566,0.06506024096385542,summer-trafficable,conventional,0
38778232,03,2.314614856852895,1,0,5783,5.863977432250977,15.66015625,5.741416167755932,0.08784367975099429,0.01054815839529656,summer-trafficable,conventional,0
3356223,,1.793720740817027,0,0,4489,1.3252044916152954,3.0075252056121826,6.098087984066497,0.0877701047003787,0.0,summer-trafficable,conventional,0
37127350,03,0.9192996635816909,1,0,2296,4.279793739318848,20.78913116455078,5.825843728465758,0.08754355400696864,0.03353658536585366,summer-trafficable,conventional,0
38778268,03,1.0421488718360088,1,0,2609,5.323444843292236,22.746530532836914,5.801551594005766,0.08738980452280568,0.04331161364507474,summer-trafficable,conventional,0
38778352,04,2.611427527124781,1,0,6517,5.485385417938232,20.785659790039062,5.469415842462883,0.0873101120147307,0.035906091760012276,summer-trafficable,conventional,0
38778715,03,1.5532434666981503,0,1,3880,4.886434555053711,19.81655502319336,5.641958507907934,0.08711340206185567,0.027835051546391754,summer-trafficable,conventional,0
38779007,03,1.366869261972808,1,0,3412,5.401346206665039,14.46667194366455,6.0299141959851585,0.08675263774912075,0.00029308323563892143,summer-trafficable,conventional,0
38778435,04,0.6968066226359547,1,0,1742,9.706737518310547,24.486587524414062,4.9479031384147,0.08668197474167623,0.05281285878300804,summer-trafficable,conventional,0
38779026,,1.0664216119090313,0,0,2665,7.054131984710693,27.147390365600586,5.694854295576063,0.08630393996247655,0.06829268292682927,summer-trafficable,conventional,0
511275,04,0.46962357441131924,1,0,1176,3.7958743572235107,9.732597351074219,5.9135426591093925,0.0858843537414966,0.0,summer-trafficable,conventional,0
38779133,03,0.33121367170479893,1,0,829,7.122969627380371,16.915224075317383,5.56047217060293,0.0856453558504222,0.0036188178528347406,summer-trafficable,conventional,0
511480,04,3.7869642374923984,1,0,8051,6.437541961669922,19.577028274536133,5.5769632202346555,0.0852068066078748,0.026704757173021985,summer-trafficable,conventional,0
38778243,,0.9939010721321905,0,0,2481,5.049914836883545,20.40022850036621,5.872420734831588,0.08504635227730754,0.037484885126964934,summer-trafficable,conventional,0
38778504,04,0.7349802536712733,1,0,1836,4.688833236694336,13.940607070922852,5.521522973477246,0.08496732026143791,0.0054466230936819175,summer-trafficable,conventional,0
38779274,04,0.9897323986656236,1,0,2474,2.562272310256958,5.616315841674805,5.905673935374497,0.08488278092158448,0.0,summer-trafficable,conventional,0
38779144,03,0.6505760249200817,1,0,1626,3.902717351913452,9.314465522766113,5.743374454225011,0.08487084870848709,0.0,summer-trafficable,conventional,0
37126923,03,0.9839230413576805,1,0,2465,6.881566047668457,22.878662109375,5.58452079681186,0.08438133874239351,0.03407707910750507,summer-trafficable,conventional,0
25782711,04,0.6624654416554391,0,1,1658,3.6866695880889893,7.774394512176514,5.780771189639459,0.08383594692400483,0.0,summer-trafficable,conventional,0
38778304,04,0.36025682471235343,1,0,897,4.9203410148620605,12.836469650268555,6.274673360903115,0.08361204013377926,0.0,summer-trafficable,conventional,0
38778203,,0.5857639453295577,0,1,1467,2.0366668701171875,5.646640777587891,6.173778294240412,0.08316291751874574,0.0054533060668029995,summer-trafficable,conventional,0
37064940,03,2.808089218056487,1,0,7018,2.8522911071777344,9.215954780578613,5.852951499892199,0.08278711883727558,0.007552009119407239,summer-trafficable,conventional,0
3356775,04,2.5952860575527064,1,0,6491,4.933382511138916,12.141472816467285,5.939535318752856,0.0827299337544292,0.0012324757356339548,summer-trafficable,conventional,0
38778605,03,0.40215926806667135,1,0,1004,3.2908952236175537,13.482697486877441,5.872227407140242,0.08266932270916334,0.00199203187250996,summer-trafficable,conventional,0
25782706,04,1.1559330716713858,1,0,2889,6.944267272949219,19.079933166503906,5.688084840205985,0.08238144686742818,0.012114918656974732,summer-trafficable,conventional,0
39521108,03,1.0255351108342898,1,0,1629,1.4366319179534912,2.9473812580108643,5.9829824213990905,0.08225905463474524,0.0,summer-trafficable,conventional,0
38779092,04,0.5812500677622058,1,0,1449,10.100503921508789,19.234161376953125,5.599397080790471,0.0821256038647343,0.0,summer-trafficable,conventional,0
3358721,,2.652994720216727,0,0,6627,2.085005283355713,5.897373199462891,5.863560725412364,0.08208842613550626,0.0,summer-trafficable,conventional,0
38779169,02,0.533587302474957,0,0,1334,5.370811939239502,9.366134643554688,5.985078738681996,0.08170914542728636,0.0,summer-trafficable,conventional,0
3356868,04,3.25089672019332,1,0,8126,4.244625568389893,9.479246139526367,5.758141987139718,0.08060546394289933,0.0011075559931085406,summer-trafficable,conventional,0
38779190,04,2.140379250401662,1,0,5348,7.900092601776123,15.255342483520508,6.102330293848819,0.0805908750934929,0.0009349289454001496,summer-trafficable,conventional,0
25784809,04,1.0594076595234996,1,0,2648,7.406527996063232,12.82050609588623,5.87410033332062,0.0804380664652568,0.0007552870090634441,summer-trafficable,conventional,0
38778893,03,0.40819222835268004,1,0,1020,8.580650329589844,25.001338958740234,5.560349849997217,0.0803921568627451,0.05392156862745098,summer-trafficable,conventional,0
38778441,,0.1306251287259545,0,1,324,7.5728044509887695,20.713275909423828,4.952183065567194,0.08024691358024691,0.015432098765432098,summer-trafficable,conventional,0
38778406,03,0.8040959204016916,1,0,2019,7.019855499267578,18.890853881835938,4.897631828220034,0.08023774145616643,0.02426944031698861,summer-trafficable,conventional,0
38778267,,0.5510141513526191,0,1,1374,2.313652753829956,2.748948097229004,6.094117891122887,0.08005822416302766,0.028384279475982533,summer-trafficable,conventional,0
38778394,04,2.955948557030012,1,0,7387,3.6667768955230713,8.580507278442383,5.550184897382245,0.08000541491809936,0.0023013401922295927,summer-trafficable,conventional,0
38778401,04,0.4178206511515491,1,0,1044,1.9942877292633057,4.580472469329834,5.756600275732512,0.07950191570881227,0.0,summer-trafficable,conventional,0
38779315,04,0.07537473365458908,0,1,189,7.461719036102295,14.607311248779297,5.327992000249706,0.07936507936507936,0.0,summer-trafficable,conventional,0
3356900,04,3.2111954510132,1,0,8030,4.327203750610352,9.502257347106934,5.748452115526291,0.07932752179327522,0.0,summer-trafficable,conventional,0
3356414,04,0.8013988079482125,1,0,2005,3.3331806659698486,11.648070335388184,5.758251153040406,0.07930174563591022,0.0024937655860349127,summer-trafficable,conventional,0
38778773,03,0.7852576194688169,1,0,1968,7.388794898986816,17.484416961669922,5.376010548425975,0.07926829268292683,0.010670731707317074,summer-trafficable,conventional,0
38779206,T2,0.6462967005075033,0,0,1618,4.544508457183838,16.367691040039062,5.656631401845189,0.07911001236093942,0.009888751545117428,summer-trafficable,conventional,0
38778405,03,0.9940698116136771,1,0,2484,2.45038104057312,16.08939552307129,5.931836234646628,0.07890499194847021,0.0036231884057971015,summer-trafficable,conventional,0
38778158,04,0.1571532094370506,0,1,393,13.812989234924316,23.325925827026367,5.098603977002622,0.07888040712468193,0.030534351145038167,summer-trafficable,conventional,0
511537,03,1.2510098629449309,1,0,89,5.428655624389648,24.140586853027344,5.832380353134118,0.07865168539325842,0.056179775280898875,summer-trafficable,conventional,0
3359009,04,2.949390311361531,0,1,7381,10.530879974365234,26.8962345123291,5.070476928803191,0.07858013819265681,0.07952851917084405,summer-trafficable,conventional,0
511536,02,0.8753061868701745,1,0,2189,5.682186603546143,9.926209449768066,5.775059196300872,0.07857469164001828,0.0,summer-trafficable,conventional,0
38779119,03,0.18923707360304926,0,0,485,1.401309609413147,4.752159595489502,6.156002068394934,0.07835051546391752,0.0,summer-trafficable,conventional,0
38779048,04,1.0280913578120987,1,0,2571,4.811949253082275,9.300789833068848,5.725167671907371,0.07817969661610269,0.0,summer-trafficable,conventional,0
38778105,03,3.116482694249769,1,0,7797,5.650120735168457,15.142329216003418,5.416880701451085,0.07810696421700654,0.007182249583173015,summer-trafficable,conventional,0
38778694,03,0.4201879716981326,1,0,1050,3.7358107566833496,10.252660751342773,5.664606339350046,0.07809523809523809,0.0,summer-trafficable,conventional,0
38778494,04,3.593251835905381,1,0,8977,6.410531997680664,22.06688690185547,5.316295542387731,0.0780884482566559,0.036872006238164196,summer-trafficable,conventional,0
38778364,03,0.27257201105385315,1,0,681,9.056219100952148,24.364986419677734,5.168904950946109,0.07782672540381791,0.05433186490455213,summer-trafficable,conventional,0
26167903,03,0.2882626889660944,1,0,722,2.7281410694122314,9.704691886901855,5.248703985238032,0.07756232686980609,0.0,summer-trafficable,conventional,0
38778503,03,0.8035238656451901,1,0,2006,3.7752904891967773,16.246503829956055,5.710398090331702,0.07676969092721835,0.022931206380857428,summer-trafficable,conventional,0
38778142,04,0.2271761661440371,1,0,574,10.324286460876465,20.678205490112305,5.3081645415060095,0.07665505226480836,0.017421602787456445,summer-trafficable,conventional,0
38778787,04,0.3900445466763525,0,1,968,7.460893154144287,13.952312469482422,5.95676841541993,0.07644628099173553,0.0,summer-trafficable,conventional,0
39521107,04,0.40842940569228975,1,0,643,2.9850661754608154,15.261786460876465,5.478321942434538,0.07620528771384137,0.006220839813374806,summer-trafficable,conventional,0
38779051,04,0.7875813511257183,1,0,1969,6.465505599975586,14.362447738647461,5.662841480662161,0.07618080243778567,0.0,summer-trafficable,conventional,0
3358771,03,1.5231904007567254,1,0,3808,4.617166042327881,15.029451370239258,5.5872579955359924,0.07615546218487394,0.0063025210084033615,summer-trafficable,conventional,0
511577,04,0.19055278723137553,1,0,474,6.466346740722656,21.112707138061523,5.8097335638444765,0.0759493670886076,0.027426160337552744,summer-trafficable,conventional,0
38778538,02,0.5767604096191635,1,0,1443,3.399336338043213,7.957029342651367,5.452127753508629,0.07553707553707553,0.0,summer-trafficable,conventional,0
38778769,03,0.5724324368231881,1,0,1430,3.911283493041992,10.81588077545166,6.940477951774867,0.07552447552447553,0.0,summer-trafficable,conventional,0
38778606,04,0.472986996398444,1,0,1179,5.143261432647705,12.148615837097168,5.815259972869184,0.07548770144189991,0.0,summer-trafficable,conventional,0
3358796,03,1.7197784221979064,1,0,4297,4.122936248779297,10.354728698730469,5.534079312373219,0.0751687223644403,0.0,summer-trafficable,conventional,0
3359848,04,0.4488162717876739,1,0,1118,3.9974913597106934,12.061103820800781,5.984463424512344,0.07513416815742398,0.0,summer-trafficable,conventional,0
39521075,04,0.6896168000768257,1,0,1040,1.8120499849319458,3.6790435314178467,5.5564927895180585,0.075,0.0,summer-trafficable,conventional,0
38779118,03,0.20782515959563294,1,0,520,5.737103462219238,12.769224166870117,5.419506622920351,0.075,0.0,summer-trafficable,conventional,0
38779021,04,0.4888507157247679,1,0,1228,10.114437103271484,19.766767501831055,5.477119498922748,0.0749185667752443,0.0016286644951140066,summer-trafficable,conventional,0
38778700,03,2.0429864587610296,0,1,5095,4.765174865722656,15.417407035827637,5.49173473619961,0.07477919528949951,0.01648675171736997,summer-trafficable,conventional,0
25782712,03,0.468989676277307,0,1,1177,2.930124282836914,5.863527297973633,6.180679583979708,0.07476635514018691,0.0,summer-trafficable,conventional,0
38779285,03,0.46055555534745546,1,0,1151,2.6670987606048584,7.1046905517578125,5.587503914834736,0.07471763683753258,0.0,summer-trafficable,conventional,0
38778431,03,0.69676852046825,1,0,1750,8.906780242919922,21.753080368041992,4.887435996131077,0.07428571428571429,0.02457142857142857,summer-trafficable,conventional,0
38778460,03,1.9641566969162014,1,0,4914,5.615479946136475,25.833660125732422,5.497797666737487,0.07427757427757428,0.06735856735856736,summer-trafficable,conventional,0
38778979,03,1.6582092980825405,1,0,4146,2.7344090938568115,7.714409351348877,5.800026222371561,0.07404727448142788,0.0,summer-trafficable,conventional,0
38778711,,1.0649630124136065,0,1,2661,5.997928142547607,19.66118049621582,5.360416389151417,0.07403231867718903,0.019165727170236752,summer-trafficable,conventional,0
38778216,03,0.47437686657058886,1,0,1182,5.822479724884033,12.353894233703613,5.544188608275636,0.07360406091370558,0.0,summer-trafficable,conventional,0
38778942,03,0.4785408409495425,1,0,1197,10.045561790466309,26.106098175048828,5.258643701441611,0.07351712614870509,0.07435254803675856,summer-trafficable,conventional,0
38778269,03,0.44088691909058714,0,0,1098,3.5274875164031982,22.8836669921875,5.882500603855855,0.07285974499089254,0.04735883424408015,summer-trafficable,conventional,0
25782715,04,0.6485429028554645,0,1,1622,5.556882858276367,9.496308326721191,6.181680010549171,0.07274969173859433,0.0,summer-trafficable,conventional,0
38778374,04,2.8362502794476905,1,0,7093,7.987932205200195,26.95444679260254,5.340918063707162,0.07274777950091639,0.07472155646411956,summer-trafficable,conventional,0
511330,04,1.7528480843616194,1,0,4378,5.262444019317627,16.985586166381836,5.432665853871977,0.07217907720420283,0.010735495660118775,summer-trafficable,conventional,0
3356296,03,0.542945646471635,1,0,1359,5.239349842071533,10.962523460388184,5.536090036938709,0.07211184694628403,0.0,summer-trafficable,conventional,0
43625614,03,2.240281976622288,0,0,5600,6.388543605804443,20.801254272460938,5.396638241917639,0.07178571428571429,0.029642857142857144,summer-trafficable,conventional,0
38779126,04,1.1702126884698874,1,0,2921,5.868076801300049,19.989694595336914,5.420046867725803,0.07155083875385142,0.00890106128038343,summer-trafficable,conventional,0
38779189,03,0.9069846132728926,1,0,2268,6.079227447509766,9.011856079101562,5.640891892455289,0.07142857142857142,0.0,summer-trafficable,conventional,0
38778378,04,1.8990337656965774,1,0,4751,3.395083427429199,15.71630859375,5.583515763319602,0.07135339928436119,0.013049884234897917,summer-trafficable,conventional,0
38779226,04,0.30807618145481136,1,0,771,5.405431270599365,13.420064926147461,5.123202331361798,0.07133592736705577,0.0,summer-trafficable,conventional,0
3358697,03,1.0456217139935682,1,0,2615,4.061574459075928,8.504704475402832,5.636431044279542,0.07112810707456979,0.0,summer-trafficable,conventional,0
38778789,04,1.7364490687368668,1,0,4337,7.760662078857422,18.937625885009766,4.939951662023481,0.07078625778187687,0.011989854738298363,summer-trafficable,conventional,0
37064982,04,0.8683427893164583,1,0,2169,9.746931076049805,29.091848373413086,4.9065528263668545,0.07053941908713693,0.0792992162286768,summer-trafficable,conventional,0
38778603,04,0.39257482551248085,1,0,979,6.676964282989502,24.165000915527344,5.794654251242283,0.07048008171603677,0.05107252298263534,summer-trafficable,conventional,0
17651648,04,0.15286317514024353,1,0,384,12.315921783447266,25.950347900390625,4.867120595216067,0.0703125,0.08854166666666667,summer-trafficable,conventional,0
38778547,03,1.1983568106252835,0,0,2990,7.5876922607421875,13.388385772705078,5.660320419833591,0.07023411371237458,0.0,summer-trafficable,conventional,0
38778972,02,1.621917792488659,1,0,4058,3.233954429626465,9.119755744934082,5.853760273896328,0.07023164120256284,0.0,summer-trafficable,conventional,0
26167945,03,0.6553170648976275,1,0,1639,4.313628196716309,9.844629287719727,5.808813961170839,0.0701647345942648,0.0,summer-trafficable,conventional,0
3356761,03,1.029515903066285,1,0,2569,3.376762628555298,7.147310733795166,5.710991490471307,0.07006617360840794,0.0,summer-trafficable,conventional,0
3359762,04,0.8152704943825707,1,0,2041,5.289970397949219,9.905477523803711,6.219717058134024,0.07006369426751592,0.0,summer-trafficable,conventional,0
25782708,04,0.1636958682615311,0,1,414,3.317490339279175,10.041862487792969,6.061441378530277,0.07004830917874397,0.0,summer-trafficable,conventional,0
38778520,T2,0.8129360519093104,0,0,2031,3.5941708087921143,9.162581443786621,5.462323441875242,0.06991629739044805,0.0,summer-trafficable,conventional,0
3356823,,0.4857281355845038,0,0,1216,4.67311429977417,15.961039543151855,5.684710264116092,0.06990131578947369,0.015625,summer-trafficable,conventional,0
38779278,04,0.628976827940824,1,0,1578,2.071489095687866,4.391083717346191,5.441594204132905,0.0697084917617237,0.0,summer-trafficable,conventional,0
38778118,04,0.671576716978182,1,0,1681,6.8310017585754395,26.160301208496094,5.242021344005915,0.06960142772159429,0.05413444378346222,summer-trafficable,conventional,0
3358831,03,1.8661977437033577,0,0,4670,1.7011425495147705,3.805877685546875,6.043615238439514,0.069593147751606,0.0,summer-trafficable,conventional,0
38778455,03,0.3103493016807522,1,0,776,11.88038158416748,27.69774627685547,4.984468463976009,0.06958762886597938,0.09020618556701031,summer-trafficable,conventional,0
3356915,04,0.5759656920274634,1,0,1439,6.7349138259887695,15.115699768066406,5.239765975908793,0.06949270326615706,0.0020847810979847115,summer-trafficable,conventional,0
38779302,03,4.1938930738979625,0,0,7798,5.001770973205566,10.118337631225586,6.095576439123614,0.06924852526288792,0.0006411900487304436,summer-trafficable,conventional,0
38778718,03,3.872374132082677,0,1,9670,7.415163040161133,23.7497501373291,5.251048255151031,0.06907962771458118,0.04715615305067218,summer-trafficable,conventional,0
38778174,04,0.18028129160483253,1,0,450,7.762091159820557,20.543350219726562,5.701952567281569,0.06888888888888889,0.03777777777777778,summer-trafficable,conventional,0
38778139,04,0.3138994472922717,1,0,784,10.014143943786621,19.44481658935547,4.934235298818817,0.06887755102040816,0.00510204081632653,summer-trafficable,conventional,0
3356224,04,1.2328423664701684,1,0,3083,12.212072372436523,32.39823532104492,5.311358623854657,0.06876419072332143,0.08855011352578657,summer-trafficable,conventional,0
3356806,04,3.6288076718962357,1,0,9064,3.675914764404297,7.7990641593933105,5.64062844095444,0.06807149161518093,0.0,summer-trafficable,conventional,0
38779286,04,0.26925923710461386,1,0,676,2.2994775772094727,4.9971113204956055,5.606161786140125,0.06804733727810651,0.0,summer-trafficable,conventional,0
3358813,03,0.4238306893821772,1,0,1047,6.283569812774658,14.885933876037598,6.151205770290778,0.06781279847182425,0.009551098376313277,summer-trafficable,conventional,0
38778557,04,0.8376398298148932,1,0,2080,9.867313385009766,19.187496185302734,5.287637908541501,0.0673076923076923,0.0033653846153846156,summer-trafficable,conventional,0
3356755,04,0.6719081215882327,1,0,1684,4.498175144195557,13.059247016906738,5.208908795767774,0.0671021377672209,0.004750593824228029,summer-trafficable,conventional,0
38778608,04,1.059939832089559,1,0,2654,9.72966194152832,19.654769897460938,5.247961349456293,0.06706857573474001,0.011680482290881688,summer-trafficable,conventional,0
511617,03,2.8883342231790796,1,0,7217,5.835826873779297,11.18166732788086,5.861837154535276,0.06706387695718442,0.00928363585977553,summer-trafficable,conventional,0
3356557,04,0.2181976975700768,1,0,541,3.4974262714385986,6.883477687835693,5.310219984196206,0.066543438077634,0.0,summer-trafficable,conventional,0
38778376,04,0.6287652120224086,1,0,1573,7.931973457336426,21.496522903442383,5.290262112502224,0.06611570247933884,0.031150667514303877,summer-trafficable,conventional,0
38778391,03,1.7057164107899259,1,0,4252,5.264798164367676,16.169151306152344,5.365692341218965,0.0660865475070555,0.02634054562558796,summer-trafficable,conventional,0
511366,04,0.6459250780200331,1,0,1620,5.133757591247559,17.172042846679688,5.296634527075891,0.06604938271604938,0.014814814814814815,summer-trafficable,conventional,0
42840997,04,2.0481121009678485,1,0,5119,6.018678188323975,15.054635047912598,5.658629004342288,0.066028521195546,0.0,summer-trafficable,conventional,0
38778336,04,0.6124528359822301,1,0,1530,12.059173583984375,25.964618682861328,5.003315587038679,0.06601307189542484,0.08235294117647059,summer-trafficable,conventional,0
38778445,03,0.44989605403872185,1,0,1125,6.7411956787109375,23.696815490722656,5.044547374676959,0.06577777777777778,0.04711111111111111,summer-trafficable,conventional,0
38778250,04,0.7304322642868394,1,0,1842,4.654963493347168,13.370604515075684,5.251906453656419,0.06568946796959826,0.0016286644951140066,summer-trafficable,conventional,0
37127351,03,0.9585376315699967,1,0,2395,3.2683236598968506,9.269035339355469,5.440857044615337,0.06555323590814197,0.0,summer-trafficable,conventional,0
38778097,T2,1.4078143002066714,0,0,3514,9.557942390441895,29.257986068725586,5.472184675294186,0.06545247581104155,0.08394991462720547,summer-trafficable,conventional,0
38779194,T1,0.4463341427326906,0,0,1117,9.869781494140625,25.03768539428711,5.014854842438811,0.06535362578334826,0.05371530886302596,summer-trafficable,conventional,0
38778886,04,0.48562763768614675,1,0,1212,12.870168685913086,23.19286346435547,4.772646243246396,0.06518151815181518,0.03217821782178218,summer-trafficable,conventional,0
511241,04,1.6648810094065685,1,0,648,4.557964324951172,13.805951118469238,5.50499345610802,0.06481481481481481,0.0,summer-trafficable,conventional,0
38778145,03,0.957374242834906,1,0,2393,6.86647891998291,17.70317268371582,5.260853637629945,0.06435436690346845,0.01713330547430004,summer-trafficable,conventional,0
511462,03,6.660917482211931,1,0,9988,2.9261972904205322,8.754377365112305,5.457182049517568,0.06417701241489787,0.0029034841810172208,summer-trafficable,conventional,0
38778832,03,0.48367331650148326,1,0,1207,2.0999343395233154,6.215902328491211,5.56314616576443,0.06379453189726594,0.0,summer-trafficable,conventional,0
25782696,04,0.8963951684842264,0,1,2241,4.37202262878418,10.930316925048828,5.590009557062879,0.06336456938866578,0.0,summer-trafficable,conventional,0
3356789,04,0.6723412172930182,1,0,1663,11.619665145874023,28.38128089904785,4.801367195816398,0.06313890559230306,0.09440769693325315,summer-trafficable,conventional,0
511365,03,0.599062920939822,1,0,1490,7.264837741851807,15.971223831176758,5.5387633148942,0.06308724832214765,0.003355704697986577,summer-trafficable,conventional,0
38778778,04,1.3908714219675091,1,0,3472,4.577531337738037,12.473089218139648,5.774777860093549,0.06307603686635944,0.008640552995391706,summer-trafficable,conventional,0
38779269,03,0.9852313432271645,1,0,2459,4.2939229011535645,10.244486808776855,6.069721953264065,0.06303375355835705,0.0,summer-trafficable,conventional,0
38779311,04,1.2309292329650385,0,1,3081,9.994930267333984,21.436325073242188,5.164948183224872,0.06296656929568321,0.020772476468679,summer-trafficable,conventional,0
38778947,02,0.3261881218526625,1,0,811,5.843457221984863,23.270774841308594,5.8630318100548955,0.06288532675709001,0.04438964241676942,summer-trafficable,conventional,0
3356294,04,0.1524706337143616,1,0,382,9.811474800109863,24.98615837097168,4.959775891613992,0.06282722513089005,0.05759162303664921,summer-trafficable,conventional,0
38778889,04,1.1736851886760133,1,0,2937,6.937992572784424,23.604263305664062,5.390613533903991,0.06264896152536602,0.042560435818862784,summer-trafficable,conventional,0
38778638,03,0.44076827117867906,1,0,1103,9.975797653198242,23.365816116333008,5.115182592359836,0.06255666364460562,0.04533091568449683,summer-trafficable,conventional,0
38778115,03,0.42555134115982274,1,0,1062,5.8460693359375,11.482588768005371,5.9108566093712005,0.062146892655367235,0.0,summer-trafficable,conventional,0
38778022,03,3.293181825397205,1,0,8239,2.447394847869873,7.448668479919434,5.522972046896484,0.06214346401262289,0.0026702269692923898,summer-trafficable,conventional,0
38778980,02,1.8664427704178777,1,0,4663,3.734447479248047,9.460766792297363,5.512834748397426,0.06197726785331332,0.0,summer-trafficable,conventional,0
38778289,04,0.2260572022563315,1,0,567,9.523950576782227,17.39394187927246,5.455509028582777,0.06172839506172839,0.01763668430335097,summer-trafficable,conventional,0
38778270,03,1.135106468071827,0,0,2841,5.293842315673828,30.337812423706055,5.388926582912683,0.06159802886307638,0.06089405139035551,summer-trafficable,conventional,0
3356875,04,0.9346549212449173,1,0,2341,10.505290985107422,23.79475212097168,5.215259271931314,0.061512174284493806,0.04442545920546775,summer-trafficable,conventional,0
38779292,03,0.6416818037991148,1,0,1610,8.7786283493042,15.479637145996094,5.898505282149865,0.061490683229813665,0.0,summer-trafficable,conventional,0
38778249,03,0.30697433283021053,1,0,766,10.036243438720703,17.98086929321289,5.584102992833729,0.06135770234986945,0.0,summer-trafficable,conventional,0
38778774,04,1.043783421141543,0,1,2616,5.95794677734375,17.548826217651367,5.468298453682823,0.06116207951070336,0.017966360856269112,summer-trafficable,conventional,0
38779024,03,2.018206211235094,1,0,5058,6.628931045532227,17.335018157958984,5.1918173669027174,0.06109134045077105,0.015223408461842626,summer-trafficable,conventional,0
38778116,03,1.3632539934408692,1,0,3402,3.6338162422180176,8.730107307434082,5.396509249829912,0.06084656084656084,0.0005878894767783657,summer-trafficable,conventional,0
25784810,03,0.5625871258720112,0,1,1405,6.38070011138916,13.585211753845215,5.196142688820521,0.060498220640569395,0.0,summer-trafficable,conventional,0
3356877,04,1.3099388484853192,1,0,3277,6.715697765350342,17.331945419311523,4.981509230193843,0.06042111687519072,0.006713457430576747,summer-trafficable,conventional,0
511470,03,3.3113618518802066,1,0,3020,5.0447163581848145,12.458754539489746,5.682866069073218,0.06026490066225165,0.002317880794701987,summer-trafficable,conventional,0
38778805,A0,0.5509023671050504,0,0,963,5.901740074157715,17.340946197509766,5.5614573953882935,0.060228452751817235,0.0,summer-trafficable,conventional,0
38778246,03,2.4674120006523994,1,0,6167,6.278825283050537,14.619039535522461,5.732256414459151,0.05999675693205773,0.013458731960434572,summer-trafficable,conventional,0
38779100,04,1.1479387871169628,1,0,2870,6.591935634613037,14.905170440673828,5.384147713150902,0.059930313588850176,0.00662020905923345,summer-trafficable,conventional,0
38779008,T1,0.758752959404986,0,0,1903,8.215049743652344,21.686063766479492,5.893502909437643,0.05990541250656858,0.013137151865475564,summer-trafficable,conventional,0
38778091,03,0.8198080136568424,0,0,2048,6.81894588470459,10.941863059997559,5.56442205355528,0.05908203125,0.0009765625,summer-trafficable,conventional,0
25782703,03,1.1648059461739364,1,0,2915,5.131382465362549,10.307305335998535,5.563652893784152,0.058662092624356774,0.0,summer-trafficable,conventional,0
38778341,04,0.9562900554999946,1,0,2392,10.201935768127441,28.380571365356445,4.940802655986166,0.05852842809364549,0.08444816053511706,summer-trafficable,conventional,0
38779279,04,1.080761764261414,1,0,2702,3.2092995643615723,10.39897632598877,5.306082454405697,0.05847520355292376,0.0,summer-trafficable,conventional,0
38778682,03,0.7001436599555791,0,1,1755,7.3726935386657715,17.865283966064453,5.007331081469938,0.05811965811965812,0.011965811965811967,summer-trafficable,conventional,0
3356361,04,2.9320832141424527,1,0,7337,5.893860816955566,13.693987846374512,5.226176008908198,0.05792558266321385,0.0025896142837672073,summer-trafficable,conventional,0
3359042,04,0.16039462949847647,0,1,398,10.471487998962402,31.022863388061523,5.267843138300306,0.05778894472361809,0.09045226130653267,summer-trafficable,conventional,0
511299,02,3.966646324335194,1,0,468,4.049968242645264,11.556666374206543,5.271359669062645,0.057692307692307696,0.0,summer-trafficable,conventional,0
3356322,04,2.1002806498190427,1,0,5259,11.019213676452637,23.811187744140625,4.8347766242503845,0.05742536603917094,0.048678455980224376,summer-trafficable,conventional,0
38778357,04,1.9503372734278626,1,0,4871,10.66219711303711,23.380857467651367,5.405959156631353,0.05727776637240813,0.042291110654896324,summer-trafficable,conventional,0
38778878,04,0.8319691885775086,0,1,2083,10.223261833190918,19.486621856689453,5.593506154986773,0.057129140662506,0.012962073931829092,summer-trafficable,conventional,0
42856620,04,3.627506756770629,1,0,7232,7.474089622497559,18.835145950317383,4.970021708554085,0.05683075221238938,0.013412610619469027,summer-trafficable,conventional,0
38779187,04,1.6358875272028965,1,0,4086,8.111516952514648,18.208866119384766,5.527684349515433,0.056779246206558984,0.0024473813020068525,summer-trafficable,conventional,0
38778229,04,0.5498517717370622,0,1,1374,14.361510276794434,25.516551971435547,4.948226783569775,0.056768558951965066,0.08005822416302766,summer-trafficable,conventional,0
38778343,04,0.23168915072589322,1,0,582,10.043805122375488,25.05260467529297,4.97024359015714,0.05670103092783505,0.07731958762886598,summer-trafficable,conventional,0
38779150,03,0.29678062448807374,1,0,741,3.702261209487915,6.207550048828125,5.535328821784618,0.05668016194331984,0.0,summer-trafficable,conventional,0
38779055,03,1.2362963802272307,1,0,3089,7.196115493774414,15.36335563659668,5.230839878247643,0.05665263839430236,0.0012949174490126255,summer-trafficable,conventional,0
38778275,03,0.32455062066539947,1,0,814,7.709560394287109,17.747997283935547,5.446966372129117,0.056511056511056514,0.011056511056511056,summer-trafficable,conventional,0
511334,,0.5294963884674672,0,0,301,1.0003821849822998,2.1393275260925293,6.302158498195202,0.05647840531561462,0.0,summer-trafficable,conventional,0
38779117,03,0.6783068791569927,1,0,1695,3.2729742527008057,10.543746948242188,5.503569712661865,0.05604719764011799,0.0029498525073746312,summer-trafficable,conventional,0
38780046,03,0.628236561059206,1,0,1572,5.748373508453369,13.766805648803711,5.37090984124309,0.05597964376590331,0.0,summer-trafficable,conventional,0
26166756,04,0.32234979911433054,1,0,805,5.1462249755859375,9.461800575256348,5.62201226314938,0.055900621118012424,0.0,summer-trafficable,conventional,0
29038506,04,0.7671458238286981,1,0,1915,7.496392726898193,15.24229907989502,5.199674313376062,0.05587467362924282,0.0,summer-trafficable,conventional,0
38778559,04,5.3125462574865665,1,0,13271,4.001574516296387,11.897106170654297,5.536597493834603,0.05583603345640871,0.0034662045060658577,summer-trafficable,conventional,0
38778263,03,0.49732368541971383,1,0,1237,7.423234462738037,21.937030792236328,4.719266382368946,0.05578011317704123,0.03152789005658852,summer-trafficable,conventional,0
38778558,03,0.4429439022813721,1,0,1113,8.02552318572998,20.766845703125,4.72669266693111,0.055705300988319856,0.0215633423180593,summer-trafficable,conventional,0
38778154,03,0.6704148400457343,1,0,1673,7.368359565734863,14.812674522399902,5.048783944694468,0.055588762701733414,0.0,summer-trafficable,conventional,0
38779249,04,0.5891536958025951,1,0,1478,8.75236701965332,24.612939834594727,5.732703379273268,0.05548037889039242,0.052097428958051424,summer-trafficable,conventional,0
38779319,04,0.13636484402925586,0,1,343,11.642130851745605,22.485958099365234,5.128064449176152,0.05539358600583091,0.026239067055393587,summer-trafficable,conventional,0
3358746,04,1.2327691804409688,1,0,3083,11.048123359680176,27.87027931213379,5.115938624696555,0.05514109633473889,0.08206292572169964,summer-trafficable,conventional,0
38779233,04,0.5966882647137208,0,1,1489,10.62531566619873,23.671037673950195,4.912092988644023,0.055070517125587644,0.040295500335795834,summer-trafficable,conventional,0
3356908,04,0.8824301785213902,1,0,2199,9.737292289733887,20.673067092895508,4.989353007843229,0.055025011368804,0.03319690768531151,summer-trafficable,conventional,0
25782717,04,0.5424890973507314,1,0,1352,7.342564105987549,10.410024642944336,6.368502143310205,0.05473372781065089,0.0,summer-trafficable,conventional,0
3356320,03,1.6665826453857808,1,0,4153,6.82295036315918,16.05537223815918,5.3044819885424195,0.05441849265591139,0.011076330363592584,summer-trafficable,conventional,0
38778688,03,0.9018251021504217,1,0,2251,3.9921250343322754,10.765318870544434,5.289214070652156,0.054198134162594405,0.0,summer-trafficable,conventional,0
38778624,04,1.1163720032185784,1,0,2812,4.444032192230225,10.012848854064941,5.512198927209406,0.05369843527738265,0.0,summer-trafficable,conventional,0
38778710,03,0.5576672541229536,0,1,1398,11.396028518676758,21.549270629882812,5.093539787049876,0.0536480686695279,0.023605150214592276,summer-trafficable,conventional,0
38778536,03,0.5159062834633854,1,0,1289,6.200044631958008,13.99382209777832,4.869817033358281,0.05352986811481769,0.004654771140418929,summer-trafficable,conventional,0
38778597,03,0.7280596458280226,1,0,1817,6.30858039855957,16.999584197998047,4.843841993697557,0.053384700055035775,0.006604292790313704,summer-trafficable,conventional,0
511498,04,3.6415396343321547,1,0,9105,11.056416511535645,26.62156867980957,5.348756995538216,0.05315760571114772,0.07380560131795717,summer-trafficable,conventional,0
3356815,03,1.3375625210826396,1,0,3341,9.5946626663208,17.786039352416992,4.848316037807529,0.052978150254414845,0.005387608500448967,summer-trafficable,conventional,0
38778016,03,0.5786090960231624,1,0,1443,5.509886741638184,13.222732543945312,5.437163218107221,0.05266805266805267,0.0,summer-trafficable,conventional,0
3356776,04,1.754638792412276,1,0,4382,10.166654586791992,25.000455856323242,5.1360964221372205,0.052259242355089,0.05682336832496577,summer-trafficable,conventional,0
38779152,03,0.48793151366957,1,0,1226,5.312022686004639,10.614624977111816,5.37641753195136,0.052202283849918436,0.0,summer-trafficable,conventional,0
3358695,04,1.8963379145936532,1,0,4741,5.368840217590332,13.857555389404297,5.473228087230763,0.05209871335161358,0.028896857203121705,summer-trafficable,conventional,0
26167288,04,0.14763485809296942,1,0,367,10.059786796569824,24.93640899658203,5.022744458009951,0.051771117166212535,0.07084468664850137,summer-trafficable,conventional,0
38778974,03,2.8504535997702765,1,0,7130,6.201606273651123,12.46640682220459,5.711782521844717,0.05161290322580645,0.005049088359046283,summer-trafficable,conventional,0
38779156,03,0.32554442072720324,1,0,816,2.781114101409912,8.391141891479492,5.4387830715405405,0.051470588235294115,0.0,summer-trafficable,conventional,0
38778339,04,0.3673640639881762,1,0,914,9.660103797912598,26.117101669311523,5.058868891787488,0.05142231947483589,0.06455142231947483,summer-trafficable,conventional,0
37062844,04,1.6534785005398578,1,0,4134,7.708507061004639,20.059099197387695,5.1604593149188025,0.05128205128205128,0.028785679729075954,summer-trafficable,conventional,0
38779103,03,0.3523909817506615,1,0,878,5.0209550857543945,13.92824935913086,5.090433988407659,0.05125284738041002,0.0,summer-trafficable,conventional,0
26167913,03,0.27169018965818276,1,0,685,7.597043037414551,12.64105224609375,5.130185953765837,0.051094890510948905,0.0,summer-trafficable,conventional,0
38778735,03,1.7162359360432358,1,0,4287,5.406820774078369,18.231914520263672,5.301712159792437,0.05108467459762071,0.0165616981572195,summer-trafficable,conventional,0
38779207,03,0.4309087743961035,1,0,1080,5.943614959716797,14.16296100616455,5.226130746445941,0.05092592592592592,0.0,summer-trafficable,conventional,0
38779167,03,4.14194505848663,1,0,10351,6.557955741882324,14.068926811218262,5.271147162620618,0.05042991015360835,0.003477924838179886,summer-trafficable,conventional,0
38779135,03,0.33451991617639043,1,0,835,8.542766571044922,21.331031799316406,4.833767505051372,0.05029940119760479,0.03473053892215569,summer-trafficable,conventional,0
38778237,03,0.8625410965950837,1,0,2155,10.476442337036133,22.6605281829834,4.83517837285365,0.05011600928074246,0.035266821345707654,summer-trafficable,conventional,0
38778915,04,0.20788527987882316,1,0,519,2.157564878463745,4.4300312995910645,7.814889218605048,0.05009633911368015,0.0,summer-trafficable,conventional,0
38778128,03,0.819328996481652,1,0,2046,11.291803359985352,31.56226921081543,4.720806623178486,0.04985337243401759,0.09824046920821114,summer-trafficable,conventional,0
3356817,04,0.6195188672530892,1,0,1552,8.783370971679688,19.988544464111328,4.890340949003655,0.04961340206185567,0.01804123711340206,summer-trafficable,conventional,0
26167293,04,0.33036341958863996,1,0,828,10.799686431884766,23.08357810974121,4.929750942161805,0.049516908212560384,0.03985507246376811,summer-trafficable,conventional,0
38778539,03,1.1974393314452496,0,0,2992,10.232226371765137,20.290529251098633,5.414237813846085,0.04946524064171123,0.019385026737967916,summer-trafficable,conventional,0
3356842,03,0.3502463172192927,1,0,875,10.65914249420166,28.463058471679688,4.824674635848916,0.04914285714285714,0.07314285714285715,summer-trafficable,conventional,0
38778298,04,1.5438730532546554,0,0,3853,5.517488479614258,14.63794231414795,5.91244634907119,0.04905268621853102,0.004931222424085129,summer-trafficable,conventional,0
38779128,04,0.8118781449861391,0,1,2039,15.298050880432129,25.977928161621094,4.8372870777053265,0.04904364884747425,0.08729769494850417,summer-trafficable,conventional,0
3359724,04,0.8343641376472538,1,0,2081,5.620787620544434,15.817137718200684,5.000579184014201,0.0490148966842864,0.0019221528111484864,summer-trafficable,conventional,0
73542976,T1,2.4560597428688085,0,0,6141,10.606246948242188,23.027978897094727,5.083893953380495,0.04901481843347989,0.04412962058296695,summer-trafficable,conventional,0
38779225,03,0.49018798405549685,1,0,1226,7.2928972244262695,11.649368286132812,5.155552401642132,0.048939641109298535,0.0,summer-trafficable,conventional,0
38778329,04,1.126199232379073,1,0,2820,8.754392623901367,22.143741607666016,5.139035308821423,0.04893617021276596,0.03297872340425532,summer-trafficable,conventional,0
42850829,03,2.183292938752237,0,0,4635,1.7174084186553955,4.538796424865723,5.774801508775779,0.04875943905070119,0.0,summer-trafficable,conventional,0
38778119,04,0.3701155327981638,1,0,925,11.208483695983887,25.091032028198242,4.886219731958092,0.04864864864864865,0.061621621621621624,summer-trafficable,conventional,0
38778800,03,0.5958950741597474,1,0,1493,3.843832015991211,8.95681095123291,5.107265394473427,0.04822505023442733,0.0,summer-trafficable,conventional,0
3356931,04,0.3498685717722611,1,0,871,9.529927253723145,24.634403228759766,5.327386984636595,0.04822043628013777,0.060849598163030996,summer-trafficable,conventional,0
38778283,03,4.0877679816866195,1,0,10212,7.545119285583496,17.882112503051758,5.116466505893747,0.04808068938503721,0.023599686643164905,summer-trafficable,conventional,0
37126927,04,0.5419517054419886,1,0,1355,12.884265899658203,26.271574020385742,5.04065613001295,0.04797047970479705,0.06346863468634686,summer-trafficable,conventional,0
38779142,03,2.5599037464284025,1,0,6404,6.130980014801025,15.44189739227295,5.147686544412801,0.04778263585259213,0.01561524047470331,summer-trafficable,conventional,0
3359847,03,6.697379381565975,1,0,16751,4.536546230316162,12.934399604797363,5.114956346769085,0.047758342785505344,0.004477344636141126,summer-trafficable,conventional,0
37064929,03,1.6678393087808192,1,0,4167,8.01802921295166,20.00669288635254,5.055026745560958,0.04775617950563955,0.02255819534437245,summer-trafficable,conventional,0
38779016,04,0.7904708343032667,1,0,1971,8.134390830993652,16.50255584716797,5.36579527038431,0.047691527143581935,0.0,summer-trafficable,conventional,0
3356829,03,11.956736719061336,1,0,29882,5.536457538604736,15.424820899963379,5.427443930688564,0.04758717622649086,0.009002074827655445,summer-trafficable,conventional,0
3356852,04,0.781597553835255,1,0,1957,6.3932271003723145,19.086505889892578,4.971134112497128,0.04752171691364333,0.02350536535513541,summer-trafficable,conventional,0
38779116,04,1.536964279144292,1,0,3847,7.337650775909424,17.47101402282715,5.312888173946996,0.047309591889784244,0.0007798284377436964,summer-trafficable,conventional,0
3356717,04,3.7971844889917,1,0,9492,4.686007976531982,10.687576293945312,5.430402056056236,0.04730299199325748,0.00021070375052675939,summer-trafficable,conventional,0
38778079,03,1.8331071301261115,1,0,1269,2.015620231628418,4.516346454620361,5.584128635964783,0.04728132387706856,0.0,summer-trafficable,conventional,0
511606,04,3.5904024746439784,1,0,2034,4.622021198272705,10.46487808227539,5.208218533052273,0.0471976401179941,0.0,summer-trafficable,conventional,0
38778882,04,0.31532697574851265,0,1,791,14.611218452453613,28.770952224731445,4.871776745381029,0.04677623261694058,0.09102402022756005,summer-trafficable,conventional,0
38779145,03,0.33496164524662597,1,0,836,4.987932205200195,15.539178848266602,5.547006234203633,0.04665071770334928,0.01555023923444976,summer-trafficable,conventional,0
3356799,04,5.861479621674672,1,0,9733,10.447505950927734,22.347488403320312,5.029700032501864,0.046337203328881124,0.03524093290866125,summer-trafficable,conventional,0
37064991,04,2.373745040535086,1,0,5938,7.980435371398926,18.84735679626465,5.067150538629927,0.046311889525092624,0.02795554058605591,summer-trafficable,conventional,0
42850819,03,1.235225016028217,1,0,498,2.3631670475006104,7.501737594604492,5.763534663200745,0.04618473895582329,0.0,summer-trafficable,conventional,0
73246305,04,0.13013133109399336,1,0,325,13.563871383666992,24.27068328857422,5.238746306145138,0.046153846153846156,0.055384615384615386,summer-trafficable,conventional,0
38778472,03,0.8325485720206485,1,0,2063,7.391726970672607,19.466720581054688,5.42359548603575,0.046049442559379546,0.024721279689772176,summer-trafficable,conventional,0
38779105,03,1.5273634595694194,1,0,3824,9.016329765319824,22.022863388061523,4.876841717341942,0.04602510460251046,0.03844142259414226,summer-trafficable,conventional,0
3356866,04,0.8632096845268034,1,0,2154,12.538155555725098,26.525421142578125,4.732285922135089,0.04596100278551532,0.0872794800371402,summer-trafficable,conventional,0
38778277,03,0.7654230923966046,1,0,1918,6.765960693359375,14.815485954284668,5.023450693039101,0.045881126173096975,0.004171011470281543,summer-trafficable,conventional,0
38778828,03,2.3544345938286964,1,0,5893,10.03864574432373,19.773454666137695,5.243774287280987,0.04581707110130664,0.019005599864245715,summer-trafficable,conventional,0
3358724,04,0.50052871470711,1,0,1249,5.904135227203369,11.983406066894531,5.643965505593258,0.045636509207365894,0.0024019215372297837,summer-trafficable,conventional,0
3356925,,0.1315455747807218,0,0,329,1.2281850576400757,2.7371950149536133,6.343967401541217,0.04559270516717325,0.0,summer-trafficable,conventional,0
38779298,03,0.6616621135454464,1,0,1603,4.569970607757568,13.818678855895996,5.408365471631285,0.045539613225202745,0.008733624454148471,summer-trafficable,conventional,0
38778873,04,0.9212815200115801,1,0,2311,7.011088848114014,21.800907135009766,5.071957097110049,0.045434876676763304,0.02942449156209433,summer-trafficable,conventional,0
42857496,04,2.3904347478183072,1,0,4515,7.740144729614258,19.137353897094727,5.385972232577431,0.04540420819490587,0.02458471760797342,summer-trafficable,conventional,0
37062847,03,2.6323530275713085,1,0,6580,6.340696811676025,14.54053783416748,4.972579884733792,0.045288753799392095,0.010638297872340425,summer-trafficable,conventional,0
38779180,04,5.1798303292134715,1,0,12953,5.2173943519592285,10.882060050964355,5.594265878948823,0.045163282637226895,0.0018528526210144368,summer-trafficable,conventional,0
38778222,03,1.0411433662448077,1,0,2614,12.47567081451416,30.289653778076172,4.704640099486344,0.04475899005355777,0.08071920428462127,summer-trafficable,conventional,0
38778772,03,0.7036101680431555,1,0,1756,3.559576988220215,6.500373840332031,5.450059978045694,0.04441913439635535,0.0,summer-trafficable,conventional,0
37127345,03,2.2819427915682517,1,0,5701,9.206745147705078,22.611997604370117,4.57434527110887,0.043676547974039644,0.03490615681459393,summer-trafficable,conventional,0
38779035,04,0.9336810545941562,1,0,2337,10.767885208129883,27.43189811706543,4.623167975642333,0.043645699614890884,0.07659392383397519,summer-trafficable,conventional,0
38779164,04,0.7697833698408226,1,0,1926,9.639348030090332,22.559858322143555,5.049152894653133,0.04361370716510903,0.0347871235721703,summer-trafficable,conventional,0
38778127,04,3.150264963936786,1,0,7882,13.00086784362793,27.27132225036621,5.013131059659079,0.043516873889875664,0.08424257802588175,summer-trafficable,conventional,0
38779191,04,1.4763937741968158,1,0,3695,7.464169502258301,14.58768367767334,5.952632434502173,0.04330175913396482,0.005953991880920162,summer-trafficable,conventional,0
38779084,04,0.43625366563279583,0,1,1088,12.097352981567383,20.983713150024414,4.896278368375486,0.043198529411764705,0.009191176470588236,summer-trafficable,conventional,0
3358815,04,1.0890293694044133,1,0,2728,6.150352478027344,15.232824325561523,5.081353165758718,0.04288856304985337,0.007331378299120235,summer-trafficable,conventional,0
38778642,04,1.0758701166129032,1,0,2688,10.829787254333496,24.97451400756836,4.508419332882597,0.042782738095238096,0.058407738095238096,summer-trafficable,conventional,0
38778978,03,0.15869309143829285,1,0,399,8.793702125549316,14.40523624420166,5.1334401749836545,0.042606516290726815,0.0,summer-trafficable,conventional,0
38778448,03,1.051331527552383,1,0,2630,12.412775039672852,26.558753967285156,4.538891394257287,0.04258555133079848,0.08593155893536121,summer-trafficable,conventional,0
38778215,03,0.8934117082814049,1,0,2232,5.37770414352417,13.90272045135498,5.128102584148303,0.04256272401433692,0.0062724014336917565,summer-trafficable,conventional,0
3356768,04,0.5544451840218406,1,0,1389,6.646004676818848,14.515473365783691,4.979259774453486,0.042476601871850254,0.005039596832253419,summer-trafficable,conventional,0
38778747,04,0.9329420158961038,1,0,2331,10.36899185180664,24.468019485473633,5.249281089013805,0.04247104247104247,0.053625053625053626,summer-trafficable,conventional,0
38779304,03,2.20324229063516,1,0,5516,4.1129150390625,10.682540893554688,5.365458027639372,0.04224075416968818,0.0016316171138506164,summer-trafficable,conventional,0
37064988,04,3.6027805356777316,1,0,9009,7.868825435638428,19.060731887817383,4.85369159721492,0.042180042180042183,0.016872016872016872,summer-trafficable,conventional,0
38778468,03,0.6838100340293011,0,0,1712,7.311493396759033,17.517620086669922,4.990558843543125,0.04205607476635514,0.004672897196261682,summer-trafficable,conventional,0
38778816,04,1.4198504017723483,1,0,3546,5.129616737365723,12.099250793457031,5.2467000003180155,0.04201917653694304,0.0,summer-trafficable,conventional,0
38778599,03,0.34215645536395833,1,0,857,12.20325756072998,23.640033721923828,4.939331088393413,0.042007001166861145,0.042007001166861145,summer-trafficable,conventional,0
38779069,04,0.4191247953333609,1,0,1049,11.44752311706543,22.55247688293457,4.6368999148920444,0.04194470924690181,0.03908484270734033,summer-trafficable,conventional,0
38778519,02,1.3462333218413522,1,0,3367,5.888974189758301,12.986310005187988,5.260759383374587,0.04187704187704188,0.00297000297000297,summer-trafficable,conventional,0
38778086,03,4.6430251103140705,1,0,11606,8.772136688232422,24.121036529541016,5.272485368268916,0.04187489229708771,0.05014647596070998,summer-trafficable,conventional,0
3356832,04,0.3932284424489304,1,0,980,7.089920520782471,12.483250617980957,5.816705948748302,0.04183673469387755,0.0,summer-trafficable,conventional,0
37063342,04,3.9943943137780074,1,0,9987,8.144501686096191,23.282258987426758,5.018956386473191,0.04175428056473415,0.04605987784119355,summer-trafficable,conventional,0
38778982,03,2.8743058170610087,1,0,7185,6.939964294433594,15.890735626220703,5.312939079924803,0.04175365344467641,0.008072372999304106,summer-trafficable,conventional,0
38778476,,0.7439788466398858,0,0,72,8.676491737365723,19.023426055908203,3.842676924858264,0.041666666666666664,0.0,summer-trafficable,conventional,0
38778724,03,0.2952328488169455,1,0,745,8.020760536193848,18.740339279174805,4.8058348996527505,0.04161073825503356,0.009395973154362415,summer-trafficable,conventional,0
38778395,03,0.5760985233180757,1,0,1442,6.717647552490234,17.701658248901367,5.001904208569855,0.04160887656033287,0.021497919556171984,summer-trafficable,conventional,0
3356820,04,0.789436373754371,1,0,1973,13.504312515258789,26.855846405029297,4.890712076401123,0.04156107450582869,0.0902179422199696,summer-trafficable,conventional,0
38779160,04,0.40457945003162793,1,0,1012,12.421074867248535,25.370174407958984,5.502015142489331,0.041501976284584984,0.08399209486166008,summer-trafficable,conventional,0
38778639,04,0.6373680108291653,1,0,1591,10.725251197814941,23.894319534301758,4.976430055291982,0.041483343808925204,0.04776869893148963,summer-trafficable,conventional,0
37064989,04,6.768691346316734,1,0,16927,6.959362030029297,14.991266250610352,5.38810245062509,0.041472204170851304,0.003544632835115496,summer-trafficable,conventional,0
42850820,03,0.9451970180655195,1,0,603,3.8826467990875244,9.264667510986328,5.575021060714828,0.04145936981757877,0.0,summer-trafficable,conventional,0
38779228,04,1.0706187027414722,1,0,2678,5.754189968109131,15.022222518920898,5.207234967290541,0.041448842419716206,0.0011202389843166542,summer-trafficable,conventional,0
38778822,03,0.5433221905564315,1,0,1353,11.254136085510254,21.03995132446289,5.623494987749766,0.04138950480413895,0.011086474501108648,summer-trafficable,conventional,0
3356524,04,0.5599854637502347,1,0,1235,10.50336742401123,22.4196720123291,4.708140138373743,0.04129554655870445,0.03724696356275304,summer-trafficable,conventional,0
38778981,03,0.5941590847641777,0,0,1487,1.724012017250061,3.3856308460235596,5.93780651598454,0.0410221923335575,0.0,summer-trafficable,conventional,0
38778887,04,0.17159763582488446,1,0,439,9.168458938598633,18.427087783813477,4.562962305764834,0.04100227790432802,0.00683371298405467,summer-trafficable,conventional,0
38778537,03,1.6059855690208262,1,0,4014,8.092328071594238,15.099386215209961,5.169920142097121,0.0408570004982561,0.0017438963627304435,summer-trafficable,conventional,0
38778223,03,0.8699901560432459,1,0,2180,9.83810806274414,19.876405715942383,5.258261577315494,0.0408256880733945,0.02614678899082569,summer-trafficable,conventional,0
3359884,03,1.659583001879944,1,0,4148,4.565576553344727,10.368316650390625,4.992528472516911,0.040742526518804244,0.00024108003857280618,summer-trafficable,conventional,0
3356939,04,2.6454310601685527,1,0,4958,6.010621070861816,13.051239967346191,5.029929874129948,0.040742234772085516,0.0,summer-trafficable,conventional,0
38779044,03,2.2502670096310706,1,0,5622,6.28682804107666,15.468294143676758,5.2228810472744875,0.040732835289932406,0.006047669868374244,summer-trafficable,conventional,0
38778563,04,0.8307746365786741,1,0,2072,6.0647687911987305,13.756361961364746,5.43302306243659,0.04054054054054054,0.0,summer-trafficable,conventional,0
3356869,04,1.8062715641639593,1,0,4513,6.193492412567139,17.045995712280273,5.317458752381571,0.04032794150232661,0.010857522712164856,summer-trafficable,conventional,0
38778825,03,3.5108201072618583,1,0,8548,5.724975109100342,13.015433311462402,5.283676087256427,0.040243331773514274,0.000584932147870847,summer-trafficable,conventional,0
37064987,04,3.6157365112698163,1,0,9040,7.162428855895996,18.77845573425293,4.742301032731166,0.04015486725663717,0.01670353982300885,summer-trafficable,conventional,0
3359819,04,1.06773788189484,1,0,2667,7.596553325653076,14.380265235900879,5.8568578773077205,0.04011998500187477,0.0026246719160104987,summer-trafficable,conventional,0
3358700,04,3.477175643065402,1,0,8689,5.803745269775391,11.94118595123291,5.331160677840839,0.040050638738635055,0.00563931407526758,summer-trafficable,conventional,0
511495,04,1.7911176629519898,1,0,150,3.150103807449341,6.623678684234619,5.111344806435826,0.04,0.0,summer-trafficable,conventional,0
3356715,04,1.3914583320927498,1,0,3474,6.5994553565979,16.56248664855957,4.834470043308435,0.039723661485319514,0.011226252158894647,summer-trafficable,conventional,0
3356713,04,0.7197618784832773,1,0,1797,10.845969200134277,27.37937355041504,4.638395793583137,0.03951029493600445,0.07011686143572621,summer-trafficable,conventional,0
26167946,04,0.6667393993947403,1,0,1673,4.586606025695801,9.453520774841309,5.519709920862964,0.03945008965929468,0.0,summer-trafficable,conventional,0
38778577,03,1.1558444982544245,1,0,2893,7.880697250366211,18.613550186157227,4.947603315558884,0.0394054614586934,0.008987210508123056,summer-trafficable,conventional,0
38778363,04,0.8441488748442374,1,0,2109,10.943106651306152,24.158918380737305,4.553426682712006,0.039355144618302515,0.051209103840682786,summer-trafficable,conventional,0
38778607,03,0.3676830322238537,1,0,919,6.439507961273193,10.430292129516602,5.384493794781393,0.03917301414581066,0.0,summer-trafficable,conventional,0
38779307,04,0.3682086244593241,1,0,920,10.096360206604004,17.257713317871094,5.906698557679641,0.0391304347826087,0.003260869565217391,summer-trafficable,conventional,0
25782709,03,0.6387716973359586,0,1,1588,1.5883493423461914,3.8269686698913574,5.608657145690004,0.03904282115869018,0.0,summer-trafficable,conventional,0
39520999,04,5.664384216479897,0,1,3336,7.429134368896484,26.65853500366211,5.070857259628438,0.03896882494004796,0.0632494004796163,summer-trafficable,conventional,0
38780075,,0.2503497966667523,0,0,616,5.025888919830322,9.739505767822266,5.687387911267886,0.03896103896103896,0.0,summer-trafficable,conventional,0
38779131,04,0.32931246348016213,0,1,823,17.659372329711914,25.37798309326172,5.0427030011323195,0.038882138517618466,0.08626974483596597,summer-trafficable,conventional,0
38779230,04,0.2676386251113714,1,0,669,2.179921865463257,5.173755645751953,5.414892998856061,0.03886397608370702,0.0,summer-trafficable,conventional,0
3356779,Y1,6.242590771318567,1,0,15623,12.400993347167969,27.66314697265625,4.835661307502338,0.03872495679446969,0.08845932279331754,summer-trafficable,conventional,0
38778168,03,0.9914400679637906,1,0,2483,8.037230491638184,16.24660873413086,4.937930378114815,0.038662907772855415,0.009262988320579944,summer-trafficable,conventional,0
38778028,T1,1.7749260635874655,0,0,4442,7.81683874130249,18.62294578552246,5.483204310027633,0.0384961728950923,0.005628095452498875,summer-trafficable,conventional,0
37127355,03,2.3189900029132224,1,0,5768,13.885241508483887,26.300764083862305,4.776544559275139,0.0384882108183079,0.09327323162274619,summer-trafficable,conventional,0
38778111,03,1.021383618211919,1,0,2551,11.69155502319336,24.982730865478516,4.987504183359079,0.03841630733045864,0.061936495491963936,summer-trafficable,conventional,0
38778126,03,1.1989181821143728,1,0,3005,6.773303508758545,18.080631256103516,4.970733661073192,0.03826955074875208,0.013643926788685524,summer-trafficable,conventional,0
26167909,03,0.7059861044961773,1,0,262,5.59939432144165,12.073144912719727,4.9364259262071695,0.03816793893129771,0.0,summer-trafficable,conventional,0
38778567,04,0.3042785642762804,1,0,762,12.36412239074707,30.762697219848633,5.369972386197021,0.03805774278215223,0.09973753280839895,summer-trafficable,conventional,0
38778403,04,0.684712180236574,1,0,1710,6.909031391143799,13.977764129638672,4.657220483136315,0.038011695906432746,0.004678362573099415,summer-trafficable,conventional,0
25782697,03,0.6119251323877866,0,1,1532,3.640552282333374,9.229022026062012,5.183665381426334,0.037859007832898174,0.0,summer-trafficable,conventional,0
38778545,03,0.9241786025379118,0,0,2306,7.277170181274414,15.303537368774414,5.278799377681502,0.03772766695576756,0.002168256721595837,summer-trafficable,conventional,0
38778293,03,1.0544318482627266,1,0,2637,10.239805221557617,26.646413803100586,5.207024445726349,0.03754266211604096,0.07432688661357603,summer-trafficable,conventional,0
38779184,03,0.4694820714565857,1,0,1173,6.528544902801514,9.87413215637207,6.097690458141484,0.03751065643648764,0.0,summer-trafficable,conventional,0
38778475,03,0.5117333654610282,1,0,1280,9.136605262756348,22.048843383789062,4.303509310732231,0.0375,0.0328125,summer-trafficable,conventional,0
3356836,04,4.487337806729397,1,0,4707,10.792665481567383,25.654760360717773,4.617610847766276,0.03739111960909284,0.06203526662417676,summer-trafficable,conventional,0
38778209,03,1.4665668185015681,1,0,3671,5.230228424072266,13.4566068649292,5.043685971995979,0.03731953146281667,0.005448106782892944,summer-trafficable,conventional,0
38778561,04,0.6949842952337479,1,0,1743,5.685880184173584,13.360897064208984,5.358696650439136,0.037292025243832475,0.0034423407917383822,summer-trafficable,conventional,0
3358844,,0.9328913209433555,0,0,2336,4.97332763671875,11.520268440246582,5.19298755825945,0.03724315068493151,0.0,summer-trafficable,conventional,0
38779168,03,1.3884933145700409,1,0,3477,5.84547233581543,13.046756744384766,5.514707391021415,0.03710094909404659,0.0025884383088869713,summer-trafficable,conventional,0
38779079,04,0.2820258491392959,1,0,702,4.605118274688721,12.670210838317871,5.25107998116603,0.037037037037037035,0.008547008547008548,summer-trafficable,conventional,0
511550,04,1.0443187616236558,1,0,2354,3.7155277729034424,8.441110610961914,5.244784745206672,0.03695836873406967,0.0,summer-trafficable,conventional,0
38778106,03,1.4522736798998312,1,0,3626,8.306808471679688,20.006513595581055,4.845025276663373,0.03695532266960838,0.023166023166023165,summer-trafficable,conventional,0
38778190,A0,0.05450196373004553,0,0,136,5.700270652770996,11.526110649108887,5.20949036776571,0.03676470588235294,0.0,summer-trafficable,conventional,0
38778031,T1,0.8703391575273767,0,0,2178,5.540435314178467,13.947966575622559,5.202905756727536,0.03673094582185491,0.0004591368227731864,summer-trafficable,conventional,0
3358726,03,7.557869304700173,0,0,18898,4.8192949295043945,12.02673625946045,5.149638264850383,0.03672346280029633,0.0026986982749497303,summer-trafficable,conventional,0
38779210,03,2.197855598205542,1,0,5502,10.304736137390137,25.836414337158203,4.9748363850592865,0.036713922210105415,0.06524900036350419,summer-trafficable,conventional,0
3356846,,0.40307549357032224,0,0,1008,10.711358070373535,22.77037811279297,4.319163372509775,0.03670634920634921,0.03869047619047619,summer-trafficable,conventional,0
3358753,03,0.28226639439350654,1,0,709,3.7135426998138428,8.829846382141113,5.623475413678246,0.036671368124118475,0.0,summer-trafficable,conventional,0
38779033,04,7.396407459767847,1,0,18492,11.706778526306152,23.857135772705078,5.015752970948077,0.03666450356911097,0.04693921695868484,summer-trafficable,conventional,0
38778553,03,0.20794498676618242,0,0,520,4.794116973876953,9.387345314025879,6.092854838417342,0.03653846153846154,0.0,summer-trafficable,conventional,0
38779201,03,0.35052072141242324,1,0,877,11.000646591186523,24.077489852905273,5.161509691160853,0.036488027366020526,0.04903078677309008,summer-trafficable,conventional,0
26166817,04,0.3502082758293501,1,0,877,7.653565406799316,13.712165832519531,5.74919371097962,0.036488027366020526,0.0,summer-trafficable,conventional,0
3356840,04,0.29815237966908237,1,0,743,13.570451736450195,23.44989776611328,4.837443781527623,0.03633916554508748,0.04172274562584118,summer-trafficable,conventional,0
38779246,T2,2.288688715635571,0,0,5727,8.17624568939209,24.07832908630371,5.033313042079441,0.036319189802689014,0.04958966299982539,summer-trafficable,conventional,0
38779291,02,0.6387542643454523,1,0,1598,7.28196382522583,15.032145500183105,6.36288116023972,0.03629536921151439,0.0,summer-trafficable,conventional,0
3356926,03,1.6046309247912267,1,0,4011,3.98500919342041,9.027217864990234,5.09888672802642,0.036150585888805785,0.0,summer-trafficable,conventional,0
3356718,04,1.31928317472686,1,0,3301,11.231338500976562,26.213706970214844,4.98210305750493,0.03604968191457134,0.06543471675249925,summer-trafficable,conventional,0
38778613,04,0.4671550683182228,1,0,1166,4.744323253631592,10.181472778320312,5.2621679001167605,0.036020583190394515,0.0,summer-trafficable,conventional,0
3356742,04,1.11908109034095,1,0,2805,11.02279281616211,22.853759765625,5.076194827583767,0.03600713012477719,0.036720142602495544,summer-trafficable,conventional,0
3356716,03,3.3333241078588776,1,0,8336,4.405339241027832,7.9862260818481445,5.538954807573457,0.035868522072936664,0.0,summer-trafficable,conventional,0
3358794,04,0.6926126783070972,1,0,1732,5.620769023895264,11.294537544250488,5.214788660282997,0.03579676674364896,0.0,summer-trafficable,conventional,0
38778439,03,0.6064520462809766,1,0,1517,10.277563095092773,21.212848663330078,5.089165098186933,0.035596572181938034,0.03032300593276203,summer-trafficable,conventional,0
25784808,03,0.4497676736198861,0,0,1124,6.462980270385742,12.598158836364746,5.223568832885291,0.03558718861209965,0.0,summer-trafficable,conventional,0
38778739,04,0.30403104013609333,1,0,759,10.898675918579102,22.397737503051758,5.37353197847926,0.03557312252964427,0.023715415019762844,summer-trafficable,conventional,0
38778167,04,1.241251137542332,1,0,3107,9.26170825958252,25.59932518005371,5.052245698754616,0.035403926617315735,0.06147409076279369,summer-trafficable,conventional,0
9798859,04,0.47635437394018554,1,0,1193,9.299063682556152,31.950483322143555,5.240584784143581,0.03520536462699078,0.06789606035205364,summer-trafficable,conventional,0
38778771,04,0.4125721431637909,1,0,1030,7.540268898010254,17.353675842285156,5.452347454070764,0.03495145631067961,0.019417475728155338,summer-trafficable,conventional,0
3356773,03,3.732226779519676,1,0,9330,7.292719841003418,18.173412322998047,5.542470089884231,0.034941050375133974,0.01414790996784566,summer-trafficable,conventional,0
3358728,04,1.6421036355622576,1,0,4096,5.660828590393066,16.414600372314453,4.949641021234772,0.034912109375,0.011962890625,summer-trafficable,conventional,0
38778585,04,0.5740885405929592,0,1,1436,6.972309589385986,17.076400756835938,4.778789408568746,0.034818941504178275,0.004874651810584958,summer-trafficable,conventional,0
26166757,04,0.18420699370476484,1,0,460,5.837894439697266,12.19798469543457,5.346594199333643,0.034782608695652174,0.0,summer-trafficable,conventional,0
38778166,04,1.2910881407780872,1,0,3224,10.551358222961426,23.6396484375,4.863647355279439,0.034739454094292806,0.04311414392059553,summer-trafficable,conventional,0
38779227,04,0.8064564159708518,1,0,2018,7.770504951477051,16.4871826171875,5.38466933495822,0.03468780971258672,0.0,summer-trafficable,conventional,0
38779171,02,0.6012035345973444,1,0,1503,4.388768196105957,8.493125915527344,5.793127956945229,0.034597471723220224,0.0,summer-trafficable,conventional,0
38779276,04,0.1977169298117204,1,0,492,3.967160940170288,6.975940704345703,5.410769126731473,0.034552845528455285,0.0,summer-trafficable,conventional,0
3356393,03,1.9450228986175822,1,0,4867,9.359562873840332,19.79867172241211,5.247780733294063,0.0345181836860489,0.010889665091432094,summer-trafficable,conventional,0
38778927,04,0.9834403934742886,1,0,2463,10.396968841552734,19.732275009155273,5.857164387559816,0.03451075923670321,0.007714169711733658,summer-trafficable,conventional,0
3356796,Y1,3.5123606144138293,0,0,8781,9.432106018066406,21.755807876586914,5.01998271809542,0.03450632046463956,0.034392438218881674,summer-trafficable,conventional,0
38778810,03,2.341972045265969,1,0,4266,4.664519309997559,8.803726196289062,5.426843312475044,0.034458509142053444,0.0,summer-trafficable,conventional,0
38778251,,1.5947933824088296,0,0,3981,6.706654071807861,16.182973861694336,4.602881385037941,0.034413463953780456,0.006028636021100226,summer-trafficable,conventional,0
3356834,03,2.766408580320662,1,0,6464,9.854837417602539,21.830093383789062,5.143429478354491,0.03403465346534654,0.03047648514851485,summer-trafficable,conventional,0
37126397,03,1.754011931024217,1,0,4381,10.481616020202637,22.5417537689209,4.864471019605514,0.03401049988587081,0.03538005021684547,summer-trafficable,conventional,0
29038497,04,2.538787683399508,1,0,6347,6.890550136566162,18.694900512695312,4.788301183807921,0.033874271309279974,0.020639672286119428,summer-trafficable,conventional,0
511499,04,0.804741714251303,1,0,2013,5.616357326507568,11.752811431884766,5.191741207031357,0.03378042722305018,0.0,summer-trafficable,conventional,0
38778491,04,1.4948493967792698,1,0,3734,11.742727279663086,26.395849227905273,5.030046375313267,0.033743974290305304,0.07793251205141939,summer-trafficable,conventional,0
38779242,04,0.95295373081165,1,0,2379,6.522332668304443,21.708646774291992,5.137666114659772,0.03362757461118117,0.023118957545187054,summer-trafficable,conventional,0
38778208,04,0.50950324095927,1,0,1279,13.384846687316895,27.56402587890625,4.864621110622409,0.033620015637216574,0.08287724784988272,summer-trafficable,conventional,0
74341045,03,1.407207478114877,1,0,3513,7.1809916496276855,21.24704360961914,4.899405820665822,0.03358952462282949,0.03188158269285511,summer-trafficable,conventional,0
3356835,03,3.519749549405205,1,0,421,6.903113842010498,16.522544860839844,4.362012656264351,0.0332541567695962,0.0,summer-trafficable,conventional,0
38778604,03,0.6826779923101562,1,0,1693,6.570817947387695,27.752485275268555,5.139843405396314,0.03307737743650325,0.06674542232722977,summer-trafficable,conventional,0
38778353,03,0.3502490476650938,1,0,877,13.195394515991211,29.727514266967773,4.703441157902423,0.0330672748004561,0.09236031927023945,summer-trafficable,conventional,0
3356593,04,3.0336874224455785,1,0,7585,9.25719928741455,24.217531204223633,4.820497438521063,0.03295978905735003,0.05088991430454845,summer-trafficable,conventional,0
17651778,03,16.000974990605634,1,0,40012,10.016972541809082,24.548189163208008,4.677322213735125,0.03294011796461062,0.05208437468759372,summer-trafficable,conventional,0
39520998,03,2.881715533566164,0,1,5456,8.964761734008789,23.44577980041504,4.453088989808573,0.03280791788856305,0.04600439882697947,summer-trafficable,conventional,0
39521333,,2.249360124621635,0,0,1069,5.988897323608398,13.928017616271973,5.192444203089877,0.03274087932647334,0.0,summer-trafficable,conventional,0
38779182,04,2.2617309811730766,1,0,5655,4.884799957275391,12.182075500488281,5.261394435639926,0.032714412024756855,0.0014146772767462423,summer-trafficable,conventional,0
38778023,,1.9879756924513532,0,0,4965,7.497960567474365,20.961830139160156,4.6924359893003045,0.03262839879154079,0.022960725075528703,summer-trafficable,conventional,0
38778592,04,0.15916625974323637,0,1,399,13.313730239868164,26.39383316040039,5.578887240058647,0.03258145363408521,0.07518796992481203,summer-trafficable,conventional,0
38779122,04,0.26964821226075514,1,0,677,9.302535057067871,23.508237838745117,5.158391741334119,0.03249630723781388,0.04579025110782865,summer-trafficable,conventional,0
38778404,04,0.445935362236323,1,0,1110,7.410783767700195,22.305316925048828,5.292483106093026,0.032432432432432434,0.02972972972972973,summer-trafficable,conventional,0
38778248,03,1.0013090021804272,1,0,2503,5.719865798950195,13.431343078613281,4.988108169008756,0.032361166600079906,0.007191370355573312,summer-trafficable,conventional,0
38778765,03,0.689954162815821,1,0,1734,7.428907871246338,15.056715965270996,4.928932570137992,0.03229527104959631,0.0,summer-trafficable,conventional,0
38779205,03,0.5340393148452542,1,0,1333,6.065188884735107,14.486312866210938,4.775571459097064,0.03225806451612903,0.0,summer-trafficable,conventional,0
3358816,04,0.49894708673073346,1,0,1249,6.042442321777344,13.553640365600586,5.354947541401915,0.032025620496397116,0.0,summer-trafficable,conventional,0
38778839,03,0.7014066077258069,0,0,1754,9.646060943603516,23.331302642822266,4.897505260611972,0.03192702394526796,0.046750285062713795,summer-trafficable,conventional,0
38780062,04,1.5832340852415134,1,0,3952,9.561598777770996,23.452587127685547,4.990500775083277,0.03188259109311741,0.041751012145748986,summer-trafficable,conventional,0
37126926,03,0.4018358236405186,1,0,1005,12.212424278259277,19.44723129272461,4.631251672872539,0.031840796019900496,0.0,summer-trafficable,conventional,0
38778354,04,2.2184500313613014,1,0,5550,7.009051322937012,19.986539840698242,4.725648118198526,0.031711711711711714,0.02738738738738739,summer-trafficable,conventional,0
38778780,04,0.6556623896709273,1,0,1641,5.427748680114746,9.865144729614258,5.345207830581638,0.031687995124923825,0.0,summer-trafficable,conventional,0
38778137,04,0.8855692563776223,1,0,2210,11.115370750427246,29.728378295898438,5.052823818279743,0.03167420814479638,0.08190045248868778,summer-trafficable,conventional,0
38778576,04,0.5308104687250321,1,0,1328,5.227267742156982,13.692283630371094,5.084736885392128,0.03162650602409638,0.002259036144578313,summer-trafficable,conventional,0
37127349,04,1.0135170572474583,1,0,2533,7.131998062133789,14.825072288513184,4.792351227658818,0.03158310303987367,0.007500986971969996,summer-trafficable,conventional,0
3356903,04,3.2627198433890268,1,0,8158,7.28087854385376,15.575096130371094,5.015456097583007,0.031502819318460405,0.001103211571463594,summer-trafficable,conventional,0
38778350,04,1.2958309580572722,1,0,3238,10.545771598815918,26.096067428588867,4.543448587755889,0.03150092649783817,0.06948733786287832,summer-trafficable,conventional,0
38779289,03,0.8238548920380301,1,0,2065,9.241085052490234,18.67331314086914,5.876478544257075,0.031476997578692496,0.0009685230024213075,summer-trafficable,conventional,0
38778565,04,1.0948137866239365,1,0,2736,4.986819744110107,10.582219123840332,5.335108042604345,0.031432748538011694,0.0,summer-trafficable,conventional,0
38779284,03,0.2834631278355586,1,0,703,3.2433395385742188,6.87663459777832,5.372447040191372,0.031294452347083924,0.0,summer-trafficable,conventional,0
3356451,,1.5001154773178864,0,0,3742,3.6185357570648193,7.481963157653809,5.2146584996615815,0.031266702298236235,0.0,summer-trafficable,conventional,0
38778130,04,0.3832389597277936,1,0,960,12.073394775390625,29.15580177307129,4.7970548456231885,0.03125,0.08854166666666667,summer-trafficable,conventional,0
38779241,04,0.8447946770606374,1,0,2113,5.3036885261535645,12.881152153015137,5.093646078164662,0.031235210601041175,0.00946521533364884,summer-trafficable,conventional,0
3358696,03,0.32060918515822234,1,0,804,8.620485305786133,16.051584243774414,5.7929449102337625,0.03109452736318408,0.0012437810945273632,summer-trafficable,conventional,0
511278,04,0.42728816628722915,1,0,161,1.0829782485961914,1.990497350692749,5.8037012799322545,0.031055900621118012,0.0,summer-trafficable,conventional,0
38778112,04,1.2494348864815539,1,0,3125,8.186585426330566,21.57657814025879,4.4686482458648875,0.03104,0.02752,summer-trafficable,conventional,0
74020461,03,0.8770427739193086,0,0,2191,11.120583534240723,20.82689666748047,5.218930100762557,0.031036056595162027,0.020538566864445457,summer-trafficable,conventional,0
38779158,03,0.3872902290492686,0,0,977,9.456640243530273,25.624738693237305,4.435409165021491,0.030706243602865915,0.062436028659160696,summer-trafficable,conventional,0
3358750,04,2.636981315706049,1,0,6585,5.5815300941467285,13.029656410217285,4.940333350326256,0.03067577828397874,0.005466970387243736,summer-trafficable,conventional,0
38778583,04,0.2987546469297542,1,0,750,5.384164810180664,11.105703353881836,5.8571343874402935,0.030666666666666665,0.0,summer-trafficable,conventional,0
38778217,03,3.225088658500171,1,0,8068,6.616983890533447,16.258760452270508,4.78308057153035,0.03061477441745166,0.012394645513138325,summer-trafficable,conventional,0
37065041,03,4.17325830749139,0,1,10433,8.160612106323242,20.603370666503906,4.5998579800373,0.030576056743026932,0.02856321288220071,summer-trafficable,conventional,0
38778614,04,0.2897624110423547,1,0,720,8.647130012512207,16.408924102783203,4.960062814361268,0.030555555555555555,0.001388888888888889,summer-trafficable,conventional,0
38779049,04,1.1176572640596143,1,0,2793,6.348355770111084,13.745925903320312,5.088923121255778,0.030433225921947728,0.002506265664160401,summer-trafficable,conventional,0
38778415,03,0.5634194603442577,1,0,1413,10.615017890930176,24.149566650390625,4.825303458980782,0.03043170559094126,0.05024769992922859,summer-trafficable,conventional,0
37064935,04,0.6342359648382788,1,0,1582,9.143054962158203,18.84502410888672,4.85301164396641,0.03034134007585335,0.0012642225031605564,summer-trafficable,conventional,0
3356855,04,2.5350405574703743,1,0,6339,10.153870582580566,25.063230514526367,5.006867414626525,0.03028868906767629,0.05489824893516328,summer-trafficable,conventional,0
39521077,04,0.5096467706836023,1,0,334,4.622282981872559,14.208584785461426,4.792770405010184,0.029940119760479042,0.0,summer-trafficable,conventional,0
38779281,03,0.9389336501744863,1,0,2347,4.799862384796143,10.989498138427734,5.2237793316045575,0.02982530890498509,0.0,summer-trafficable,conventional,0
511517,04,10.135495917184475,1,0,25062,9.978928565979004,23.57114601135254,4.575528446657814,0.029766179873912696,0.045726598036868564,summer-trafficable,conventional,0
38778207,03,0.5237271799185007,1,0,1311,10.056706428527832,18.889205932617188,5.206561336730909,0.029748283752860413,0.02593440122044241,summer-trafficable,conventional,0
38778860,04,2.3093380020730994,1,0,5765,8.441344261169434,16.72445297241211,5.307701901844742,0.02966175195143105,0.0015611448395490026,summer-trafficable,conventional,0
38779282,03,0.890673152568496,1,0,2227,5.286521911621094,8.143046379089355,5.550297504317786,0.029636281993713515,0.000898069151324652,summer-trafficable,conventional,0
511557,04,4.869817459451675,1,0,12130,9.793150901794434,20.592849731445312,4.806601566369874,0.02951360263808739,0.026875515251442703,summer-trafficable,conventional,0
37064984,03,2.087160648461683,1,0,5223,12.115497589111328,26.690093994140625,4.684487154847416,0.02948497032356883,0.0762014168102623,summer-trafficable,conventional,0
37064977,04,0.5851852042419973,1,0,1460,4.278295040130615,10.078032493591309,4.954104707657075,0.02945205479452055,0.0,summer-trafficable,conventional,0
3356891,04,0.38018726861390334,1,0,951,5.1812052726745605,12.937450408935547,4.987033914222822,0.029442691903259727,0.0010515247108307045,summer-trafficable,conventional,0
37064933,03,1.4423531298027394,1,0,3611,6.8703389167785645,17.792133331298828,4.949513116199506,0.029354749376903903,0.01633896427582387,summer-trafficable,conventional,0
37064938,04,1.8717385286288446,1,0,4675,4.260900020599365,10.776371002197266,5.022158218080308,0.0293048128342246,0.0012834224598930481,summer-trafficable,conventional,0
38779317,04,0.3017990808456017,1,0,751,3.806211471557617,7.922080039978027,5.2928086681605455,0.02929427430093209,0.0,summer-trafficable,conventional,0
38778225,03,1.6947704029883297,1,0,4236,10.009592056274414,22.38079833984375,4.84948429144391,0.02927289896128423,0.032577903682719546,summer-trafficable,conventional,0
38779260,03,0.8629944444329102,1,0,1299,5.450954437255859,11.180298805236816,5.493564049248578,0.029253271747498075,0.0,summer-trafficable,conventional,0
3356786,04,1.5546201359737075,1,0,137,9.851799011230469,23.590208053588867,3.673667349459121,0.029197080291970802,0.043795620437956206,summer-trafficable,conventional,0
38778535,02,0.689819438430202,1,0,1721,4.333970546722412,9.20415210723877,4.981633911217717,0.02905287623474724,0.0,summer-trafficable,conventional,0
38780057,03,0.37331182698660914,1,0,932,9.211555480957031,18.415681838989258,4.805388773481635,0.028969957081545063,0.0,summer-trafficable,conventional,0
38778653,Y1,1.4787092600488032,0,0,3696,12.414566993713379,25.919992446899414,5.485246811326398,0.028950216450216452,0.06439393939393939,summer-trafficable,conventional,0
38779139,03,2.6802605799313683,1,0,6703,7.605018138885498,19.967823028564453,5.238589070757299,0.02894226465761599,0.027152021482918096,summer-trafficable,conventional,0
38779273,03,0.20668225379585706,1,0,519,2.956768274307251,5.1819539070129395,5.903844535610406,0.028901734104046242,0.0,summer-trafficable,conventional,0
38779077,04,0.8169934904467523,0,1,2042,13.16218376159668,24.683330535888672,5.052811930296586,0.02889324191968658,0.05680705190989226,summer-trafficable,conventional,0
38778654,02,0.8608026398951281,1,0,2153,10.137479782104492,25.791122436523438,4.382298531006285,0.028797027403622853,0.06409660938225732,summer-trafficable,conventional,0
38779316,T1,0.6958775555026897,0,0,1741,2.5815467834472656,5.925765514373779,5.313638619645782,0.02871912693854107,0.0,summer-trafficable,conventional,0
38778234,03,0.9597646995040443,1,0,2403,5.753739833831787,12.779681205749512,5.28411057386809,0.02871410736579276,0.0033291718684977114,summer-trafficable,conventional,0
38778311,03,0.22277092514198243,1,0,558,6.025588512420654,12.918930053710938,5.171289002300238,0.02867383512544803,0.0,summer-trafficable,conventional,0
38778763,04,0.28035705151777923,1,0,705,7.527478218078613,14.316661834716797,4.429803902488454,0.028368794326241134,0.0,summer-trafficable,conventional,0
38779013,04,2.3714789394160776,1,0,5926,10.799981117248535,22.741607666015625,5.035730440966271,0.028180897738778264,0.03695578805264934,summer-trafficable,conventional,0
38780059,04,0.48449751696462207,1,0,1207,9.108630180358887,21.342309951782227,5.363263168782357,0.028169014084507043,0.024855012427506214,summer-trafficable,conventional,0
38778114,03,1.1975723516543175,1,0,2994,5.8757500648498535,13.337557792663574,4.976983415990491,0.028056112224448898,0.00033400133600534405,summer-trafficable,conventional,0
37064985,03,2.0308554185572922,1,0,5078,9.149240493774414,22.064193725585938,5.071990919715599,0.027963765261914138,0.03387160299330445,summer-trafficable,conventional,0
38778285,04,0.42822212412079563,1,0,1073,13.909611701965332,28.44400978088379,4.483783985211473,0.027958993476234855,0.09506057781919851,summer-trafficable,conventional,0
3356297,03,0.215874645736411,1,0,539,1.4743521213531494,3.211610794067383,5.589074424301458,0.027829313543599257,0.0,summer-trafficable,conventional,0
38779018,04,1.308321273745839,1,0,3272,10.642184257507324,21.783649444580078,4.763037821834067,0.027811735941320293,0.0323960880195599,summer-trafficable,conventional,0
3356359,03,1.9310874768857018,1,0,4833,8.23189640045166,31.01258087158203,4.617426413928924,0.02772605007241879,0.0717980550382785,summer-trafficable,conventional,0
38778857,03,1.576766071046072,0,0,3943,6.8925299644470215,19.38623809814453,4.829766154594565,0.02764392594471215,0.019528277960943443,summer-trafficable,conventional,0
38778880,04,0.21722956287019507,1,0,543,10.742266654968262,19.476348876953125,5.111028076992265,0.027624309392265192,0.03130755064456722,summer-trafficable,conventional,0
3356885,04,0.8566763066019645,1,0,2149,9.492681503295898,17.605934143066406,5.264751877576485,0.027454630060493253,0.011633317822242903,summer-trafficable,conventional,0
38779037,03,4.672868516620391,1,0,11681,7.166414260864258,17.827308654785156,4.756450549919487,0.027394914818936734,0.015923294238506976,summer-trafficable,conventional,0
38778589,03,0.6409467974787925,1,0,1607,11.533539772033691,23.66708755493164,4.706285812116368,0.027380211574362167,0.04667081518357187,summer-trafficable,conventional,0
511520,04,0.6002068815379002,1,0,1502,9.299333572387695,24.79701805114746,5.109510665617829,0.02729693741677763,0.05459387483355526,summer-trafficable,conventional,0
38779303,,4.89500525900236,0,0,11288,4.995276927947998,10.962409973144531,5.173923992511129,0.02728561304039688,0.0007087172218284905,summer-trafficable,conventional,0
38778961,04,0.47115241311255657,1,0,1176,8.088645935058594,17.73076820373535,4.646889805763999,0.027210884353741496,0.012755102040816327,summer-trafficable,conventional,0
3356753,04,1.8546891812615787,1,0,4635,14.742795944213867,24.89666748046875,4.811938393448023,0.027184466019417475,0.06019417475728155,summer-trafficable,conventional,0
38778524,T2,2.416353740655996,0,0,6040,9.087560653686523,17.772153854370117,5.423207482597665,0.027152317880794703,0.010596026490066225,summer-trafficable,conventional,0
38778380,03,1.4414407523779529,1,0,3611,8.616570472717285,19.369083404541016,4.601638885093987,0.027139296593741345,0.014400443090556632,summer-trafficable,conventional,0
38778977,04,1.1219215338051811,1,0,2802,10.844414710998535,20.981178283691406,4.851020965892287,0.027123483226266953,0.029978586723768737,summer-trafficable,conventional,0
39521104,03,0.5369943748878845,1,0,296,5.474775314331055,15.113388061523438,5.493267347356407,0.02702702702702703,0.006756756756756757,summer-trafficable,conventional,0
38778253,03,0.9781151613973494,1,0,2445,8.006295204162598,15.61612319946289,5.162247078890075,0.026993865030674847,0.005316973415132925,summer-trafficable,conventional,0
37062843,04,0.8897105857689863,1,0,2223,10.231050491333008,22.1463565826416,4.917776124796266,0.02699055330634278,0.03688708951866847,summer-trafficable,conventional,0
37064990,03,2.7288648216104883,1,0,6822,7.95784330368042,17.24449920654297,4.646955861133676,0.026824978012313105,0.006889475227206098,summer-trafficable,conventional,0
38778971,04,2.1220212814093236,1,0,5299,13.458563804626465,24.13443374633789,5.200053392477605,0.02679750896395546,0.05038686544631062,summer-trafficable,conventional,0
38779036,04,3.339894333206919,1,0,8350,9.599601745605469,21.24609375,4.9765391642510215,0.026706586826347304,0.02658682634730539,summer-trafficable,conventional,0
38778256,,0.6748784107208696,0,0,1688,9.282912254333496,29.575607299804688,4.652916795632364,0.02665876777251185,0.09537914691943128,summer-trafficable,conventional,0
38778637,03,0.7499862919997847,0,0,1877,6.017177581787109,14.162168502807617,4.825033498862295,0.02663825253063399,0.0010655301012253596,summer-trafficable,conventional,0
38779297,04,0.5412041742686879,1,0,1354,4.329358100891113,10.263771057128906,5.069661317569563,0.026587887740029542,0.0,summer-trafficable,conventional,0
38778120,04,0.4536215593368989,1,0,1132,7.167496204376221,17.788454055786133,4.820716793839972,0.026501766784452298,0.018551236749116608,summer-trafficable,conventional,0
38778580,03,0.7846474739705944,1,0,1963,8.960102081298828,24.084688186645508,4.343943703809889,0.026490066225165563,0.049414161996943456,summer-trafficable,conventional,0
38779045,03,3.4969216144857973,1,0,8737,8.702723503112793,21.756763458251953,5.049493312527408,0.026439281217809318,0.037655945976879934,summer-trafficable,conventional,0
29038496,03,0.0914818790320916,1,0,228,4.327269077301025,9.495981216430664,5.344682540076489,0.02631578947368421,0.0,summer-trafficable,conventional,0
3356859,04,1.4768888284326727,1,0,3696,6.918739318847656,16.39727020263672,4.723975920488518,0.026244588744588744,0.011093073593073594,summer-trafficable,conventional,0
38778348,03,3.296052488264643,1,0,8234,10.90194320678711,28.38112449645996,4.520817068416763,0.02611124605295118,0.08501335924216663,summer-trafficable,conventional,0
38779175,Y1,3.1570946940204454,1,0,7894,6.678610801696777,15.466827392578125,4.910081000596104,0.026095768938434252,0.0019001773498859894,summer-trafficable,conventional,0
38778737,,0.7567258187236879,0,0,1893,10.40053939819336,21.417890548706055,4.34476846680651,0.025884838880084523,0.02324352879027998,summer-trafficable,conventional,0
17651716,04,0.281324657610513,1,0,698,9.652250289916992,21.809879302978516,4.696670989982218,0.025787965616045846,0.022922636103151862,summer-trafficable,conventional,0
38778764,04,0.5480790942919712,1,0,1361,5.917384624481201,12.46068000793457,4.977422233348694,0.025716385011021307,0.0,summer-trafficable,conventional,0
38778272,,9.35267780912299,0,0,23380,6.107141017913818,15.79582405090332,4.876434353127445,0.02566295979469632,0.011890504704875963,summer-trafficable,conventional,0
38778965,04,0.9999529008434963,1,0,2499,10.20730972290039,25.751224517822266,4.66462699827496,0.025610244097639057,0.07242897158863545,summer-trafficable,conventional,0
42840993,03,10.426566941958027,1,0,10789,9.613116264343262,25.03750991821289,4.594832531500957,0.025581610899990732,0.05598294559273334,summer-trafficable,conventional,0
38778314,03,0.3795440392955346,0,1,946,13.697181701660156,19.378116607666016,5.4169627857433715,0.02536997885835095,0.007399577167019027,summer-trafficable,conventional,0
38778027,T2,5.827663526965121,0,0,14566,7.044821739196777,16.423845291137695,5.275555239007859,0.02533296718385281,0.005286283125085816,summer-trafficable,conventional,0
38778619,04,0.9121952529262753,1,0,2297,6.525293827056885,11.712779998779297,5.261561786870262,0.025250326512842838,0.0,summer-trafficable,conventional,0
37064992,04,4.857007404948436,1,0,12131,7.11100959777832,20.33057403564453,4.921397148432295,0.02522463111037837,0.019948891270299234,summer-trafficable,conventional,0
25782705,04,0.9197395525094123,1,0,2303,7.214903831481934,14.261041641235352,5.50981860430963,0.02518454190186713,0.004342162396873643,summer-trafficable,conventional,0
3356818,04,3.146383877891824,1,0,7864,7.5989885330200195,18.194284439086914,4.366318107100593,0.02505086469989827,0.01627670396744659,summer-trafficable,conventional,0
38778777,04,2.094190676048452,1,0,5234,9.985528945922852,20.494422912597656,5.261997882234913,0.025028658769583493,0.026748184944593044,summer-trafficable,conventional,0
38778633,04,0.031167379961670513,0,1,80,11.161087036132812,14.75428295135498,5.302587765735957,0.025,0.0,summer-trafficable,conventional,0
3356909,,1.008589885378801,0,0,2526,3.716421127319336,8.612570762634277,4.986339897833591,0.02494061757719715,0.0,summer-trafficable,conventional,0
38779247,03,0.24097517664798038,0,0,603,7.205968856811523,13.922083854675293,5.020330334266555,0.024875621890547265,0.0,summer-trafficable,conventional,0
26168646,03,0.6495728885545358,1,0,402,5.671841621398926,11.201778411865234,4.402960576385248,0.024875621890547265,0.0,summer-trafficable,conventional,0
38779012,03,0.26027206725112606,0,1,649,15.06512451171875,24.22809600830078,4.716543789466208,0.02465331278890601,0.05238828967642527,summer-trafficable,conventional,0
38779112,04,0.5522224708295213,1,0,1380,12.9564847946167,24.809694290161133,5.168332042987908,0.02463768115942029,0.06666666666666667,summer-trafficable,conventional,0
511493,Y1,9.123448795516842,1,0,20641,4.594191551208496,9.170329093933105,5.452212675001883,0.024562763432004264,0.00019378906060752872,summer-trafficable,conventional,0
38778466,04,0.2976004795536331,1,0,572,11.330182075500488,26.300024032592773,4.596814501876055,0.024475524475524476,0.07167832167832168,summer-trafficable,conventional,0
42857501,03,1.905757966602626,1,0,4098,3.165462017059326,5.903023719787598,5.4803841330477665,0.02440214738897023,0.0,summer-trafficable,conventional,0
3356528,03,12.000549727599244,1,0,30009,9.278216361999512,24.89276885986328,4.519563479765616,0.024392682195341398,0.05465027158519111,summer-trafficable,conventional,0
38780077,03,1.6744548856274033,1,0,656,13.42440414428711,21.709211349487305,4.184411741597681,0.024390243902439025,0.013719512195121951,summer-trafficable,conventional,0
38778096,04,0.47336215982349666,1,0,1190,6.083026885986328,12.777731895446777,5.354954467934002,0.024369747899159664,0.0,summer-trafficable,conventional,0
42842105,03,1.9457572286439238,1,0,1690,7.164301872253418,16.06499671936035,4.9420748981410565,0.0242603550295858,0.015384615384615385,summer-trafficable,conventional,0
25782707,04,0.5957801511773074,1,0,1490,10.597474098205566,23.673112869262695,5.436862016760506,0.024161073825503355,0.0436241610738255,summer-trafficable,conventional,0
3356887,04,10.062867151503038,1,0,25168,9.91954231262207,24.593219757080078,4.8476696347370485,0.024117927527018437,0.05550699300699301,summer-trafficable,conventional,0
3356899,04,1.449803994194818,1,0,3618,10.338343620300293,27.45094108581543,4.221730288942874,0.02404643449419569,0.07131011608623548,summer-trafficable,conventional,0
38778029,,1.1677782108180714,0,0,2915,5.346739292144775,12.721441268920898,5.047366604309378,0.024013722126929673,0.0,summer-trafficable,conventional,0
38779120,03,0.3662766299932133,1,0,918,10.00505542755127,19.43827247619629,5.157447862066996,0.023965141612200435,0.0,summer-trafficable,conventional,0
38778290,03,0.27205687103930376,1,0,672,11.6658935546875,21.128337860107422,5.572296675606659,0.023809523809523808,0.03571428571428571,summer-trafficable,conventional,0
3356298,,0.1511487608393989,0,0,378,10.807477951049805,18.084943771362305,3.9260309112105953,0.023809523809523808,0.0,summer-trafficable,conventional,0
38779038,03,0.21844642094133054,1,0,547,12.125913619995117,21.62050437927246,4.539089636730876,0.02376599634369287,0.014625228519195612,summer-trafficable,conventional,0
3356738,04,1.700658993878444,1,0,4250,11.395472526550293,23.405282974243164,5.001775671150395,0.02376470588235294,0.04094117647058824,summer-trafficable,conventional,0
38778254,03,1.056589059750959,1,0,2633,6.598234176635742,17.98027992248535,4.6847747965754865,0.023547284466388152,0.00569692366122294,summer-trafficable,conventional,0
38778991,03,0.7877085467237228,1,0,767,8.87546443939209,18.89225959777832,4.591616399697962,0.02346805736636245,0.003911342894393742,summer-trafficable,conventional,0
3356357,,5.727969551275501,0,0,14305,6.05942964553833,15.115395545959473,4.745451314681351,0.023418385180006992,0.01964348130024467,summer-trafficable,conventional,0
38778727,04,0.3074551728629714,1,0,769,12.50053882598877,24.549427032470703,5.5568156133679745,0.02340702210663199,0.06241872561768531,summer-trafficable,conventional,0
511576,03,0.4959192049372027,1,0,1240,8.616694450378418,14.890093803405762,5.211790434433872,0.02338709677419355,0.0008064516129032258,summer-trafficable,conventional,0
38778310,03,1.9673894100665013,1,0,4921,12.12352466583252,25.29975128173828,4.975844647594817,0.023369233895549686,0.06238569396464133,summer-trafficable,conventional,0
38778019,02,7.1202274921273405,1,0,17811,6.6018524169921875,12.975500106811523,5.181113305087371,0.023244062657908033,0.0005053057099545225,summer-trafficable,conventional,0
38778316,04,0.3477332543171516,1,0,873,14.886326789855957,28.756349563598633,4.367665534953252,0.022909507445589918,0.09278350515463918,summer-trafficable,conventional,0
37127360,04,1.2813260465271885,1,0,3192,12.249248504638672,27.617815017700195,4.5777362489215,0.022869674185463658,0.08897243107769423,summer-trafficable,conventional,0
38778159,04,0.6684577499518806,1,0,1664,14.400508880615234,26.90386390686035,4.478441696049575,0.02283653846153846,0.0907451923076923,summer-trafficable,conventional,0
38779170,03,3.7368117121912663,0,0,9341,6.467676162719727,13.94074821472168,5.154691454947503,0.022802697783963172,0.0050315812011561935,summer-trafficable,conventional,0
37064983,04,1.8263856505274612,1,0,4563,7.822433948516846,19.91237449645996,4.409904691885551,0.022572868726714882,0.021257944334867412,summer-trafficable,conventional,0
74341100,03,1.597698759551048,1,0,3998,7.611772537231445,17.34489631652832,4.871646337189384,0.022511255627813906,0.013006503251625813,summer-trafficable,conventional,0
38778578,03,0.24954751453807958,0,1,624,9.922676086425781,24.36233901977539,4.706889803017361,0.022435897435897436,0.05128205128205128,summer-trafficable,conventional,0
25782694,04,0.5012219864951741,0,1,1252,7.400313377380371,16.23542022705078,4.984788162332151,0.022364217252396165,0.00878594249201278,summer-trafficable,conventional,0
3356879,04,2.7545626546614357,1,0,6886,5.826034069061279,15.806982040405273,4.735243013289355,0.022364217252396165,0.0053732210281731045,summer-trafficable,conventional,0
38778970,04,4.795994268285218,1,0,11995,10.457269668579102,20.461339950561523,5.2658618067242715,0.022342642767819925,0.0255939974989579,summer-trafficable,conventional,0
42857527,03,3.3838865728312624,1,0,3136,4.9893999099731445,8.523237228393555,5.150319933245507,0.022321428571428572,0.0,summer-trafficable,conventional,0
38778609,04,1.0752799269493207,1,0,2692,6.6783270835876465,23.71902084350586,4.77688128215506,0.022288261515601784,0.04903417533432392,summer-trafficable,conventional,0
38778432,,0.6654330520934871,0,0,1662,6.263124942779541,13.818329811096191,4.895590742025725,0.022262334536702767,0.0018050541516245488,summer-trafficable,conventional,0
3356450,04,7.061638994346395,1,0,17656,7.782397747039795,18.91252899169922,4.808763993257663,0.022258722247394655,0.023221567739012235,summer-trafficable,conventional,0
38779174,03,0.1960109160546965,0,0,495,5.724260330200195,8.874795913696289,5.586109483992214,0.022222222222222223,0.0,summer-trafficable,conventional,0
511432,03,4.823327401443521,1,0,10194,6.499781608581543,14.545055389404297,4.8753220153304335,0.022169903865018638,0.001079066117323916,summer-trafficable,conventional,0
38779238,04,0.46939015071590146,0,1,1175,13.855175971984863,25.685144424438477,4.732437770060111,0.022127659574468085,0.06638297872340425,summer-trafficable,conventional,0
38778220,04,1.7917810700769632,1,0,4476,11.241863250732422,20.74238395690918,5.272454531630397,0.022117962466487937,0.012287756925826631,summer-trafficable,conventional,0
38779195,T1,0.5431639638652623,0,0,1363,4.779456615447998,9.36601734161377,5.13115670725735,0.022010271460014674,0.0,summer-trafficable,conventional,0
38778477,03,0.4714459164849205,0,0,1138,10.473799705505371,26.676523208618164,4.401946281292773,0.021968365553602813,0.07117750439367311,summer-trafficable,conventional,0
38778183,04,0.5640092964991003,1,0,1412,13.187373161315918,21.70621681213379,4.512782216313482,0.021954674220963172,0.025495750708215296,summer-trafficable,conventional,0
26171592,04,0.2731872474556056,1,0,684,5.595695972442627,11.433737754821777,4.6412437353197715,0.021929824561403508,0.0,summer-trafficable,conventional,0
38779305,03,0.20352654333130188,1,0,507,7.66142463684082,13.749425888061523,5.22671533997809,0.021696252465483234,0.009861932938856016,summer-trafficable,conventional,0
38778518,03,1.3658582696818613,1,0,3417,10.77904224395752,21.521432876586914,5.504222164175239,0.021656423763535264,0.014047410008779631,summer-trafficable,conventional,0
38779095,03,1.4231202900378996,1,0,3556,9.086857795715332,23.263410568237305,4.597230702696061,0.021653543307086614,0.04443194600674916,summer-trafficable,conventional,0
42840995,03,5.759417068116305,1,0,9938,7.3079962730407715,15.276062965393066,4.854414438017946,0.02163413161601932,0.002817468303481586,summer-trafficable,conventional,0
3356744,03,0.7792089023475339,1,0,1949,6.0025715827941895,14.620221138000488,5.215158530219107,0.021549512570549,0.0,summer-trafficable,conventional,0
37127352,03,3.4355043565749797,1,0,8610,11.540704727172852,27.11044692993164,4.3457659051701505,0.02148664343786295,0.07770034843205575,summer-trafficable,conventional,0
3356941,Y1,8.89003544835573,1,0,19461,6.234432220458984,14.985404014587402,4.856407666106203,0.02137608550434202,0.00786187760135656,summer-trafficable,conventional,0
38778123,04,0.37562775118312197,1,0,939,10.722001075744629,25.292495727539062,4.769598871979192,0.021299254526091587,0.06922257720979766,summer-trafficable,conventional,0
38778176,03,1.5499402006492353,1,0,3878,8.458558082580566,17.879703521728516,4.617401105331922,0.021144920061887573,0.017276946879834967,summer-trafficable,conventional,0
38778733,03,1.5351710048873104,0,0,3832,9.572773933410645,25.937288284301758,4.442252070086877,0.021137787056367433,0.06837160751565761,summer-trafficable,conventional,0
511551,03,0.8142529409512544,1,0,2035,7.592771053314209,17.900943756103516,5.820731803425346,0.02113022113022113,0.021621621621621623,summer-trafficable,conventional,0
38780066,04,0.7395166502081887,1,0,1848,12.102862358093262,25.03432273864746,4.370422220393,0.021103896103896104,0.058982683982683984,summer-trafficable,conventional,0
38778632,03,1.366932760640344,1,0,3416,8.216293334960938,23.308258056640625,4.716406330024979,0.02107728337236534,0.04625292740046839,summer-trafficable,conventional,0
39520960,04,3.154700087225175,0,1,4208,10.265654563903809,30.28978729248047,4.449106123567097,0.02091254752851711,0.08887832699619772,summer-trafficable,conventional,0
38778861,04,1.6742092793986474,1,0,4192,11.516777038574219,26.32176971435547,5.01546707247,0.02075381679389313,0.07585877862595419,summer-trafficable,conventional,0
38778153,03,2.5596221635678944,1,0,6417,12.609530448913574,25.977571487426758,4.802139933443538,0.020726196041764063,0.05921770297646876,summer-trafficable,conventional,0
38779005,02,2.669933299987373,0,0,6529,6.715334892272949,15.551758766174316,5.08241931802554,0.020676979629345994,0.0,summer-trafficable,conventional,0
38778817,03,2.577606515003409,1,0,6449,6.912210464477539,15.491035461425781,4.9931880698385,0.020623352457745388,0.0031012560086835167,summer-trafficable,conventional,0
38778813,03,1.0338716231208758,1,0,2574,9.906350135803223,20.607515335083008,5.194352501363401,0.020590520590520592,0.015928515928515928,summer-trafficable,conventional,0
38779094,04,0.8751881030108629,1,0,2191,13.483101844787598,21.299951553344727,4.916866716915318,0.020538566864445457,0.016887266088544045,summer-trafficable,conventional,0
3356914,04,0.6401864952659663,1,0,1607,8.463775634765625,24.92673110961914,4.755177770958811,0.020535158680771624,0.054138145612943375,summer-trafficable,conventional,0
3356754,,11.117490850507245,0,0,27794,7.466639518737793,20.21841812133789,4.725403562583409,0.0205080233143844,0.02460962797726128,summer-trafficable,conventional,0
26167872,04,0.5286356871230165,1,0,1321,9.833788871765137,16.896142959594727,4.934664372209997,0.02043906131718395,0.0,summer-trafficable,conventional,0
39521095,03,1.4486832315077864,1,0,1960,4.939375400543213,11.429630279541016,4.8810756807783395,0.02040816326530612,0.0,summer-trafficable,conventional,0
3356712,04,7.976113364471129,1,0,19946,8.594379425048828,21.308820724487305,4.410392817514589,0.020354958387646647,0.03183595708412714,summer-trafficable,conventional,0
25782698,03,0.7854962534868167,1,0,1967,10.401449203491211,26.424692153930664,4.243656097996949,0.020335536349771224,0.0681240467717336,summer-trafficable,conventional,0
38778723,04,1.7759960016622622,1,0,4423,14.357589721679688,25.960235595703125,5.291750420309111,0.020122089079810085,0.08116662898485191,summer-trafficable,conventional,0
38778766,03,0.6587995937808331,1,0,1641,9.669252395629883,20.20331382751465,4.607921963823245,0.02010968921389397,0.015234613040828763,summer-trafficable,conventional,0
74020460,03,0.6776089074411169,1,0,1692,9.871720314025879,16.84918212890625,5.303119739649821,0.02009456264775414,0.004137115839243499,summer-trafficable,conventional,0
38778160,03,1.0052980328797732,0,0,2511,8.028292655944824,18.106201171875,4.435522736145437,0.019912385503783353,0.005575467941059339,summer-trafficable,conventional,0
38778087,03,5.091550260770415,1,0,12712,7.191406726837158,17.09956932067871,5.263574200244358,0.019902454373820013,0.005978602894902455,summer-trafficable,conventional,0
3358817,,4.78653216466313,0,0,11973,4.904553413391113,11.039581298828125,4.914138973989131,0.019878058966006848,8.352125615969264e-05,summer-trafficable,conventional,0
3356759,04,2.48934237050017,1,0,4502,8.160632133483887,18.809614181518555,4.83193024591434,0.019768991559306975,0.014882274544646823,summer-trafficable,conventional,0
38779181,03,1.6682578610873287,1,0,4166,6.249173641204834,10.190292358398438,5.675529129323857,0.01944311089774364,0.0,summer-trafficable,conventional,0
38778528,02,0.49367574398422887,0,0,1238,6.362101078033447,11.10460376739502,5.365807059136745,0.01938610662358643,0.0,summer-trafficable,conventional,0
39520350,03,0.4819091803559124,1,0,258,5.4540910720825195,12.162718772888184,4.51112711347988,0.01937984496124031,0.0,summer-trafficable,conventional,0
37127356,03,1.9247579232043053,1,0,4806,13.005156517028809,29.02259635925293,4.2931844906095655,0.019350811485642945,0.09529754473574699,summer-trafficable,conventional,0
38778807,03,0.8701284042184821,0,0,2172,5.537993907928467,13.079720497131348,5.266920953657148,0.019337016574585635,0.0,summer-trafficable,conventional,0
25782699,03,0.4983274053953549,0,1,1247,7.931465148925781,13.727885246276855,4.948240150254986,0.019246190858059342,0.0,summer-trafficable,conventional,0
38778531,Y1,2.398360584523154,1,0,6005,8.427051544189453,21.26868438720703,4.829900921966576,0.019150707743547043,0.02597835137385512,summer-trafficable,conventional,0
3356222,04,0.6301865800522384,1,0,1577,10.806253433227539,22.352882385253906,4.467576404093509,0.019023462270133164,0.028535193405199746,summer-trafficable,conventional,0
38778266,,0.8818160569004807,0,0,2210,10.569873809814453,22.82948875427246,4.210959294193137,0.019004524886877826,0.040271493212669686,summer-trafficable,conventional,0
3356870,Y1,7.5975027562841975,1,0,18983,11.960920333862305,26.809223175048828,4.369008926213038,0.018964336511615654,0.07849128167307591,summer-trafficable,conventional,0
38778728,03,0.2520681052950534,1,0,633,11.473142623901367,26.302785873413086,4.60854575079454,0.018957345971563982,0.09320695102685624,summer-trafficable,conventional,0
38779199,03,3.966330045529871,0,0,9910,10.00186538696289,25.14621353149414,4.332903687994466,0.018869828456104944,0.058627648839556006,summer-trafficable,conventional,0
3356722,02,1.2772374156437962,1,0,3191,13.291683197021484,27.5103759765625,4.7949199615998275,0.01880288310874334,0.08429959260419931,summer-trafficable,conventional,0
38778532,03,1.2589876442170662,0,0,3143,4.619123935699463,9.330595970153809,5.219557133039803,0.018771874005727014,0.0,summer-trafficable,conventional,0
17651715,04,0.2329538743984413,1,0,586,5.044893741607666,12.307893753051758,4.751463871268319,0.01877133105802048,0.0,summer-trafficable,conventional,0
38779082,04,0.6429808499025036,0,1,1602,9.334811210632324,21.50025177001953,4.595267350561937,0.018726591760299626,0.0299625468164794,summer-trafficable,conventional,0
3356595,,0.15104389575160318,0,0,379,10.85289192199707,23.998226165771484,4.5008194853272645,0.018469656992084433,0.05013192612137203,summer-trafficable,conventional,0
38779102,03,1.750462095662333,1,0,4372,8.5360689163208,16.022090911865234,4.781909722747315,0.018298261665141813,0.006175663311985362,summer-trafficable,conventional,0
38778788,03,0.9014593205624342,0,1,2256,9.247063636779785,18.5887393951416,4.545038037306355,0.018173758865248225,0.01773049645390071,summer-trafficable,conventional,0
3359885,04,1.060929120867235,1,0,2646,9.455423355102539,24.389921188354492,4.685627249003081,0.018140589569160998,0.05328798185941043,summer-trafficable,conventional,0
38778365,03,0.5081978480988926,1,0,1269,9.274459838867188,19.048662185668945,4.517924439295424,0.018124507486209612,0.008668242710795903,summer-trafficable,conventional,0
38779196,02,1.6899812996268913,1,0,4226,7.423233985900879,19.64773941040039,4.6833053589394575,0.017983909133932798,0.015617605300520587,summer-trafficable,conventional,0
3356797,04,3.0440487982539146,1,0,7613,11.361201286315918,25.911725997924805,4.738301621157852,0.017864179692631026,0.07158807303296992,summer-trafficable,conventional,0
38779188,03,1.6617626842791462,0,0,4155,7.872601509094238,25.115093231201172,5.010141352788486,0.017809867629362215,0.05535499398315283,summer-trafficable,conventional,0
38778655,03,0.8313109313221645,1,0,2083,11.971474647521973,26.490962982177734,4.866360922757962,0.017762842054728757,0.08113298127700432,summer-trafficable,conventional,0
38779268,04,1.6290383087783402,1,0,4071,5.513608932495117,12.795524597167969,4.96132865135028,0.017686072218128224,0.0,summer-trafficable,conventional,0
38779192,03,3.3016659844181495,0,0,8258,6.341834545135498,16.749767303466797,4.63272178632172,0.017679825623637686,0.011382901428917413,summer-trafficable,conventional,0
38778189,04,1.3153687203338105,1,0,3293,14.336938858032227,23.38755226135254,4.642715969579706,0.017613118736714242,0.03735195870027331,summer-trafficable,conventional,0
38778721,,0.523844616701822,0,1,1310,10.206067085266113,21.192380905151367,4.010194476619603,0.017557251908396947,0.010687022900763359,summer-trafficable,conventional,0
38778280,03,0.43096346080180975,1,0,1088,10.460729598999023,18.782363891601562,4.509207060245674,0.017463235294117647,0.006433823529411764,summer-trafficable,conventional,0
3358720,04,5.132326606809878,1,0,12807,7.692521572113037,14.953031539916992,5.339564770689767,0.017412352619661123,0.0040602795346294995,summer-trafficable,conventional,0
41552681,03,1.0661174452381588,1,0,747,5.860339164733887,9.799642562866211,5.077646073358937,0.01740294511378849,0.0,summer-trafficable,conventional,0
38778600,03,0.2772788900298687,1,0,690,8.452725410461426,24.204540252685547,4.340407677878966,0.017391304347826087,0.050724637681159424,summer-trafficable,conventional,0
38779053,04,0.9458332762660271,1,0,2360,9.24724292755127,17.772811889648438,4.727108155156692,0.017372881355932204,0.000847457627118644,summer-trafficable,conventional,0
38778018,,3.966418320282136,0,0,9915,7.515597343444824,18.926877975463867,4.481886909361589,0.01734745335350479,0.013414019162884518,summer-trafficable,conventional,0
38779177,04,1.6798347477630315,1,0,4209,5.236112117767334,13.067610740661621,5.006480429414982,0.017343787122832025,0.0011879306248515087,summer-trafficable,conventional,0
38778231,03,1.68449924894096,1,0,4223,6.628458499908447,17.98978042602539,4.665938879159527,0.017286289367748047,0.010892730286526165,summer-trafficable,conventional,0
3356590,04,0.8097088869054535,1,0,2028,9.924771308898926,24.28754234313965,4.149464591382841,0.01725838264299803,0.050788954635108484,summer-trafficable,conventional,0
38778273,,2.319721449198725,0,0,5795,8.550264358520508,21.02717399597168,4.571632256793909,0.01725625539257981,0.028645383951682486,summer-trafficable,conventional,0
38778767,03,0.06930797518417778,0,1,174,7.67999267578125,14.34206771850586,5.657057157461962,0.017241379310344827,0.0,summer-trafficable,conventional,0
3356927,,3.1191222367326574,0,0,7800,4.73191499710083,10.568601608276367,4.954776433602824,0.01717948717948718,0.0,summer-trafficable,conventional,0
26168490,04,0.27975442186157384,1,0,700,4.486234188079834,8.977314949035645,4.908215432867197,0.017142857142857144,0.0,summer-trafficable,conventional,0
38779229,04,0.2821247517515379,1,0,708,3.801589250564575,10.209453582763672,5.036106123955102,0.01694915254237288,0.0,summer-trafficable,conventional,0
38779001,03,1.8125672442150498,1,0,119,7.6548261642456055,16.463180541992188,4.319078323915558,0.01680672268907563,0.0,summer-trafficable,conventional,0
38778696,03,0.7875749252842935,1,0,1970,6.763619899749756,15.919135093688965,4.524339356901906,0.016751269035532996,0.003553299492385787,summer-trafficable,conventional,0
3358799,04,0.42731236501246184,1,0,1079,9.805685043334961,21.135652542114258,4.694085110976252,0.016682113067655237,0.022242817423540315,summer-trafficable,conventional,0
38778157,03,1.087910637121092,1,0,2718,11.58674144744873,25.494735717773438,4.377256910008875,0.016556291390728478,0.06696100073583518,summer-trafficable,conventional,0
38778792,03,0.34157727713644936,1,0,849,6.935603618621826,14.428352355957031,5.009104592588512,0.016489988221436984,0.008244994110718492,summer-trafficable,conventional,0
38778690,03,0.2944477979929576,0,1,732,5.329465866088867,11.437162399291992,4.890149330744538,0.01639344262295082,0.0,summer-trafficable,conventional,0
38778094,,3.182345064840769,0,0,7965,10.22610855102539,27.513620376586914,4.631073018803844,0.016321406151914627,0.0849968612680477,summer-trafficable,conventional,0
3356845,04,2.2582509393368255,1,0,5645,8.516924858093262,18.859424591064453,4.630347044151793,0.016297608503100088,0.011691762621789194,summer-trafficable,conventional,0
38778729,03,0.39304510651895264,1,0,982,9.47187614440918,18.522357940673828,4.3054042901107845,0.016293279022403257,0.0050916496945010185,summer-trafficable,conventional,0
38778596,03,0.392300704304016,1,0,984,12.883912086486816,27.845718383789062,4.045452856766421,0.016260162601626018,0.08943089430894309,summer-trafficable,conventional,0
38778695,03,0.3190462518483242,1,0,800,10.5608491897583,26.993183135986328,4.650206772940217,0.01625,0.0875,summer-trafficable,conventional,0
26167796,04,0.25032847797363855,1,0,625,9.695595741271973,22.766441345214844,5.0525560807259176,0.016,0.016,summer-trafficable,conventional,0
38778750,04,0.4493387349934722,1,0,1126,12.796026229858398,24.529443740844727,4.441553248963264,0.015985790408525755,0.05950266429840142,summer-trafficable,conventional,0
38778497,04,3.251007252932178,1,0,8124,10.607564926147461,25.895139694213867,4.524965676084229,0.01587887740029542,0.06819300837026096,summer-trafficable,conventional,0
38778379,03,0.6052257746013522,1,0,1512,9.80593490600586,26.620576858520508,4.638123856156836,0.015873015873015872,0.06349206349206349,summer-trafficable,conventional,0
26204102,04,1.1543412321003097,1,0,2291,13.288942337036133,25.023895263671875,4.822271120874363,0.01571366215626364,0.05979921431689219,summer-trafficable,conventional,0
37062845,04,0.840332159360904,1,0,2103,6.818966865539551,15.06906795501709,4.584969738754742,0.015691868758915834,0.008559201141226819,summer-trafficable,conventional,0
37064942,03,3.9893071096856847,1,0,9977,6.656123161315918,15.359993934631348,4.646286164324134,0.015535732184023253,0.01814172596973038,summer-trafficable,conventional,0
42842104,04,4.75077076989122,1,0,1161,11.531473159790039,26.230070114135742,4.709902932278823,0.015503875968992248,0.06373815676141258,summer-trafficable,conventional,0
38779178,04,1.9716446995945334,1,0,4927,5.849995136260986,11.204209327697754,4.95692843466248,0.01542520803734524,0.005480008118530546,summer-trafficable,conventional,0
38778233,,0.78249420015677,0,0,1956,8.025318145751953,16.432193756103516,4.372900238738671,0.015337423312883436,0.0,summer-trafficable,conventional,0
38778385,04,0.8122188465026267,1,0,2027,12.843177795410156,24.907398223876953,4.689260571133499,0.015293537247163296,0.06216082881105081,summer-trafficable,conventional,0
3356878,04,0.8390542172508416,1,0,2101,13.251243591308594,29.602615356445312,5.000296336347172,0.015230842455973346,0.09900047596382675,summer-trafficable,conventional,0
38779074,04,2.109231749968277,0,1,5269,10.200676918029785,20.857250213623047,5.026978804950747,0.015183146707155058,0.027519453406718544,summer-trafficable,conventional,0
38778933,03,0.18448352214859362,1,0,462,13.009708404541016,26.787532806396484,4.302746688549408,0.015151515151515152,0.06493506493506493,summer-trafficable,conventional,0
38778199,03,1.1949986245707938,1,0,2990,10.525364875793457,23.70289421081543,4.250809513028453,0.015050167224080268,0.046822742474916385,summer-trafficable,conventional,0
511575,03,2.607006151530768,1,0,6515,6.2819318771362305,13.87131404876709,4.895524802455467,0.015042210283960092,0.0003069838833461243,summer-trafficable,conventional,0
3358798,,2.015390960328254,0,0,5040,7.390172481536865,15.800374031066895,4.414096547073923,0.01488095238095238,0.01130952380952381,summer-trafficable,conventional,0
38778564,04,0.2677322580753666,1,0,673,6.400669097900391,13.81170654296875,4.761315937193847,0.014858841010401188,0.0,summer-trafficable,conventional,0
38779172,03,1.1608000004720018,0,0,2899,11.47700023651123,22.61177635192871,4.869328031973316,0.01483270093135564,0.03311486719558469,summer-trafficable,conventional,0
3356594,04,0.24484302793456358,1,0,614,6.544336795806885,12.95874309539795,4.41127894857947,0.014657980456026058,0.0,summer-trafficable,conventional,0
3356854,04,2.1840109630077387,1,0,5441,12.830249786376953,27.410747528076172,4.869598890477152,0.014335600073515899,0.08582981069656313,summer-trafficable,conventional,0
38779200,03,0.9249785589584084,1,0,2303,9.844451904296875,23.26715660095215,4.6712182942440235,0.014329135909683021,0.04429005644811116,summer-trafficable,conventional,0
3356751,Y1,5.589483759872495,1,0,1820,7.328004360198975,13.824440956115723,4.453574981598123,0.014285714285714285,0.0,summer-trafficable,conventional,0
38778713,,0.28227140499747844,0,0,706,10.667441368103027,21.892969131469727,3.9489957854558795,0.014164305949008499,0.009915014164305949,summer-trafficable,conventional,0
38778138,03,0.8809616480137467,1,0,2199,6.100183963775635,13.407468795776367,4.888136558648217,0.01409731696225557,0.005457025920873124,summer-trafficable,conventional,0
38778088,,3.0156942762527343,0,0,7549,9.658316612243652,26.92255401611328,4.486607531115682,0.01404159491323354,0.07563915750430521,summer-trafficable,conventional,0
3356805,04,4.050446655874599,1,0,10129,13.30223560333252,25.19007682800293,4.424333137308141,0.014019152927238621,0.06515944318294008,summer-trafficable,conventional,0
38779173,04,0.5169110740484071,1,0,1287,11.276763916015625,23.92597007751465,4.649782984941664,0.013986013986013986,0.048174048174048176,summer-trafficable,conventional,0
38778134,03,1.7000774833166916,0,0,4251,9.086687088012695,19.323183059692383,4.441197880871179,0.013879087273582686,0.016231474947071278,summer-trafficable,conventional,0
38778879,04,0.5494678519955151,1,0,1371,8.3541841506958,15.852014541625977,4.426538312504278,0.013858497447118891,0.002188183807439825,summer-trafficable,conventional,0
38779040,03,0.5862022532168478,1,0,1466,9.055926322937012,14.839627265930176,5.047830920091806,0.013642564802182811,0.002728512960436562,summer-trafficable,conventional,0
38779023,,3.910910380722097,0,0,9770,9.10488224029541,22.48708152770996,4.6640698663196245,0.013613101330603889,0.03613101330603889,summer-trafficable,conventional,0
38778175,03,1.0878121959146823,1,0,2719,10.283042907714844,21.713895797729492,4.779819350603043,0.01360794409709452,0.031997057741816846,summer-trafficable,conventional,0
38778387,04,0.6179485954535748,1,0,1547,8.11999797821045,13.452159881591797,5.29276579467094,0.013574660633484163,0.0,summer-trafficable,conventional,0
38779277,03,0.2660249931799839,1,0,666,6.761069297790527,10.159360885620117,5.273916379308286,0.013513513513513514,0.0,summer-trafficable,conventional,0
42850828,04,1.722180342520967,1,0,1563,9.027803421020508,15.343091011047363,4.821535686519506,0.013435700575815739,0.0,summer-trafficable,conventional,0
38779218,04,0.5068348994990259,1,0,1268,9.220929145812988,17.806814193725586,4.862607708947925,0.013406940063091483,0.0,summer-trafficable,conventional,0
38778218,,2.932341290411399,0,0,7330,8.769461631774902,19.38890266418457,4.53042804478111,0.013369713506139155,0.016780354706684857,summer-trafficable,conventional,0
3358849,04,1.1392276058807818,1,0,2849,6.14029598236084,14.495171546936035,4.59411868910231,0.013338013338013339,0.000702000702000702,summer-trafficable,conventional,0
38779306,03,0.8437825050424801,1,0,2104,7.215919017791748,13.051007270812988,5.7682179599768295,0.013307984790874524,0.006653992395437262,summer-trafficable,conventional,0
38778327,,2.6872934936844786,0,0,6718,11.69894790649414,27.91897964477539,3.9731242318832307,0.013247990473355165,0.09883894016076213,summer-trafficable,conventional,0
38778714,,1.5695901838609165,0,1,3927,9.720616340637207,20.263837814331055,3.961393093727627,0.01324166030048383,0.017061370002546473,summer-trafficable,conventional,0
38779157,,1.692031646013478,0,0,4238,8.131685256958008,20.500574111938477,4.512369291859328,0.013213780084945729,0.03256252949504483,summer-trafficable,conventional,0
511471,04,3.863103834527501,1,0,9660,5.582953929901123,14.938426971435547,4.895888674985675,0.013146997929606625,0.010766045548654244,summer-trafficable,conventional,0
38778198,04,1.2202751138521308,1,0,3050,14.689146995544434,29.95572853088379,4.947940934860198,0.013114754098360656,0.1,summer-trafficable,conventional,0
37461483,,3.4757295906196077,0,0,8692,5.386003494262695,10.59779167175293,4.913075818756919,0.013000460193281178,0.0,summer-trafficable,conventional,0
38779025,03,3.081368440140207,1,0,7701,8.961882591247559,20.844486236572266,4.848802332184716,0.012985326580963512,0.029346838072977534,summer-trafficable,conventional,0
38778869,03,1.6038667853584696,0,0,4019,12.858509063720703,30.205270767211914,4.313860039590822,0.012938541925852202,0.08235879572032843,summer-trafficable,conventional,0
38778281,03,0.500968257474039,0,0,1243,10.11483097076416,22.769655227661133,4.275364941911168,0.012872083668543845,0.039420756234915526,summer-trafficable,conventional,0
3358812,,0.4691625069064611,0,0,1169,10.04989242553711,21.69986343383789,4.368866876150077,0.01283147989734816,0.03592814371257485,summer-trafficable,conventional,0
38778783,04,0.8455999291063178,1,0,2114,13.878161430358887,25.877134323120117,4.892774431475164,0.012771996215704825,0.07190160832544938,summer-trafficable,conventional,0
38778012,03,0.818935381492236,1,0,2052,7.898711204528809,22.599225997924805,4.661383160265987,0.012670565302144249,0.040448343079922025,summer-trafficable,conventional,0
38778017,02,0.7567355799890503,1,0,1895,5.971191883087158,9.959281921386719,5.188315832064792,0.012664907651715039,0.0,summer-trafficable,conventional,0
38778665,,1.0757267415725709,0,0,2691,11.922090530395508,26.940391540527344,4.083497631655054,0.0126347082868822,0.08063916759568933,summer-trafficable,conventional,0
3358847,,0.82311414540029,0,0,2061,5.335618019104004,12.482560157775879,4.608324395396219,0.012615235322658904,0.004366812227074236,summer-trafficable,conventional,0
38778030,,1.0169665420301726,0,0,2543,4.280664920806885,8.885234832763672,4.807580186793169,0.012583562721195438,0.0,summer-trafficable,conventional,0
38779208,02,1.5967529881478513,0,0,3993,5.331731796264648,11.652017593383789,4.982944736522645,0.01252191334835963,0.0,summer-trafficable,conventional,0
511519,03,4.714293436055442,1,0,11563,9.15401554107666,22.511110305786133,4.505086713876171,0.012367032776960996,0.038398339531263516,summer-trafficable,conventional,0
3356828,04,3.2416327482555007,1,0,8103,6.092217922210693,14.182225227355957,4.869454921668259,0.012341108231519191,0.001357521905467111,summer-trafficable,conventional,0
38778382,03,0.811751015121641,1,0,2026,11.534331321716309,22.11928939819336,4.039980551815232,0.012339585389930898,0.032082922013820334,summer-trafficable,conventional,0
38778709,,0.32326908473318783,0,0,812,10.931628227233887,23.072019577026367,3.976111306966161,0.012315270935960592,0.03571428571428571,summer-trafficable,conventional,0
38779042,03,4.303237742703811,1,0,10753,8.577157020568848,19.06651496887207,4.858899924826679,0.012275644006323817,0.015623546917139403,summer-trafficable,conventional,0
38778875,ER,1.2083021938776726,0,0,3015,7.543776988983154,26.42667007446289,5.090177881448894,0.012271973466003316,0.05538971807628524,summer-trafficable,conventional,0
3356487,03,0.5277388192712363,1,0,1312,12.221380233764648,24.697416305541992,4.419165815535035,0.012195121951219513,0.0586890243902439,summer-trafficable,conventional,0
3356782,,4.81657877776517,0,0,12040,5.364484786987305,10.691802024841309,4.9380228942200235,0.01212624584717608,0.0009136212624584717,summer-trafficable,conventional,0
37064932,03,1.3205151836428415,1,0,3299,8.097296714782715,20.076873779296875,4.2795009889797875,0.012124886329190664,0.023037284025462262,summer-trafficable,conventional,0
38779343,03,2.7681086053375696,1,0,4129,4.527716636657715,7.781860828399658,5.686673536236667,0.012109469605231292,0.0,summer-trafficable,conventional,0
38779265,04,0.29846899868663074,1,0,748,6.306323528289795,15.125664710998535,4.7507087632314855,0.012032085561497326,0.0,summer-trafficable,conventional,0
38778793,03,0.6347784281688479,1,0,1580,13.133445739746094,26.258203506469727,4.767731503616205,0.012025316455696202,0.07784810126582278,summer-trafficable,conventional,0
26167912,03,0.8436146868410714,0,0,2104,5.770008087158203,11.593290328979492,4.861764570640926,0.01188212927756654,0.0,summer-trafficable,conventional,0
38779204,03,1.6497198213203046,0,0,4126,9.869135856628418,21.093631744384766,5.03949522342233,0.01187590887057683,0.021812893843916627,summer-trafficable,conventional,0
38778131,04,0.33335654011943966,1,0,843,13.1764554977417,26.8975772857666,4.253494555327318,0.011862396204033215,0.08540925266903915,summer-trafficable,conventional,0
511573,04,1.9450234326978428,1,0,4156,7.599084854125977,15.819841384887695,5.141196699280283,0.011790182868142445,0.009865255052935515,summer-trafficable,conventional,0
38779017,03,0.5434742840193225,1,0,1360,10.198225021362305,19.52426528930664,4.7830783999232835,0.011764705882352941,0.009558823529411765,summer-trafficable,conventional,0
38778200,04,0.9213929950230713,1,0,2302,10.695837020874023,22.62898063659668,4.428733066373753,0.011728931364031277,0.03431798436142485,summer-trafficable,conventional,0
38778238,03,1.169242510800107,0,0,2924,10.779975891113281,24.63725471496582,4.224401892047427,0.011627906976744186,0.0533515731874145,summer-trafficable,conventional,0
38778573,04,0.3466215907599469,1,0,865,9.535175323486328,23.401697158813477,4.80052612988044,0.011560693641618497,0.04393063583815029,summer-trafficable,conventional,0
38778975,04,0.5942934954235901,1,0,1483,10.273924827575684,19.38072395324707,4.678712424352897,0.011463250168577209,0.016857720836142953,summer-trafficable,conventional,0
38778252,03,0.9428378797556237,1,0,2362,10.901165008544922,24.48021697998047,4.716936655564829,0.01143099068585944,0.056731583403895,summer-trafficable,conventional,0
38779161,03,0.46002864168912266,0,0,1143,7.889915943145752,21.83448028564453,4.190226382806158,0.011373578302712161,0.028871391076115485,summer-trafficable,conventional,0
38778687,,1.0640440479696724,0,0,2662,7.813634395599365,15.054425239562988,4.385138532238575,0.011269722013523666,0.0003756574004507889,summer-trafficable,conventional,0
39520351,04,0.930474130259393,1,0,1065,8.096003532409668,17.511688232421875,4.370301817458183,0.011267605633802818,0.0028169014084507044,summer-trafficable,conventional,0
38780063,04,2.0438861215711914,1,0,5111,14.55405330657959,26.612518310546875,5.317212938179696,0.011152416356877323,0.08765407943650949,summer-trafficable,conventional,0
3356876,,0.9303776830813815,0,0,2332,6.699493408203125,15.024145126342773,4.307557889787422,0.011149228130360206,0.002572898799313894,summer-trafficable,conventional,0
39521058,04,0.5004739265282376,1,0,718,4.47995138168335,12.790117263793945,4.686961603499893,0.011142061281337047,0.0,summer-trafficable,conventional,0
38778930,04,0.3239878468755632,1,0,809,10.686327934265137,24.397445678710938,5.073548610369788,0.011124845488257108,0.0519159456118665,summer-trafficable,conventional,0
511509,03,1.4420866906484646,1,0,3602,8.487972259521484,11.661310195922852,5.602291835824272,0.01110494169905608,0.0,summer-trafficable,conventional,0
3356904,,6.981724961826904,0,0,17445,8.578400611877441,19.86880874633789,4.435084202829179,0.011006018916595013,0.01885927199770708,summer-trafficable,conventional,0
26166818,03,0.2568827012716206,1,0,641,7.539402008056641,14.13902759552002,5.52388867847283,0.0109204368174727,0.0,summer-trafficable,conventional,0
38778236,,2.503812349366983,0,0,6256,11.931938171386719,28.222471237182617,4.1226489445632115,0.010869565217391304,0.0995843989769821,summer-trafficable,conventional,0
38779308,02,0.8109975446941319,1,0,2028,10.43162727355957,19.86932945251465,5.284003723589687,0.010848126232741617,0.011341222879684419,summer-trafficable,conventional,0
38779299,04,0.5948550027221301,1,0,1487,7.751126766204834,12.909626960754395,5.171601208961978,0.010759919300605245,0.0,summer-trafficable,conventional,0
42856902,03,1.9856238380641098,1,0,2792,4.173997402191162,8.794219970703125,4.853844529999052,0.010744985673352435,0.0,summer-trafficable,conventional,0
38778940,04,1.0466240652002197,1,0,2610,14.849527359008789,22.520729064941406,4.675834301857505,0.010727969348659003,0.027586206896551724,summer-trafficable,conventional,0
38778674,03,0.74773732272775,1,0,1588,7.153925895690918,18.662321090698242,4.637675462648783,0.010705289672544081,0.01700251889168766,summer-trafficable,conventional,0
17651777,03,1.7859072734238288,1,0,4497,12.056841850280762,24.851409912109375,4.3221589125666435,0.01067378252168112,0.058038692461641096,summer-trafficable,conventional,0
38778620,03,1.0120383535060116,1,0,2532,9.141555786132812,22.003530502319336,4.302840837638339,0.01066350710900474,0.03751974723538705,summer-trafficable,conventional,0
38778108,03,1.0445019133862488,1,0,2628,6.8008341789245605,11.383935928344727,5.503820247092575,0.0106544901065449,0.0,summer-trafficable,conventional,0
26167908,04,2.2749394086062074,1,0,282,2.0985143184661865,5.333747863769531,5.25718699450372,0.010638297872340425,0.0,summer-trafficable,conventional,0
38778325,03,0.8026707373048708,1,0,2012,11.017182350158691,25.18391227722168,4.998169396486047,0.010437375745526839,0.06063618290258449,summer-trafficable,conventional,0
3358819,,1.6506503340139458,0,0,4120,6.898702144622803,14.157801628112793,4.755399793840837,0.010436893203883494,0.0004854368932038835,summer-trafficable,conventional,0
38778623,04,0.15308337463020277,1,0,385,9.871286392211914,22.553586959838867,4.9779591108485395,0.01038961038961039,0.03636363636363636,summer-trafficable,conventional,0
38779223,03,0.8926297761472742,1,0,2224,4.784839630126953,10.023271560668945,4.771736455614663,0.010341726618705036,0.0,summer-trafficable,conventional,0
38778093,T2,1.358203176643782,0,0,3391,9.00753402709961,21.478981018066406,4.63400243697274,0.01032143910350929,0.02506635210852256,summer-trafficable,conventional,0
38778080,,1.0167945243417345,0,0,2546,6.834016799926758,14.149471282958984,4.478366968701065,0.01021209740769835,0.0,summer-trafficable,conventional,0
17651647,04,0.3181291673037838,1,0,792,9.068979263305664,21.815908432006836,4.594420645603288,0.010101010101010102,0.03535353535353535,summer-trafficable,conventional,0
38778525,T2,0.8292679318558136,0,0,2079,9.850664138793945,17.120649337768555,5.089577453572883,0.010101010101010102,0.007215007215007215,summer-trafficable,conventional,0
38779301,03,1.1509761819610567,1,0,2873,8.261636734008789,17.794185638427734,5.323296523136408,0.010093978419770276,0.01809954751131222,summer-trafficable,conventional,0
38778703,03,0.20057272787961095,0,1,501,11.099613189697266,20.72825050354004,5.485895389352115,0.00998003992015968,0.003992015968063872,summer-trafficable,conventional,0
73542980,03,0.3224196659602951,0,0,805,14.462381362915039,26.83306121826172,4.144338149773136,0.009937888198757764,0.09937888198757763,summer-trafficable,conventional,0
3356723,,5.963367521280689,0,0,14918,8.442931175231934,20.834768295288086,4.3799595339483215,0.009920900925056979,0.030634133261831346,summer-trafficable,conventional,0
38779146,03,0.20492556170023513,0,0,510,5.088801860809326,10.97418212890625,5.110617586992765,0.00980392156862745,0.0,summer-trafficable,conventional,0
38778760,03,1.2698775772947986,1,0,3173,13.20835018157959,26.77113151550293,4.624980827397736,0.009769933816577371,0.0718562874251497,summer-trafficable,conventional,0
3356826,04,3.7064428778033065,1,0,6006,9.163900375366211,23.529329299926758,4.432092998749005,0.009657009657009658,0.04512154512154512,summer-trafficable,conventional,0
38779214,T2,1.2544517571069993,0,0,3136,8.297721862792969,17.261825561523438,4.7322719902003225,0.009566326530612245,0.00350765306122449,summer-trafficable,conventional,0
38778015,T2,0.962588202379222,0,0,2406,7.57810640335083,20.756855010986328,4.865129395823195,0.009559434746467166,0.03449709060681629,summer-trafficable,conventional,0
26166755,03,0.25170838482243496,1,0,629,4.337113857269287,6.883097171783447,6.552485195473851,0.009538950715421303,0.0,summer-trafficable,conventional,0
38778841,02,0.9649178289439647,0,0,2417,6.174219608306885,12.907787322998047,5.137839998749739,0.009515928837401738,0.0016549441456350847,summer-trafficable,conventional,0
38778681,,0.9863325465957882,0,1,2467,8.843132019042969,20.730504989624023,4.057169227434983,0.009323064450749898,0.030401297122010538,summer-trafficable,conventional,0
38779314,03,0.4733154756441086,1,0,1187,8.866962432861328,17.419164657592773,4.825827254096373,0.009267059814658803,0.0,summer-trafficable,conventional,0
38779089,04,3.024294369648082,1,0,7560,12.769024848937988,28.980775833129883,4.741629480530229,0.009259259259259259,0.09775132275132276,summer-trafficable,conventional,0
38778177,03,0.2624698782162012,1,0,659,13.015297889709473,25.238975524902344,4.380690990349387,0.009104704097116844,0.0637329286798179,summer-trafficable,conventional,0
38778146,03,0.39676742373218904,1,0,989,10.784433364868164,24.069101333618164,4.790133269747653,0.00910010111223458,0.047522750252780584,summer-trafficable,conventional,0
3356362,04,0.7967893964921768,1,0,1989,5.974046230316162,11.828125953674316,5.0653995965209395,0.00904977375565611,0.0,summer-trafficable,conventional,0
38778419,03,0.6673509214320832,1,0,1672,12.432418823242188,28.64565658569336,4.240783921091634,0.008971291866028708,0.09270334928229665,summer-trafficable,conventional,0
38778129,,2.770594796831581,0,0,6923,10.372795104980469,25.093416213989258,4.112539486697792,0.008955655062834031,0.06008955655062834,summer-trafficable,conventional,0
38779309,04,0.7560782321299453,1,0,1903,9.720733642578125,15.1775541305542,5.937777316210841,0.008933263268523384,0.007882291119285338,summer-trafficable,conventional,0
38778264,,0.7930635867803022,0,0,1983,7.069749355316162,18.161256790161133,4.4120547611688306,0.008572869389813415,0.020675743822491176,summer-trafficable,conventional,0
74341050,T1,1.5791960328863008,0,0,3950,10.836990356445312,23.66255760192871,4.936672774152373,0.008354430379746836,0.045063291139240506,summer-trafficable,conventional,0
25784811,03,0.432554734570003,0,0,1081,7.043422222137451,14.943166732788086,4.9263443427462255,0.008325624421831638,0.0018501387604070306,summer-trafficable,conventional,0
3356802,,3.138424657993202,0,0,7850,12.217767715454102,28.040576934814453,4.010297876970772,0.008280254777070064,0.08866242038216561,summer-trafficable,conventional,0
38778779,03,1.0743059790674891,0,1,2692,8.058293342590332,15.07380199432373,4.941517706815356,0.008172362555720654,0.0007429420505200594,summer-trafficable,conventional,0
38778164,,1.2363687761584645,0,0,3075,8.031736373901367,21.259626388549805,4.309268228231755,0.008130081300813009,0.03577235772357724,summer-trafficable,conventional,0
38778020,T2,1.678161781390637,0,0,4195,12.698482513427734,23.591657638549805,4.820592388878748,0.008104886769964244,0.04410011918951132,summer-trafficable,conventional,0
38779004,03,1.3402043080551482,0,0,3350,9.842944145202637,23.08319664001465,4.627544238992341,0.008059701492537314,0.038507462686567163,summer-trafficable,conventional,0
38779148,03,0.14833317846839825,1,0,373,9.570164680480957,18.077621459960938,4.7853845064287,0.00804289544235925,0.005361930294906166,summer-trafficable,conventional,0
39521389,,0.8987300777798075,0,0,1249,11.517889976501465,26.512958526611328,3.833099383582099,0.008006405124099279,0.08326661329063251,summer-trafficable,conventional,0
38780074,03,0.40109494518445343,1,0,1001,12.52690315246582,25.29743766784668,4.253449181459675,0.007992007992007992,0.07092907092907093,summer-trafficable,conventional,0
38780068,04,1.0545749471763408,1,0,2629,13.561017036437988,21.355060577392578,4.849274242961101,0.00798782807151008,0.025484975275770254,summer-trafficable,conventional,0
3356747,04,0.7092221245109384,1,0,1766,13.078227043151855,25.364330291748047,3.5426564607827924,0.007927519818799546,0.06738391845979615,summer-trafficable,conventional,0
38778089,02,0.6535282611826335,1,0,1640,7.197074890136719,12.161362648010254,5.921690923619514,0.007926829268292683,0.0,summer-trafficable,conventional,0
42856617,04,1.9272442490695048,1,0,1159,8.194679260253906,15.64326000213623,4.290017512534747,0.007765314926660914,0.003451251078515962,summer-trafficable,conventional,0
38779203,T1,1.0368614925345678,0,0,2595,8.403627395629883,15.190932273864746,4.680284390973665,0.007707129094412331,0.0003853564547206166,summer-trafficable,conventional,0
17651713,04,0.7785725887760221,1,0,1947,12.693161010742188,25.513587951660156,4.830851735536597,0.007704160246533128,0.07139188495120699,summer-trafficable,conventional,0
38779067,04,1.6085396865454067,0,1,4027,11.429657936096191,22.120227813720703,4.618844051121852,0.007698038241867395,0.026322324310901417,summer-trafficable,conventional,0
3356937,,3.5234649605868142,0,0,8815,5.912744522094727,12.140302658081055,4.907997054827398,0.00760068065796937,0.0,summer-trafficable,conventional,0
38780067,04,1.2134791617437504,1,0,3033,13.500991821289062,23.625995635986328,4.392586440027079,0.007583250906693043,0.043521266073194856,summer-trafficable,conventional,0
26167910,03,0.36834700403398996,1,0,264,3.504474401473999,6.683834075927734,5.19405856051192,0.007575757575757576,0.0,summer-trafficable,conventional,0
3356749,04,4.969310235919972,1,0,12439,9.009560585021973,19.80870246887207,4.284966652420203,0.007556877562505024,0.019133370849746763,summer-trafficable,conventional,0
38778262,03,0.3717838410087114,1,0,927,13.148702621459961,26.06336784362793,4.3416341102391,0.007551240560949299,0.07982740021574973,summer-trafficable,conventional,0
38778967,04,1.2793961903342561,1,0,3206,12.313018798828125,24.43191146850586,4.915414103466211,0.007485963817841547,0.05333749220212102,summer-trafficable,conventional,0
38778383,04,0.8554560405945449,1,0,2143,7.098896503448486,16.319725036621094,4.632903346328655,0.007466168922071862,0.007466168922071862,summer-trafficable,conventional,0
38778786,,1.8357849258564256,0,1,4591,8.921990394592285,17.665599822998047,4.430693458566767,0.007405793944674363,0.006098889130908299,summer-trafficable,conventional,0
37126400,03,3.2047778292309412,0,0,8009,11.751819610595703,28.518394470214844,4.1929290842011175,0.007366712448495442,0.08103383693344987,summer-trafficable,conventional,0
38779335,03,0.7634518213317635,1,0,1902,8.88310432434082,14.286927223205566,5.885556765512646,0.007360672975814932,0.0,summer-trafficable,conventional,0
38779085,04,0.16484591280696026,1,0,416,10.176692008972168,23.3764591217041,3.8524842175544487,0.007211538461538462,0.04807692307692308,summer-trafficable,conventional,0
29038502,,1.5516951339443432,0,0,3884,7.547192573547363,16.227386474609375,4.648387077762649,0.007209062821833162,0.004119464469618949,summer-trafficable,conventional,0
38780078,03,0.30614390051355367,1,0,711,14.238805770874023,25.563711166381836,3.908046899052889,0.007032348804500703,0.06188466947960619,summer-trafficable,conventional,0
38778827,03,0.804688062523084,0,0,2012,6.841060161590576,13.680611610412598,4.7887884273939045,0.006958250497017893,0.0014910536779324055,summer-trafficable,conventional,0
38778492,03,0.7098606750484472,1,0,1770,10.416929244995117,24.611530303955078,4.3265948530397464,0.006779661016949152,0.05141242937853107,summer-trafficable,conventional,0
39521391,04,0.41870739965624887,1,0,1048,9.047835350036621,19.41215705871582,4.795014487395699,0.006679389312977099,0.02099236641221374,summer-trafficable,conventional,0
3359794,,2.338007603010918,0,0,5844,7.032008171081543,16.78280258178711,4.415777039976641,0.006673511293634497,0.00787132101300479,summer-trafficable,conventional,0
37064939,03,4.101591911403603,1,0,10257,10.750499725341797,27.075511932373047,4.076266537342921,0.006629618796919177,0.06961099736765136,summer-trafficable,conventional,0
38778890,04,1.1586830596036655,1,0,2892,14.782764434814453,23.873615264892578,4.701545510234498,0.00656984785615491,0.04633471645919779,summer-trafficable,conventional,0
38778629,03,0.6127802794609448,1,0,1534,9.212701797485352,15.791074752807617,5.407173005690255,0.00651890482398957,0.003259452411994785,summer-trafficable,conventional,0
38778010,03,0.5677248183836346,1,0,1423,9.054967880249023,23.188133239746094,4.470140451632079,0.006324666198172874,0.040758959943780745,summer-trafficable,conventional,0
38779050,03,0.38200646083813505,1,0,952,7.505706310272217,15.15447998046875,5.168620045116445,0.0063025210084033615,0.0,summer-trafficable,conventional,0
38778826,,0.9532489851086079,0,0,2381,10.162725448608398,20.45117950439453,4.21758350023946,0.00629987400251995,0.024779504409911803,summer-trafficable,conventional,0
38778173,03,4.1412521505332744,0,0,10354,11.152970314025879,26.970470428466797,4.042399776780606,0.006181186015066641,0.07108363917326636,summer-trafficable,conventional,0
38778546,03,0.26080092276163813,0,0,652,6.334682941436768,12.91704273223877,5.023179382925426,0.006134969325153374,0.0,summer-trafficable,conventional,0
38778098,,2.6095420340391082,0,0,6529,9.826580047607422,29.381105422973633,4.911458912669764,0.006126512482769184,0.07750038290703018,summer-trafficable,conventional,0
38778749,04,0.19559576216987415,1,0,491,11.742731094360352,18.74968719482422,3.9763869349296184,0.006109979633401222,0.0,summer-trafficable,conventional,0
39521390,03,0.5252623848592394,1,0,1170,6.414464950561523,14.348968505859375,4.393178680502858,0.005982905982905983,0.0,summer-trafficable,conventional,0
38778113,03,0.5361001973180285,1,0,1344,7.528751373291016,15.723493576049805,4.364043764811266,0.005952380952380952,0.011160714285714286,summer-trafficable,conventional,0
38780060,04,2.3569502950062824,1,0,5894,15.759754180908203,26.919654846191406,4.161858456604185,0.0059382422802850355,0.09789616559212759,summer-trafficable,conventional,0
38779179,03,0.6036475980938136,1,0,1516,3.8186540603637695,7.006391525268555,4.850102222959202,0.005936675461741424,0.0,summer-trafficable,conventional,0
3356856,,1.6415335081298654,0,0,4108,8.244583129882812,17.42425537109375,4.259080204175503,0.005842259006815969,0.01192794547224927,summer-trafficable,conventional,0
38778602,03,0.6229829388937301,1,0,1563,7.906525135040283,14.915173530578613,4.56206612968665,0.005758157389635317,0.008957133717210493,summer-trafficable,conventional,0
38778685,04,1.326026515087716,0,1,3319,10.36156177520752,23.26006317138672,4.470802054771633,0.005724615848147032,0.043989153359445615,summer-trafficable,conventional,0
42840846,04,2.4885414389672924,1,0,1051,7.677577972412109,14.246880531311035,4.589806963853966,0.005708848715509039,0.0,summer-trafficable,conventional,0
38778672,Y1,0.6222011621708763,0,0,1406,10.227985382080078,24.23770523071289,4.18917768479129,0.005689900426742532,0.05263157894736842,summer-trafficable,conventional,0
38778686,,0.9208744344307562,0,1,2299,11.268277168273926,22.975126266479492,4.193218661767666,0.005654632448890822,0.03610265332753371,summer-trafficable,conventional,0
38778261,,1.1330982529103506,0,0,2841,9.673384666442871,22.159154891967773,4.044373519294948,0.005631819781766983,0.03308694121788103,summer-trafficable,conventional,0
38778867,04,0.6400486675189023,1,0,1600,14.23069953918457,27.272876739501953,3.857409693671075,0.005625,0.08,summer-trafficable,conventional,0
38778423,,3.2006955895749654,0,0,8008,12.194743156433105,28.843782424926758,4.041163264806808,0.005619380619380619,0.0924075924075924,summer-trafficable,conventional,0
3356916,,0.4277444645837868,0,0,1072,5.881912708282471,12.815629005432129,4.417582940276259,0.005597014925373134,0.0,summer-trafficable,conventional,0
38779138,03,1.4556359290106589,0,0,3635,6.687443256378174,16.01180076599121,4.636566241015434,0.005502063273727648,0.011004126547455296,summer-trafficable,conventional,0
38778712,03,0.22027561689299988,1,0,548,13.153643608093262,26.07023048400879,4.474909998387795,0.005474452554744526,0.08394160583941605,summer-trafficable,conventional,0
38779136,03,2.1419067294722263,1,0,5357,8.6458101272583,13.256441116333008,5.631857900982799,0.005413477692738473,0.0007466865783087549,summer-trafficable,conventional,0
41552665,03,0.43466538206831995,1,0,741,11.381146430969238,23.023406982421875,4.625702810352357,0.005398110661268556,0.03913630229419703,summer-trafficable,conventional,0
38778182,03,1.0435217099827423,1,0,2601,12.105521202087402,24.5101318359375,3.910578801489334,0.005382545174932718,0.05190311418685121,summer-trafficable,conventional,0
38778247,,2.5453251879026317,0,0,6370,6.390397071838379,15.308072090148926,4.520587274403715,0.005337519623233909,0.006907378335949764,summer-trafficable,conventional,0
3358795,,0.6780202765764523,0,0,1691,9.201959609985352,19.041868209838867,4.112308704923267,0.005322294500295683,0.010053222945002957,summer-trafficable,conventional,0
3356221,04,3.406505132366383,1,0,8515,7.904038906097412,16.609542846679688,5.035096371907699,0.005284791544333529,0.002348796241926013,summer-trafficable,conventional,0
3356841,,3.8821073088561664,0,0,9719,7.779734134674072,21.130435943603516,4.575442625051858,0.0052474534417121105,0.03179339438213808,summer-trafficable,conventional,0
38778202,04,1.6793249659007616,1,0,4197,12.16621208190918,27.93682289123535,4.359403744491407,0.005241839409101739,0.0881582082439838,summer-trafficable,conventional,0
38778762,04,0.15399212382612626,1,0,384,13.202720642089844,24.251567840576172,4.491953470652834,0.005208333333333333,0.052083333333333336,summer-trafficable,conventional,0
3359092,,1.320923702500365,0,1,3304,7.680561065673828,19.522563934326172,4.3388791023293445,0.005145278450363196,0.02209443099273608,summer-trafficable,conventional,0
3356263,,1.8883096333640843,0,0,4720,10.897196769714355,23.61183738708496,4.377983489773566,0.005084745762711864,0.042796610169491524,summer-trafficable,conventional,0
37064979,03,1.338720637912501,1,0,3346,11.756819725036621,27.793272018432617,4.08502629494737,0.005080693365212194,0.07381948595337717,summer-trafficable,conventional,0
3356867,,4.417649278828059,0,0,11045,6.624351978302002,14.298295021057129,4.881165906308855,0.0050701674966047985,0.002806699864191942,summer-trafficable,conventional,0
38779162,03,0.552576221618716,1,0,1381,9.6854887008667,22.72058868408203,4.62390827327249,0.005068790731354091,0.041274438812454746,summer-trafficable,conventional,0
38778722,03,0.4887604397479031,0,0,1226,6.13080358505249,12.03303337097168,4.805657922187495,0.004893964110929853,0.0,summer-trafficable,conventional,0
38778163,04,0.49440786131861,1,0,1239,8.902201652526855,18.660017013549805,4.346285821617174,0.004842615012106538,0.01775625504439064,summer-trafficable,conventional,0
38778976,03,0.3356712364410995,1,0,840,7.510838508605957,20.031404495239258,4.586146340792221,0.004761904761904762,0.02738095238095238,summer-trafficable,conventional,0
38778811,03,2.57998344610632,1,0,6144,10.339420318603516,23.761449813842773,4.669757588084148,0.004720052083333333,0.045735677083333336,summer-trafficable,conventional,0
38778866,03,1.0182643142495307,1,0,2544,13.39210319519043,23.360984802246094,4.337916643721061,0.0047169811320754715,0.040880503144654086,summer-trafficable,conventional,0
3356889,04,0.6791400736944126,1,0,1699,11.877965927124023,27.83022689819336,4.350808180512186,0.004708652148322542,0.08416715715126545,summer-trafficable,conventional,0
38778255,,0.4339004037611134,0,0,1085,5.6071624755859375,11.518436431884766,4.829885469242546,0.004608294930875576,0.0,summer-trafficable,conventional,0
38778389,04,0.7104746031209399,1,0,1778,10.457162857055664,24.059804916381836,4.0737571748545305,0.0044994375703037125,0.048931383577052866,summer-trafficable,conventional,0
38778529,02,0.35807171490101986,0,0,894,7.266200065612793,13.706034660339355,4.769338975499809,0.0044742729306487695,0.0,summer-trafficable,conventional,0
38779336,03,1.4308600899717723,1,0,3579,6.61850118637085,10.74294662475586,5.300960657545441,0.0044705224923162895,0.0,summer-trafficable,conventional,0
511494,,0.9869948061164854,0,0,2472,5.536885738372803,11.335854530334473,4.859544049323859,0.004449838187702265,0.0028317152103559872,summer-trafficable,conventional,0
38779072,04,0.17965425157722992,1,0,451,18.04528045654297,25.422847747802734,3.616389615387061,0.004434589800443459,0.0975609756097561,summer-trafficable,conventional,0
38779002,,2.2960096511211936,0,0,4356,9.711456298828125,26.156143188476562,4.284752382614216,0.004361799816345271,0.06267217630853994,summer-trafficable,conventional,0
38778523,,2.4279313985838504,0,0,6078,10.187663078308105,20.367155075073242,4.150585689829393,0.0042777229351760445,0.016123724909509706,summer-trafficable,conventional,0
3356766,,0.6577967246108563,0,0,1645,13.2901611328125,26.302963256835938,3.928084119243621,0.00425531914893617,0.08206686930091185,summer-trafficable,conventional,0
3356326,,0.8511188089137446,0,0,2125,12.537242889404297,31.97185707092285,3.7766408152440922,0.0042352941176470585,0.09694117647058824,summer-trafficable,conventional,0
37064981,04,0.7556632205361545,1,0,1890,6.418208599090576,14.92757511138916,4.442462403319722,0.004232804232804233,0.008994708994708995,summer-trafficable,conventional,0
38779293,04,0.6696324285442271,1,0,1676,8.706273078918457,14.560148239135742,5.151224944176658,0.004176610978520286,0.0,summer-trafficable,conventional,0
37063343,03,2.623427207860417,1,0,6560,10.65096378326416,20.735246658325195,4.189712186463412,0.0041158536585365856,0.02103658536585366,summer-trafficable,conventional,0
37064944,04,2.5450642381658697,1,0,6369,12.702937126159668,27.714664459228516,4.6340625244983755,0.004082273512325325,0.08981001727115717,summer-trafficable,conventional,0
38778662,04,0.3945926181398718,1,0,985,14.556757926940918,23.986452102661133,5.405705257365913,0.0040609137055837565,0.046700507614213196,summer-trafficable,conventional,0
3358850,,0.39612990624656647,0,0,990,11.104693412780762,25.000150680541992,3.8223137082962,0.00404040404040404,0.05555555555555555,summer-trafficable,conventional,0
3356816,03,1.0973629403778187,1,0,2742,15.255131721496582,24.725801467895508,4.678644832957266,0.0040116703136396795,0.06163384390955507,summer-trafficable,conventional,0
38778533,T2,0.5002434753768024,0,0,1256,11.98029613494873,23.3056583404541,4.981263442137375,0.003980891719745223,0.03901273885350318,summer-trafficable,conventional,0
38778351,,0.7041508389141733,0,0,1762,9.936893463134766,24.895835876464844,4.002632887299154,0.003972758229284903,0.056753688989784334,summer-trafficable,conventional,0
38778481,,1.1470515649425925,0,0,2779,11.68586254119873,23.185855865478516,3.768951190876141,0.00395825836631882,0.03922274199352285,summer-trafficable,conventional,0
38778227,,0.5054858206601069,0,0,1265,10.959383964538574,24.29383659362793,3.8799681398114836,0.003952569169960474,0.05375494071146245,summer-trafficable,conventional,0
38778530,04,1.4325952725003173,1,0,3577,8.106891632080078,19.147335052490234,4.536293311693907,0.003913894324853229,0.01453732177802628,summer-trafficable,conventional,0
42850822,03,1.7436863998503669,1,0,1812,5.724229335784912,11.507726669311523,4.882691439350244,0.003863134657836645,0.0,summer-trafficable,conventional,0
38780073,04,1.8668997726574417,1,0,4668,9.019474983215332,25.222698211669922,4.54286700323126,0.0038560411311053984,0.054413024850042846,summer-trafficable,conventional,0
3356394,,2.194238122047121,0,0,5484,10.603436470031738,24.067251205444336,4.152766839624124,0.0038293216630196935,0.04941648431801605,summer-trafficable,conventional,0
3356752,Y1,2.348998241700742,0,0,4709,11.919329643249512,24.179922103881836,4.252890391723724,0.003822467615204927,0.05075387555744319,summer-trafficable,conventional,0
38778141,,0.31958875568365336,0,0,798,5.205817222595215,12.268077850341797,4.406380396068261,0.0037593984962406013,0.0,summer-trafficable,conventional,0
38778150,,1.7068196351648814,0,0,4261,11.921656608581543,28.160280227661133,3.961596361954054,0.0037549870922318706,0.0952827974653837,summer-trafficable,conventional,0
26167292,04,0.6555842212947516,1,0,1632,14.01347827911377,24.011619567871094,3.987712667741448,0.003676470588235294,0.049019607843137254,summer-trafficable,conventional,0
38778660,,2.3232856335593217,0,0,5750,12.285594940185547,24.929866790771484,3.9301406726473593,0.0036521739130434784,0.06086956521739131,summer-trafficable,conventional,0
38779006,03,2.6650165716271745,1,0,6666,11.343843460083008,24.329072952270508,4.449852752483013,0.0036003600360036,0.05340534053405341,summer-trafficable,conventional,0
38778197,03,0.5576398009622152,1,0,1395,12.423707962036133,26.399845123291016,3.9158212779415766,0.0035842293906810036,0.07670250896057347,summer-trafficable,conventional,0
38779186,,1.69062553733528,0,0,4223,7.8353271484375,18.29098129272461,4.565812090310594,0.003551977267345489,0.013497513615912858,summer-trafficable,conventional,0
511457,04,5.662855091669136,1,0,3401,8.81005859375,23.612703323364258,4.47958109363052,0.0035283740076448105,0.0455748309320788,summer-trafficable,conventional,0
38779086,04,1.046950240196463,0,1,2622,12.885255813598633,24.76066780090332,4.290553962895291,0.003432494279176201,0.060259344012204424,summer-trafficable,conventional,0
3356905,,0.5838981145043514,0,0,1459,8.885525703430176,17.327987670898438,3.9121203129693742,0.003427004797806717,0.0013708019191226869,summer-trafficable,conventional,0
38778356,,2.1101448925850677,0,0,5269,8.508282661437988,21.4582462310791,4.347420520359069,0.003416208009109888,0.029417346745112923,summer-trafficable,conventional,0
38778393,04,0.5878397451694496,1,0,1475,6.790577411651611,18.45912742614746,4.450950892477441,0.003389830508474576,0.02169491525423729,summer-trafficable,conventional,0
38778973,03,0.7195717443494567,1,0,1795,7.896637916564941,18.985010147094727,4.5942055119861305,0.003342618384401114,0.027298050139275765,summer-trafficable,conventional,0
38778372,03,0.7228265863720232,1,0,1809,11.616101264953613,24.899608612060547,4.186937857419212,0.003316749585406302,0.058595909342177996,summer-trafficable,conventional,0
38778384,03,0.8492001260624343,1,0,2118,8.949705123901367,22.445903778076172,4.059251772967102,0.0033050047214353163,0.03777148253068933,summer-trafficable,conventional,0
38779290,04,0.8574605103214444,1,0,2137,9.689448356628418,18.466012954711914,4.873042065259039,0.003275620028076743,0.0018717828731867104,summer-trafficable,conventional,0
38779073,03,1.005284644836789,0,1,2511,10.06824016571045,18.169452667236328,4.475519627103812,0.0031859816806053365,0.0047789725209080045,summer-trafficable,conventional,0
38778090,,1.2679062528808767,0,0,3164,7.526158332824707,13.533244132995605,4.593767225063327,0.0031605562579013905,0.0003160556257901391,summer-trafficable,conventional,0
38779239,03,0.5078397242847554,1,0,1267,8.981809616088867,13.682862281799316,5.636525599528108,0.0031570639305445935,0.0,summer-trafficable,conventional,0
38778636,03,0.764785784020984,1,0,1914,12.150218963623047,25.51687240600586,4.1502385503268995,0.003134796238244514,0.06374085684430512,summer-trafficable,conventional,0
38779245,04,0.3968614549152808,1,0,992,7.471848487854004,11.216559410095215,5.721321725234101,0.0030241935483870967,0.0,summer-trafficable,conventional,0
38778809,02,0.4867204125259699,1,0,1036,6.5345892906188965,11.987164497375488,4.860122897114141,0.0028957528957528956,0.0,summer-trafficable,conventional,0
38778011,T1,1.5203133224758125,0,0,3805,5.513269901275635,10.715104103088379,4.874984861880968,0.0028909329829172143,0.0010512483574244415,summer-trafficable,conventional,0
3356764,,0.4181140645775328,0,0,1045,11.670766830444336,21.111011505126953,4.041800937865956,0.0028708133971291866,0.02966507177033493,summer-trafficable,conventional,0
38778527,,0.5571302546022575,0,0,1394,10.139042854309082,19.16745948791504,3.931474258450888,0.0028694404591104736,0.01721664275466284,summer-trafficable,conventional,0
38778829,03,2.805747841122411,1,0,7013,9.160209655761719,16.810073852539062,4.947093175054667,0.002851846570654499,0.0037074005418508485,summer-trafficable,conventional,0
38779321,03,0.6161536440117429,0,0,1424,5.285706043243408,9.917242050170898,4.894130575846146,0.0028089887640449437,0.0,summer-trafficable,conventional,0
38778169,04,0.1459169880876815,1,0,362,11.126988410949707,20.143972396850586,3.9841697377523735,0.0027624309392265192,0.0055248618784530384,summer-trafficable,conventional,0
3356525,04,0.15017249045143047,1,0,370,5.068460464477539,9.476419448852539,4.757642788740424,0.002702702702702703,0.0,summer-trafficable,conventional,0
511459,Y1,0.29750135216640555,1,0,746,12.358882904052734,26.9185791015625,3.7981934216871234,0.002680965147453083,0.0938337801608579,summer-trafficable,conventional,0
38778640,03,0.8964434059732188,1,0,2240,12.50925064086914,29.74419403076172,3.950580085505596,0.0026785714285714286,0.08035714285714286,summer-trafficable,conventional,0
38779287,03,0.753508122802941,1,0,1878,7.42910623550415,16.027587890625,4.401339447165819,0.0026624068157614484,0.003727369542066028,summer-trafficable,conventional,0
3356763,,1.519292564078713,0,0,3793,9.935526847839355,23.897010803222656,4.255347334516431,0.002636435539151068,0.04877405747429475,summer-trafficable,conventional,0
3356890,,0.46673402691706095,0,0,1164,7.7762346267700195,19.74707794189453,4.2370625445371575,0.002577319587628866,0.029209621993127148,summer-trafficable,conventional,0
38779211,03,0.7864259842059835,0,0,1959,8.46142864227295,20.419597625732422,4.20682036488643,0.002552322613578356,0.02348136804492088,summer-trafficable,conventional,0
38778526,T2,2.0704432241947033,0,0,5176,12.119421005249023,22.156652450561523,4.9311513028799725,0.002511591962905719,0.03187789799072643,summer-trafficable,conventional,0
38779124,03,1.4471539683629036,1,0,3619,10.431398391723633,20.969743728637695,4.863218858854455,0.0024868748273003593,0.019894998618402875,summer-trafficable,conventional,0
3356902,04,0.1602725469848427,1,0,403,7.843667507171631,17.90677261352539,4.854235397571936,0.0024813895781637717,0.0,summer-trafficable,conventional,0
38779318,04,0.9876322220229098,1,0,2467,10.608406066894531,19.959753036499023,4.4463651269028635,0.0024321037697608433,0.010133765707336847,summer-trafficable,conventional,0
38779334,03,2.0805073766059943,1,0,2474,5.721426963806152,11.571028709411621,4.508333117459508,0.002425222312045271,0.0,summer-trafficable,conventional,0
38778009,04,0.33058465908975104,1,0,825,12.582947731018066,25.80147361755371,4.682765105168331,0.0024242424242424242,0.08969696969696969,summer-trafficable,conventional,0
38778784,03,1.1819855722904513,0,1,2949,11.441454887390137,19.245101928710938,4.781208607641778,0.002373685995252628,0.01017293997965412,summer-trafficable,conventional,0
38778124,03,0.3403916489515896,1,0,845,10.386869430541992,23.263809204101562,4.441913049638527,0.002366863905325444,0.036686390532544376,summer-trafficable,conventional,0
37064934,04,1.7287692358046607,1,0,4335,8.728175163269043,20.137939453125,4.479887401557658,0.002306805074971165,0.015455594002306805,summer-trafficable,conventional,0
38779248,03,0.3550750493990514,1,0,887,6.34135103225708,10.699286460876465,4.736569508994525,0.002254791431792559,0.0,summer-trafficable,conventional,0
39520353,04,1.1899517441062963,1,0,1775,10.26407241821289,19.937667846679688,4.201982237864574,0.0022535211267605635,0.01915492957746479,summer-trafficable,conventional,0
3358829,04,0.539085610046941,1,0,1346,7.241611957550049,15.367460250854492,4.86105388541246,0.002228826151560178,0.0014858841010401188,summer-trafficable,conventional,0
38778338,03,0.3608641480004732,1,0,902,11.877450942993164,26.57390594482422,3.95986270997205,0.0022172949002217295,0.06319290465631928,summer-trafficable,conventional,0
3358848,04,0.378654476510763,1,0,947,5.637814521789551,14.093727111816406,5.000281809009042,0.0021119324181626186,0.006335797254487857,summer-trafficable,conventional,0
38778470,04,0.38675741635717353,1,0,968,12.190214157104492,17.861370086669922,4.390507046577526,0.002066115702479339,0.023760330578512397,summer-trafficable,conventional,0
38778612,03,0.19458547894185027,1,0,488,13.583928108215332,22.08332061767578,4.886257836880635,0.0020491803278688526,0.03278688524590164,summer-trafficable,conventional,0
42853659,03,1.3051290976783407,1,0,1485,6.1931633949279785,12.977930068969727,4.627468520500848,0.00202020202020202,0.0,summer-trafficable,conventional,0
25782704,04,0.8043880878751991,1,0,2017,8.2344331741333,14.573012351989746,4.693113995019852,0.0019831432821021317,0.0039662865642042635,summer-trafficable,conventional,0
3358725,,2.2411162921914167,0,0,5607,8.680295944213867,22.35688591003418,4.413357835787364,0.0019618334225075798,0.041376850365614413,summer-trafficable,conventional,0
26167815,03,0.40917725613575295,1,0,1023,11.634547233581543,21.35680389404297,4.126455875267495,0.0019550342130987292,0.02346041055718475,summer-trafficable,conventional,0
39521332,04,0.615732235423876,1,0,1540,9.48403263092041,21.92017364501953,4.281311103605654,0.001948051948051948,0.02857142857142857,summer-trafficable,conventional,0
38778211,,0.20780683665552865,0,0,516,9.398558616638184,18.7730770111084,4.023013281960139,0.001937984496124031,0.007751937984496124,summer-trafficable,conventional,0
38778107,,0.21182069542083376,0,0,523,8.032041549682617,15.252044677734375,4.128865682479632,0.0019120458891013384,0.0,summer-trafficable,conventional,0
38778541,03,0.6333315486094843,1,0,1581,12.478988647460938,18.985965728759766,5.319331196653039,0.0018975332068311196,0.0,summer-trafficable,conventional,0
3356831,04,0.6440146007490833,1,0,1610,10.125268936157227,22.175939559936523,4.068592543745283,0.0018633540372670807,0.034161490683229816,summer-trafficable,conventional,0
38779121,03,0.43607735556173227,1,0,1087,12.288823127746582,23.7938175201416,5.170330677344578,0.0018399264029438822,0.04875804967801288,summer-trafficable,conventional,0
38778938,04,1.523809281969217,1,0,3812,15.824344635009766,25.66008186340332,4.896443326187219,0.0018363064008394543,0.07843651626442812,summer-trafficable,conventional,0
38778587,03,0.6578428020619067,1,0,1640,10.405787467956543,24.22119140625,4.37619717893185,0.001829268292682927,0.051829268292682924,summer-trafficable,conventional,0
37127353,03,0.8795642613758068,1,0,2208,14.4266939163208,24.93169403076172,4.5717409612698185,0.0018115942028985507,0.07065217391304347,summer-trafficable,conventional,0
38778891,03,0.21896987398829848,1,0,553,12.616488456726074,24.617021560668945,4.853319985368898,0.0018083182640144665,0.06148282097649186,summer-trafficable,conventional,0
26168577,04,0.22196402282922337,1,0,554,18.59404945373535,24.363059997558594,5.325802049745581,0.0018050541516245488,0.05595667870036101,summer-trafficable,conventional,0
38778517,T1,0.4491368507706879,0,0,1125,8.806391716003418,15.433963775634766,4.807119373631732,0.0017777777777777779,0.0,summer-trafficable,conventional,0
42853685,04,2.8163639514383005,1,0,581,12.795697212219238,20.128807067871094,4.602510504494851,0.0017211703958691911,0.008605851979345954,summer-trafficable,conventional,0
38778294,03,0.23624119850865005,0,0,592,13.039542198181152,27.25495719909668,4.148462727159539,0.0016891891891891893,0.09121621621621621,summer-trafficable,conventional,0
38778963,04,0.7641305588712335,1,0,1844,19.07774543762207,24.141910552978516,4.052791491127095,0.0016268980477223427,0.05151843817787419,summer-trafficable,conventional,0
38779310,03,0.7428039945603169,1,0,1855,7.666293621063232,18.172657012939453,5.143515149496086,0.0016172506738544475,0.0026954177897574125,summer-trafficable,conventional,0
38779224,04,0.4975653452322833,1,0,1240,9.067191123962402,17.21027374267578,4.617233461917721,0.0016129032258064516,0.0064516129032258064,summer-trafficable,conventional,0
38779093,A0,1.2377239636730137,0,0,3107,15.103996276855469,20.92661476135254,4.4477733799177885,0.0016092693916961698,0.012552301255230125,summer-trafficable,conventional,0
38779337,04,0.7479045916210492,1,0,1874,10.829833984375,16.34878921508789,5.089725161045067,0.0016008537886872999,0.0,summer-trafficable,conventional,0
38778135,03,0.25112434672654577,1,0,629,10.745977401733398,21.671892166137695,3.851722343393588,0.001589825119236884,0.022257551669316374,summer-trafficable,conventional,0
38778736,,0.7832291127999964,0,0,1962,12.351542472839355,23.63959312438965,4.115163244415977,0.0015290519877675841,0.04485219164118247,summer-trafficable,conventional,0
38779266,03,0.5253367320522621,1,0,1313,7.908591270446777,15.954440116882324,5.321524394826061,0.0015232292460015233,0.002284843869002285,summer-trafficable,conventional,0
39520320,03,3.2576277010965193,1,0,688,7.605275630950928,13.805883407592773,3.938653935720834,0.0014534883720930232,0.0,summer-trafficable,conventional,0
3356801,,0.9057808484573004,0,0,2265,6.344770431518555,11.494511604309082,4.788387390449461,0.0013245033112582781,0.0,summer-trafficable,conventional,0
38778542,03,2.4688656143833416,1,0,6171,9.68904972076416,19.11921501159668,4.6052339041565284,0.001296386323124291,0.016853022200615783,summer-trafficable,conventional,0
38778590,03,0.3125636975491825,0,0,780,11.153483390808105,22.777151107788086,3.903138497927803,0.001282051282051282,0.038461538461538464,summer-trafficable,conventional,0
38778616,03,0.31556368685125313,0,0,786,9.768402099609375,20.002450942993164,4.19988816405023,0.001272264631043257,0.03689567430025445,summer-trafficable,conventional,0
38778625,04,0.3249785697972693,1,0,804,6.731644630432129,11.923213005065918,4.884430749126503,0.0012437810945273632,0.0,summer-trafficable,conventional,0
38779243,03,1.3266181512622217,1,0,3317,10.461627960205078,31.245378494262695,4.443860402601017,0.0012059089538739825,0.08742839915586373,summer-trafficable,conventional,0
38779141,03,0.6761686131274671,1,0,1694,7.438699245452881,17.20457649230957,4.981888939813801,0.0011806375442739079,0.00885478158205431,summer-trafficable,conventional,0
38778931,03,0.34327031734355146,1,0,857,11.837067604064941,24.305200576782227,3.860894258406593,0.0011668611435239206,0.052508751458576426,summer-trafficable,conventional,0
3356886,,0.3505048847242967,0,0,876,12.322038650512695,21.752548217773438,4.002246104512316,0.001141552511415525,0.0182648401826484,summer-trafficable,conventional,0
42841007,04,3.129406841031918,1,0,1811,11.4323148727417,25.515073776245117,3.9758940867742507,0.0011043622308117063,0.06460519050248481,summer-trafficable,conventional,0
3356225,,0.732912127416163,0,0,1828,12.9635591506958,28.045352935791016,3.849438998304743,0.0010940919037199124,0.08150984682713348,summer-trafficable,conventional,0
38778744,,0.7377973044188422,0,0,1841,13.181445121765137,24.6956787109375,4.62563904485826,0.0010863661053775121,0.057034220532319393,summer-trafficable,conventional,0
38779312,03,0.7397360821249245,1,0,1848,9.181692123413086,17.52181625366211,5.024203649757763,0.0010822510822510823,0.005952380952380952,summer-trafficable,conventional,0
38778359,04,1.1280726185090533,1,0,2833,11.447131156921387,23.828407287597656,4.40403297010906,0.0010589481115425344,0.04800564772326156,summer-trafficable,conventional,0
38778245,,0.37827457149323124,0,0,945,8.987751960754395,22.13129997253418,3.9322468085301403,0.0010582010582010583,0.031746031746031744,summer-trafficable,conventional,0
38779147,,0.3850491685405213,0,0,965,8.989058494567871,20.7355899810791,3.818386980668118,0.0010362694300518134,0.013471502590673576,summer-trafficable,conventional,0
38779313,03,1.2407743889862621,1,0,3100,9.219372749328613,18.342992782592773,4.5558803325489485,0.000967741935483871,0.011612903225806452,summer-trafficable,conventional,0
38778349,,0.4358510454984932,0,0,1090,9.584451675415039,25.406269073486328,4.049089279039462,0.0009174311926605505,0.06330275229357799,summer-trafficable,conventional,0
38778032,,0.8849106155078578,0,0,2203,9.457777976989746,20.642635345458984,4.002636413065419,0.0009078529278256923,0.02541988197911938,summer-trafficable,conventional,0
39520959,03,4.0089739113743885,0,1,1108,12.419528007507324,29.40989112854004,3.6784224530007044,0.0009025270758122744,0.09747292418772563,summer-trafficable,conventional,0
38778859,03,1.3324595359989218,1,0,3330,8.191600799560547,15.069363594055176,4.57883843344206,0.0009009009009009009,0.0,summer-trafficable,conventional,0
38779222,04,0.9560791775531626,1,0,2329,7.9076104164123535,14.964377403259277,4.811941246059597,0.0008587376556462001,0.0017174753112924003,summer-trafficable,conventional,0
38778864,03,0.9654640310853257,1,0,2416,10.002900123596191,17.15873146057129,4.3771639868793155,0.0008278145695364238,0.0,summer-trafficable,conventional,0
38778812,,1.076436017096006,0,0,2431,7.950301647186279,16.881746292114258,4.237349385084012,0.0008227067050596463,0.013986013986013986,summer-trafficable,conventional,0
38778549,03,0.48727138550231136,1,0,1220,8.98613166809082,16.253305435180664,5.257455395946018,0.000819672131147541,0.0,summer-trafficable,conventional,0
38778797,04,0.9969254292024964,1,0,2488,13.133101463317871,24.606430053710938,4.064672294180487,0.0008038585209003215,0.058681672025723476,summer-trafficable,conventional,0
38779252,03,0.5073162473134069,0,0,1270,8.446523666381836,18.974124908447266,4.358491838347202,0.0007874015748031496,0.013385826771653543,summer-trafficable,conventional,0
38778474,,1.5498823178669217,0,0,3839,11.247523307800293,24.237382888793945,3.9963295581432465,0.0007814535035165407,0.05105496222974733,summer-trafficable,conventional,0
38778386,03,0.5073618783271256,1,0,1280,11.876153945922852,21.218692779541016,4.242123091172928,0.00078125,0.03359375,summer-trafficable,conventional,0
38778556,04,0.5238968948773645,1,0,1305,7.812353134155273,13.314658164978027,4.470036411255792,0.0007662835249042146,0.0,summer-trafficable,conventional,0
38778179,04,1.0676561654336172,1,0,2672,13.71530818939209,25.400917053222656,3.740832679789475,0.0007485029940119761,0.0688622754491018,summer-trafficable,conventional,0
3359886,,1.0705585274853737,0,0,2678,6.912398338317871,13.175477981567383,4.803601646213169,0.0007468259895444362,0.0003734129947722181,summer-trafficable,conventional,0
3356892,04,0.5577162546680845,1,0,1392,14.28691577911377,26.389663696289062,4.243265787048187,0.0007183908045977011,0.08189655172413793,summer-trafficable,conventional,0
38778214,,1.24863446223879,0,0,3122,9.28527545928955,20.35204315185547,4.254541029531907,0.0006406149903907751,0.020819987187700194,summer-trafficable,conventional,0
38779320,03,0.6287872334941657,1,0,1574,10.167390823364258,15.212031364440918,4.983364194514686,0.0006353240152477764,0.0,summer-trafficable,conventional,0
38778381,,0.6704233334300403,0,0,1680,11.851346015930176,22.290908813476562,3.7446747663417277,0.0005952380952380953,0.030357142857142857,summer-trafficable,conventional,0
38779240,,0.679758058885598,0,0,1701,10.39371109008789,17.657028198242188,4.805835493399994,0.0005878894767783657,0.0,summer-trafficable,conventional,0
39521086,03,4.003877361688568,1,0,1721,7.379088878631592,15.33414077758789,4.411079560191456,0.0005810575246949448,0.0005810575246949448,summer-trafficable,conventional,0
38778584,04,0.7071561459468418,0,1,1769,10.273064613342285,20.830047607421875,4.72715043719062,0.0005652911249293386,0.016958733747880157,summer-trafficable,conventional,0
3356830,04,1.4280226944602743,1,0,3571,7.6291022300720215,17.32443618774414,4.643582471650366,0.0005600672080649678,0.004200504060487258,summer-trafficable,conventional,0
38778966,04,0.8088232309269396,1,0,2020,16.608186721801758,22.501657485961914,4.8726510508700045,0.0004950495049504951,0.024752475247524754,summer-trafficable,conventional,0
3356853,,0.81465692174543,0,0,2040,14.3727445602417,28.15550422668457,3.619598944251648,0.0004901960784313725,0.0946078431372549,summer-trafficable,conventional,0
74022132,03,0.8221042765632481,1,0,2059,12.933481216430664,21.647418975830078,4.930874814986606,0.00048567265662943174,0.028654686741136474,summer-trafficable,conventional,0
3356814,,0.8390450866893822,0,0,2099,10.564638137817383,22.07747459411621,3.967469962528517,0.0004764173415912339,0.033825631252977606,summer-trafficable,conventional,0
38778521,,0.8447017861842151,0,0,2104,11.101326942443848,21.076261520385742,4.035515277938177,0.0004752851711026616,0.019961977186311788,summer-trafficable,conventional,0
511273,02,4.992273969415134,1,0,2731,8.65825366973877,15.019996643066406,4.485515204252466,0.0003661662394727206,0.008055657268399853,summer-trafficable,conventional,0
38779028,03,2.2862727232782802,0,0,5717,11.088390350341797,26.141098022460938,4.252936409150493,0.00034983382893125764,0.06262025537869512,summer-trafficable,conventional,0
38778024,T1,1.2429421991310043,0,0,3104,7.9441986083984375,11.825687408447266,5.41848885509212,0.00032216494845360824,0.0,summer-trafficable,conventional,0
3356798,04,1.7090370718715788,1,0,221,13.845966339111328,28.66024398803711,4.727148402937817,0.0,0.09954751131221719,summer-trafficable,conventional,0
38778408,03,0.18451460905294292,1,0,464,12.707862854003906,29.58482551574707,3.740281600413331,0.0,0.09698275862068965,summer-trafficable,conventional,0
38778917,04,0.21342682027285279,1,0,531,15.683575630187988,26.399139404296875,4.785050426700539,0.0,0.096045197740113,summer-trafficable,conventional,0
38778936,04,1.2320187171374775,1,0,3080,16.32539939880371,26.65691375732422,4.265463647904823,0.0,0.09545454545454546,summer-trafficable,conventional,0
38779323,03,3.1546305803342802,1,0,7885,13.636822700500488,27.531957626342773,4.685976489872119,0.0,0.09537095751426759,summer-trafficable,conventional,0
38778172,03,0.4646043302330477,1,0,1163,12.971056938171387,26.942712783813477,3.9707639320754637,0.0,0.09458297506448839,summer-trafficable,conventional,0
38778802,04,0.17793613079071924,1,0,444,17.53411865234375,25.056392669677734,4.769198061021411,0.0,0.09234234234234234,summer-trafficable,conventional,0
3356893,04,0.9709000602280892,1,0,11,21.31934928894043,26.21458625793457,2.601007374571383,0.0,0.09090909090909091,summer-trafficable,conventional,0
38778899,03,0.7780809104839129,1,0,1947,16.238046646118164,27.42453384399414,4.181554841545876,0.0,0.08731381612737545,summer-trafficable,conventional,0
38778865,04,0.6696754001475635,1,0,1678,19.611814498901367,24.929332733154297,4.036017573338315,0.0,0.0864123957091776,summer-trafficable,conventional,0
38779294,04,0.6320743629199788,1,0,371,13.171982765197754,28.408594131469727,3.9088598238248013,0.0,0.0862533692722372,summer-trafficable,conventional,0
38778340,04,0.4202727928024115,1,0,1049,14.238114356994629,27.72665786743164,3.3935000418572874,0.0,0.08102955195424213,summer-trafficable,conventional,0
38780044,04,0.8925278601065433,1,0,754,16.25948143005371,25.583600997924805,4.075126526315353,0.0,0.08090185676392574,summer-trafficable,conventional,0
38779129,04,0.20090016896233343,0,1,501,15.23780632019043,26.491689682006836,4.294391316707479,0.0,0.07984031936127745,summer-trafficable,conventional,0
38778591,03,0.2918591538672526,0,1,727,12.374089241027832,25.803539276123047,4.603776580922782,0.0,0.07565337001375516,summer-trafficable,conventional,0
38778194,04,1.1216938478741947,1,0,2800,14.126940727233887,27.197158813476562,4.477521003115328,0.0,0.07535714285714286,summer-trafficable,conventional,0
38778205,04,0.8884117769387876,1,0,2218,12.467330932617188,26.35368537902832,4.084366997209821,0.0,0.07529305680793508,summer-trafficable,conventional,0
38778731,03,0.33838100278209676,0,0,839,12.640460014343262,25.330427169799805,3.7525443899466846,0.0,0.07032181168057211,summer-trafficable,conventional,0
38778355,,0.23946414230001548,0,0,599,12.401598930358887,25.792428970336914,3.623867453945366,0.0,0.07011686143572621,summer-trafficable,conventional,0
38778574,04,0.2805036538981211,1,0,704,10.625496864318848,25.302228927612305,4.962858037191759,0.0,0.06960227272727272,summer-trafficable,conventional,0
38779097,04,0.7209606799491552,1,0,1803,16.0125789642334,25.231103897094727,4.320240802686599,0.0,0.06877426511369938,summer-trafficable,conventional,0
3356554,03,0.18798641237105093,1,0,475,11.624503135681152,26.05165672302246,3.8633991337514444,0.0,0.06736842105263158,summer-trafficable,conventional,0
38778552,T2,0.757235191357553,0,0,1883,15.529190063476562,25.20591163635254,4.761474323979434,0.0,0.06638343069569835,summer-trafficable,conventional,0
38778291,03,0.3021939371338905,1,0,757,14.262542724609375,26.268869400024414,4.208877813623385,0.0,0.06605019815059446,summer-trafficable,conventional,0
38778345,04,0.26140896127987157,1,0,654,14.460929870605469,25.20042610168457,4.309991707249685,0.0,0.06574923547400612,summer-trafficable,conventional,0
38778555,04,0.5112927578706176,1,0,1261,12.668397903442383,24.844820022583008,4.581743007106003,0.0,0.063441712926249,summer-trafficable,conventional,0
38778490,03,0.5831819585318642,1,0,1454,12.097911834716797,25.736059188842773,4.270263863043045,0.0,0.06327372764786796,summer-trafficable,conventional,0
38778033,,0.38719911359753656,0,0,972,14.448960304260254,25.207792282104492,4.508648489084573,0.0,0.06275720164609054,summer-trafficable,conventional,0
38778959,04,0.5279920466541214,1,0,193,11.268721580505371,25.4744815826416,3.337250635660339,0.0,0.06217616580310881,summer-trafficable,conventional,0
38778944,03,0.21970432764634348,1,0,547,12.591588020324707,24.771228790283203,3.7195024834667505,0.0,0.062157221206581355,summer-trafficable,conventional,0
38778929,03,0.1745973192055573,0,0,440,13.502969741821289,24.702913284301758,3.7267803430058994,0.0,0.06136363636363636,summer-trafficable,conventional,0
38780047,03,0.36324245586106146,1,0,117,17.203243255615234,24.944164276123047,2.8179366500089933,0.0,0.05982905982905983,summer-trafficable,conventional,0
39521102,03,0.6870220037626196,1,0,1593,11.879416465759277,25.701465606689453,4.129669175646896,0.0,0.05775266792215945,summer-trafficable,conventional,0
38778943,04,0.26694943902236906,1,0,676,10.351123809814453,24.55211067199707,4.244612580482683,0.0,0.05621301775147929,summer-trafficable,conventional,0
38778964,04,0.2830798756846756,1,0,706,15.440728187561035,24.491872787475586,3.945281949305314,0.0,0.05524079320113314,summer-trafficable,conventional,0
38779108,03,0.4237794297327195,0,0,1060,11.375178337097168,25.321945190429688,3.954422874128126,0.0,0.05471698113207547,summer-trafficable,conventional,0
38778684,04,0.10548295567595614,1,0,262,15.994539260864258,24.250511169433594,4.739849286206809,0.0,0.05343511450381679,summer-trafficable,conventional,0
3356848,,0.3515302405490252,0,0,872,15.46511459350586,24.221267700195312,3.387406415399223,0.0,0.052752293577981654,summer-trafficable,conventional,0
73211029,03,0.5419635026991162,1,0,1351,12.13226318359375,24.252056121826172,4.608339463671662,0.0,0.05181347150259067,summer-trafficable,conventional,0
38778171,04,0.22943727806011507,1,0,569,11.432579040527344,23.612133026123047,4.658687759975266,0.0,0.04745166959578207,summer-trafficable,conventional,0
38778554,Y1,0.1761588381242715,1,0,439,11.890074729919434,23.340864181518555,3.6362119626485803,0.0,0.04555808656036447,summer-trafficable,conventional,0
38778551,04,0.5760709696628512,1,0,1438,15.530782699584961,23.953222274780273,4.731861512368121,0.0,0.045201668984700974,summer-trafficable,conventional,0
38779130,04,0.2508059514101154,0,1,628,18.66142463684082,23.978269577026367,4.402658888201706,0.0,0.042993630573248405,summer-trafficable,conventional,0
38778669,02,0.38668912873720807,1,0,608,10.553303718566895,21.982500076293945,4.438106830323203,0.0,0.04111842105263158,summer-trafficable,conventional,0
511510,02,0.5667469160825891,1,0,1415,9.2581205368042,19.56597900390625,5.1233810107221185,0.0,0.04098939929328622,summer-trafficable,conventional,0
3356884,,0.25251208545587117,0,0,628,13.02993392944336,23.3171329498291,3.471848746020595,0.0,0.03821656050955414,summer-trafficable,conventional,0
38778501,04,0.17872648658730744,1,0,447,14.066099166870117,23.484243392944336,3.248535562385701,0.0,0.035794183445190156,summer-trafficable,conventional,0
3356793,04,0.5242718773576538,1,0,1307,12.352208137512207,23.011260986328125,4.522453332148235,0.0,0.03366488140780413,summer-trafficable,conventional,0
3356822,,0.40744610371861434,0,0,1017,9.818472862243652,22.236661911010742,3.879927894486542,0.0,0.032448377581120944,summer-trafficable,conventional,0
38778148,03,0.4038472331674241,1,0,1011,13.633774757385254,22.17926025390625,4.616067247147996,0.0,0.03165182987141444,summer-trafficable,conventional,0
38779075,03,0.6598935065250748,0,0,1651,13.266000747680664,22.20069122314453,4.517609950525526,0.0,0.029678982434887948,summer-trafficable,conventional,0
38779237,03,0.28562828327530626,0,1,711,10.991636276245117,20.148460388183594,5.212683323446395,0.0,0.029535864978902954,summer-trafficable,conventional,0
42856641,04,1.382952195524495,1,0,1088,8.512263298034668,20.201763153076172,4.233915043222546,0.0,0.029411764705882353,summer-trafficable,conventional,0
38778671,03,0.7402322548492579,1,0,344,12.46988296508789,22.461971282958984,4.6698714794995055,0.0,0.029069767441860465,summer-trafficable,conventional,0
38778133,,0.32676879145359183,0,0,817,12.843005180358887,21.707904815673828,3.665062769631608,0.0,0.028151774785801713,summer-trafficable,conventional,0
38778776,03,0.20849916992524173,0,0,517,10.853555679321289,21.34833335876465,3.570587625975938,0.0,0.027079303675048357,summer-trafficable,conventional,0
38779220,04,1.2074299959387802,1,0,1204,9.560941696166992,18.77676773071289,4.83223993047112,0.0,0.02574750830564784,summer-trafficable,conventional,0
3356858,,0.3089849538458305,0,0,776,10.026019096374512,18.739103317260742,4.011411582328577,0.0,0.024484536082474227,summer-trafficable,conventional,0
38780053,03,0.654951431000266,1,0,1251,12.745072364807129,21.488826751708984,4.004250501078673,0.0,0.023980815347721823,summer-trafficable,conventional,0
38779166,03,0.2511548964882838,0,0,629,10.316645622253418,21.437419891357422,4.140867323674335,0.0,0.02384737678855326,summer-trafficable,conventional,0
511460,04,1.2012953586718407,1,0,86,8.523687362670898,15.122554779052734,3.4629745313791966,0.0,0.023255813953488372,summer-trafficable,conventional,0
38778411,03,0.3421113584633777,1,0,869,12.720808982849121,21.896020889282227,4.110028255691047,0.0,0.023014959723820484,summer-trafficable,conventional,0
3359849,,0.8910881309485652,0,0,2223,11.05809497833252,21.146560668945312,3.917059006448836,0.0,0.018893387314439947,summer-trafficable,conventional,0
38780056,03,1.3355103736952825,1,0,2450,14.081069946289062,21.918941497802734,4.579612827531849,0.0,0.017959183673469388,summer-trafficable,conventional,0
38778284,,0.3174420310021532,0,0,796,11.795496940612793,19.517311096191406,3.5816713367605586,0.0,0.017587939698492462,summer-trafficable,conventional,0
38778946,04,0.39383346397278834,1,0,986,11.694169998168945,20.899938583374023,4.0708774106609,0.0,0.017241379310344827,summer-trafficable,conventional,0
3356780,,0.653887487741097,0,0,356,14.049698829650879,22.594820022583008,3.160644158166518,0.0,0.016853932584269662,summer-trafficable,conventional,0
38779215,04,0.9306397335779019,1,0,2331,9.421871185302734,17.227567672729492,5.171908703367716,0.0,0.015873015873015872,summer-trafficable,conventional,0
38778648,04,0.22364417677408255,1,0,327,10.049665451049805,18.649124145507812,4.854646549173681,0.0,0.01529051987767584,summer-trafficable,conventional,0
25782695,03,0.9710545638609083,0,1,2420,8.109931945800781,18.958555221557617,4.353059762835049,0.0,0.01487603305785124,summer-trafficable,conventional,0
511277,04,0.9425806499173346,1,0,547,11.728606224060059,21.825164794921875,3.802529040914724,0.0,0.014625228519195612,summer-trafficable,conventional,0
38778140,,0.10914503117137402,0,1,276,14.67892074584961,22.128746032714844,3.5007083675504496,0.0,0.014492753623188406,summer-trafficable,conventional,0
511433,Y1,0.45649622593935,1,0,1142,7.78764533996582,18.155805587768555,4.259265751642204,0.0,0.014010507880910683,summer-trafficable,conventional,0
3356930,04,0.5167762726534346,1,0,237,10.936628341674805,19.14727783203125,5.292382025787951,0.0,0.012658227848101266,summer-trafficable,conventional,0
38779014,04,0.25516023034073937,1,0,637,10.223174095153809,19.796863555908203,4.172152163585954,0.0,0.012558869701726845,summer-trafficable,conventional,0
26167816,03,0.24553954694542107,1,0,617,10.379257202148438,20.717802047729492,4.187997848593355,0.0,0.011345218800648298,summer-trafficable,conventional,0
26167949,04,0.26055110907196194,1,0,650,9.571770668029785,20.20248794555664,4.914837744507024,0.0,0.010769230769230769,summer-trafficable,conventional,0
38779137,03,0.6718771737980401,0,0,1673,7.807354927062988,16.86554718017578,4.649193741466663,0.0,0.005977286312014346,summer-trafficable,conventional,0
73542973,03,0.20904079327634473,1,0,522,13.08122444152832,18.7736759185791,4.208758102050673,0.0,0.005747126436781609,summer-trafficable,conventional,0
38778962,04,0.9514080726842616,1,0,181,13.885580062866211,21.635534286499023,4.112901232455551,0.0,0.0055248618784530384,summer-trafficable,conventional,0
38779255,03,0.6002333352040742,1,0,1499,11.959212303161621,20.53765869140625,4.74114646888504,0.0,0.004669779853235491,summer-trafficable,conventional,0
38778628,03,0.44729242543159525,1,0,1120,14.786563873291016,21.250314712524414,4.946146726541741,0.0,0.004464285714285714,summer-trafficable,conventional,0
38778611,03,0.4600322553923138,0,0,1150,7.407305717468262,18.39614486694336,4.359160133458544,0.0,0.004347826086956522,summer-trafficable,conventional,0
38778661,03,0.2176381682900738,1,0,544,9.867883682250977,16.05389404296875,5.255669187667591,0.0,0.003676470588235294,summer-trafficable,conventional,0
38779221,03,1.2876415759202433,1,0,1158,7.648651599884033,16.469362258911133,4.106519710778462,0.0,0.0034542314335060447,summer-trafficable,conventional,0
38778720,03,0.11986987780301511,0,0,299,8.162650108337402,17.16826820373535,4.485281183095031,0.0,0.0033444816053511705,summer-trafficable,conventional,0
38778725,03,0.21308603831223719,0,0,537,11.308759689331055,19.658876419067383,3.750054471055414,0.0,0.00186219739292365,summer-trafficable,conventional,0
38779043,03,0.6778083707488535,1,0,1696,8.42526626586914,16.764982223510742,4.45665884239786,0.0,0.001768867924528302,summer-trafficable,conventional,0
3358694,,0.22926228250641628,0,0,575,7.990715026855469,15.605846405029297,3.915742178350382,0.0,0.0017391304347826088,summer-trafficable,conventional,0
41552679,04,1.0435816314968689,1,0,38,1.9052878618240356,3.116133689880371,5.1905296259502585,0.0,0.0,summer-trafficable,conventional,0
42857521,03,1.226020884395962,1,0,764,3.592144012451172,5.850341320037842,4.857655120688173,0.0,0.0,summer-trafficable,conventional,0
38778081,03,1.504478612014468,1,0,129,8.29787540435791,17.68929100036621,3.6145265880736757,0.0,0.0,summer-trafficable,conventional,0
511436,Y1,3.0030474126290656,1,0,6,5.027137279510498,5.903632640838623,3.6581517435384385,0.0,0.0,summer-trafficable,conventional,0
39521084,03,0.4724186872291846,1,0,47,12.849666595458984,21.484325408935547,3.559196391361575,0.0,0.0,summer-trafficable,conventional,0
38778960,04,0.5962717155002234,1,0,19,4.125056266784668,6.740798473358154,4.38014155443272,0.0,0.0,summer-trafficable,conventional,0
38779080,04,0.1064193385987824,1,0,266,7.921216011047363,17.43006134033203,4.100692798517481,0.0,0.0,summer-trafficable,conventional,0
38779209,,0.4196399563541825,0,0,1048,7.963931560516357,14.408896446228027,4.433467422805434,0.0,0.0,summer-trafficable,conventional,0
511328,04,4.752763103793291,1,0,439,10.413716316223145,18.1872615814209,4.4983066377545615,0.0,0.0,summer-trafficable,conventional,0
38779351,03,0.6119542096843614,1,0,146,2.6164188385009766,5.351279258728027,4.745786940456911,0.0,0.0,summer-trafficable,conventional,0
39521000,03,0.22100895891232716,0,1,556,8.856536865234375,13.273943901062012,5.0574990028331355,0.0,0.0,summer-trafficable,conventional,0
38778675,03,0.33601287053208956,1,0,85,6.4359965324401855,13.260879516601562,3.7069364487091954,0.0,0.0,summer-trafficable,conventional,0
42842286,04,1.3115935875092148,1,0,730,8.80587100982666,11.903992652893066,4.642155203966028,0.0,0.0,summer-trafficable,conventional,0
73236809,04,0.6306415345448536,1,0,850,11.12950325012207,17.77971076965332,4.0768233792766395,0.0,0.0,summer-trafficable,conventional,0
38778618,03,0.2689719922110745,1,0,664,7.773831844329834,13.578930854797363,4.791068643931652,0.0,0.0,summer-trafficable,conventional,0
38778985,03,0.5502339798441297,0,0,1058,8.798127174377441,16.433137893676758,4.302463648024134,0.0,0.0,summer-trafficable,conventional,0
38780079,04,1.0696113932339688,1,0,96,18.333051681518555,23.021451950073242,2.5787099546183274,0.0,0.0,summer-trafficable,conventional,0
38778516,,0.46440987226931213,0,0,1161,8.191080093383789,13.380790710449219,4.443521985934829,0.0,0.0,summer-trafficable,conventional,0
42842284,03,1.6256911734638475,1,0,397,6.441790580749512,11.670700073242188,3.8166513912466833,0.0,0.0,summer-trafficable,conventional,0
38779341,03,1.4474556632860593,1,0,27,3.787259101867676,6.0197038650512695,4.195315287345364,0.0,0.0,summer-trafficable,conventional,0
511397,,0.6613164423819833,0,0,13,1.1675232648849487,1.659568190574646,5.348484112679625,0.0,0.0,summer-trafficable,conventional,0
38779350,03,1.0622840381621854,0,0,12,2.6594982147216797,5.418436050415039,4.390604706245476,0.0,0.0,summer-trafficable,conventional,0
38778326,,0.3559351030379632,0,0,888,9.145386695861816,14.426192283630371,4.393899782399386,0.0,0.0,summer-trafficable,conventional,0
38779253,03,0.2987787691435421,1,0,745,10.058722496032715,18.006168365478516,5.05324007388544,0.0,0.0,summer-trafficable,conventional,0
29038498,,0.4470598082277029,0,0,1121,5.961750507354736,10.80383586883545,4.510560027052825,0.0,0.0,summer-trafficable,conventional,0
38779003,04,0.4914657612058498,1,0,89,6.174657344818115,12.652323722839355,5.22074236793154,0.0,0.0,summer-trafficable,conventional,0
38779288,04,0.18910927788001866,1,0,477,5.974119186401367,8.981439590454102,5.1451598840037285,0.0,0.0,summer-trafficable,conventional,0
38779151,02,0.18111209230454106,0,0,454,6.715229511260986,13.234025955200195,4.448412671102134,0.0,0.0,summer-trafficable,conventional,0
38778990,T1,1.810683230864562,0,0,83,4.6404900550842285,9.40859317779541,3.869816033202872,0.0,0.0,summer-trafficable,conventional,0
38778647,03,0.6351998660831992,0,0,168,13.08716106414795,18.744304656982422,3.6215916159057593,0.0,0.0,summer-trafficable,conventional,0
42850827,03,1.9176076227459602,1,0,67,6.325946807861328,11.978292465209961,5.059569208759406,0.0,0.0,summer-trafficable,conventional,0
42850823,04,0.9124599036975933,1,0,2128,8.309556007385254,15.084676742553711,4.423966170821786,0.0,0.0,summer-trafficable,conventional,0
38778677,04,0.30015994785155486,1,0,5,4.104422569274902,5.288900375366211,4.784488992865848,0.0,0.0,summer-trafficable,conventional,0
42856901,03,2.320243189943393,1,0,86,2.993133544921875,5.771279811859131,5.133496178320719,0.0,0.0,summer-trafficable,conventional,0
38778550,T2,0.13135669651304197,0,0,327,9.460641860961914,11.7874755859375,4.7804870120099725,0.0,0.0,summer-trafficable,conventional,0
38780055,03,2.6198583856519546,1,0,60,10.88200569152832,16.672075271606445,4.582606862442064,0.0,0.0,summer-trafficable,conventional,0
39520322,,5.360329034844663,0,0,19,14.066075325012207,21.54176902770996,2.1230390717573546,0.0,0.0,summer-trafficable,conventional,0
38780080,03,0.6330112670623133,1,0,209,10.824769020080566,15.274628639221191,3.404945735093133,0.0,0.0,summer-trafficable,conventional,0
42842107,03,14.602126163970848,0,0,44,6.4831647872924805,8.759827613830566,3.269645108541433,0.0,0.0,summer-trafficable,conventional,0
38779216,03,0.40932185000750904,1,0,1016,8.181594848632812,14.986700057983398,4.947393965216749,0.0,0.0,summer-trafficable,conventional,0
