FP_ID,flag,classification,acres,n_cells,slope_mean,slope_p90,slope_max,frac_over_30
2939531,Y,II,230.0,12913,6.5015058517456055,15.025705337524414,33.243473052978516,0.004956245643924727
2939531,Y,II,150.0,9022,4.871708393096924,11.712793350219727,39.828147888183594,0.006539569940146309
2939531,Y,II,74.0,4196,8.161491394042969,17.922910690307617,31.28360939025879,0.0009532888465204957
2939531,Y,II,9.0,507,14.821621894836426,25.08029556274414,29.908462524414062,0.0
2939942,N,II,20.0,1133,2.472254991531372,4.66312837600708,7.665797233581543,0.0
2939877,Y,II,41.2,2872,16.60580825805664,25.951459884643555,38.954586029052734,0.042827298050139274
2939703,N,II,26.0,1313,11.444711685180664,25.464603424072266,32.99317932128906,0.020563594821020565
2939589,Y,II,68.7,4173,23.62492561340332,36.71885299682617,51.02778244018555,0.3093697579678888
2939315,N,II,48.0,2872,12.939478874206543,23.927249908447266,38.50392532348633,0.03447075208913649
2939944,Y,II,69.2,6627,8.381223678588867,17.52829360961914,34.74098205566406,0.0025652633167345708
2939181,N,II,60.0,3678,6.337479591369629,11.436614036560059,36.29477310180664,0.02066340402392605
2940281,N,II,118.0,6578,1.6088502407073975,3.316157817840576,16.495147705078125,0.0
2940440,N,II,21.0,1116,13.41629695892334,23.075756072998047,30.339237213134766,0.0008960573476702509
2940068,N,II,7.9,527,5.833441257476807,7.980604648590088,10.148324966430664,0.0
2940925,Y,II,18.900000000000002,3851,15.585517883300781,25.11767578125,50.24350357055664,0.03349779278109582
2940152,Y,III,90.0,7241,16.543107986450195,27.816268920898438,40.121238708496094,0.06463195691202872
2940812,Y,II,37.300000000000004,2573,28.827518463134766,42.74903106689453,60.26346206665039,0.5102992615623786
2940012,Y,II,70.0,5311,23.827543258666992,38.34252166748047,52.34742736816406,0.2995669365467897
2940012,Y,II,94.0,5719,17.327587127685547,30.285104751586914,56.613037109375,0.10631229235880399
2940711,N,II,67.0,4417,13.674184799194336,20.244728088378906,35.39345932006836,0.001811184061580258
2940711,N,II,64.0,4161,13.260028839111328,20.0429630279541,42.99261474609375,0.012977649603460706
2940606,N,II,38.0,2216,1.7215176820755005,2.962132453918457,6.706255912780762,0.0
2940737,N,II,82.0,4694,7.255480766296387,21.930341720581055,52.42229080200195,0.05624201107797188
2940013,Y,III,58.800000000000004,2780,17.02638053894043,29.056236267089844,36.84574508666992,0.07553956834532374
2940013,Y,III,1.7,163,16.076488494873047,24.610090255737305,27.32794952392578,0.0
2940013,Y,III,6.3,414,10.599261283874512,16.454811096191406,33.966148376464844,0.004830917874396135
2940013,Y,III,18.3,1133,18.092567443847656,29.23482894897461,38.25663757324219,0.07413945278022947
2940013,Y,III,11.0,836,12.798566818237305,18.494224548339844,25.418516159057617,0.0
2940013,Y,III,7.5,331,9.398505210876465,20.37635612487793,23.93584442138672,0.0
2940013,Y,III,51.800000000000004,3153,14.69033432006836,24.597017288208008,41.824832916259766,0.030764351411354265
2940013,Y,III,3.7,246,8.425658226013184,14.882622718811035,20.25372314453125,0.0
2940013,Y,III,3.3000000000000003,380,7.423524856567383,15.391429901123047,22.017671585083008,0.0
2940013,Y,III,14.4,807,13.45323371887207,19.353727340698242,29.68092918395996,0.0
2940013,Y,III,1.6,133,9.68761157989502,14.95477294921875,24.489816665649414,0.0
2940060,Y,II,2.0,167,39.14246368408203,46.526859283447266,49.66818618774414,0.9281437125748503
2940060,Y,II,0.2,20,39.3934211730957,42.41244125366211,43.736141204833984,1.0
2940060,Y,II,0.3,28,34.56843948364258,39.58623504638672,41.382530212402344,0.7857142857142857
2940060,Y,II,2.6,195,38.3231086730957,44.60807418823242,50.71928024291992,0.882051282051282
2940060,Y,II,52.5,3286,33.30335998535156,40.551544189453125,47.66035461425781,0.7458916615946439
2940060,Y,II,28.900000000000002,1811,34.18159103393555,41.60081100463867,46.8789176940918,0.811706239646604
2940060,Y,II,0.3,32,30.77425765991211,38.13429260253906,40.63737487792969,0.59375
2940060,Y,II,0.2,22,40.75421905517578,43.71864700317383,45.06671905517578,1.0
2940060,Y,II,0.7000000000000001,74,31.147062301635742,37.25571823120117,42.95050811767578,0.6216216216216216
2940421,N,II,3.0,172,9.430087089538574,16.64267349243164,19.14362144470215,0.0
2940421,N,II,5.0,498,4.30540132522583,10.593388557434082,21.54409408569336,0.0
2940421,N,II,30.0,1610,7.852937698364258,16.196903228759766,27.551227569580078,0.0
2940217,N,III,60.0,4149,5.298080921173096,15.542525291442871,46.37835693359375,0.01373825018076645
2940212,Y,II,48.9,3100,13.484904289245605,23.933013916015625,37.30935287475586,0.027419354838709678
2940484,Y,II,10.9,678,3.4321887493133545,7.480235576629639,26.315223693847656,0.0
2940484,Y,II,32.0,1780,2.993391752243042,5.510893821716309,38.90276336669922,0.007865168539325843
2940439,N,II,34.0,2291,11.443355560302734,19.71088409423828,40.2154655456543,0.01789611523352248
2940481,Y,II,21.0,1199,1.310817837715149,2.9115564823150635,9.57209587097168,0.0
2940481,Y,II,22.0,996,1.723710298538208,3.910731792449951,11.835135459899902,0.0
2940481,Y,II,2.0,144,1.3781973123550415,2.0264065265655518,2.4042372703552246,0.0
2940692,N,II,14.0,921,14.944714546203613,24.259029388427734,30.594282150268555,0.003257328990228013
2940692,N,II,12.0,844,3.501598596572876,5.5774455070495605,9.101612091064453,0.0
2940692,N,II,2.0,169,5.834475517272949,6.7733001708984375,7.6167097091674805,0.0
2940808,N,II,22.0,1428,3.316934108734131,8.632599830627441,18.941089630126953,0.0
2940605,N,II,9.1,605,2.8120193481445312,6.980196952819824,11.289118766784668,0.0
2940381,N,II,52.0,3022,3.903974771499634,7.267108917236328,12.355751991271973,0.0
2940381,N,II,43.0,2715,3.714484691619873,6.1875715255737305,16.726566314697266,0.0
2940694,Y,II,5.8,465,12.708963394165039,24.617481231689453,37.0199089050293,0.017204301075268817
2940820,N,II,83.3,4946,7.127731800079346,11.116796493530273,21.306394577026367,0.0
2940820,N,II,21.900000000000002,1297,8.455151557922363,13.646732330322266,20.86880874633789,0.0
2941162,N,II,20.0,1200,1.4170730113983154,2.129870891571045,3.401542901992798,0.0
2941162,N,II,39.0,2280,1.5570871829986572,2.3355793952941895,4.841386318206787,0.0
2941067,Y,II,22.0,1406,9.905762672424316,18.73405647277832,41.60599136352539,0.04054054054054054
2941067,Y,II,19.0,1152,8.849010467529297,15.722335815429688,26.415239334106445,0.0
2941253,Y,II,14.6,854,24.73699188232422,34.850730895996094,41.37985610961914,0.3126463700234192
2941253,Y,II,6.3,395,19.580129623413086,25.299358367919922,29.64766502380371,0.0
2941003,N,II,111.0,8973,5.031567096710205,8.592181205749512,15.642714500427246,0.0
2941327,N,II,5.0,329,20.546552658081055,30.490657806396484,37.37871170043945,0.10638297872340426
2941327,N,II,1.0,36,17.78793716430664,23.48663330078125,26.521459579467773,0.0
2941381,Y,II,23.3,1446,20.904911041259766,31.632707595825195,49.39834976196289,0.12448132780082988
2941032,N,III,5.0,234,8.816462516784668,13.408496856689453,14.823339462280273,0.0
2941032,N,III,6.0,340,20.117294311523438,24.494239807128906,31.280410766601562,0.0058823529411764705
2941032,N,III,80.0,4669,8.98012638092041,18.51552391052246,37.123939514160156,0.014135789248233027
2941310,N,III,25.0,1499,3.5210354328155518,7.199840545654297,12.323192596435547,0.0
2941450,Y,II,6.2,480,27.493738174438477,41.88045883178711,55.50694274902344,0.34375
2941472,N,II,8.0,171,6.884716987609863,11.726580619812012,16.58566665649414,0.0
2941472,N,II,2.5,47,5.31215238571167,7.343621253967285,9.751541137695312,0.0
2941487,N,III,30.0,1961,8.303389549255371,14.750937461853027,26.957473754882812,0.0
2941477,Y,II,0.3,18,9.012020111083984,15.158387184143066,19.888593673706055,0.0
2941477,Y,II,18.0,836,12.298715591430664,19.706188201904297,30.025449752807617,0.0011961722488038277
2941477,Y,II,35.0,1993,11.150259971618652,18.231441497802734,36.66728591918945,0.011038635223281485
2941477,Y,II,6.0,156,7.407856464385986,14.008684158325195,22.59003448486328,0.0
2941477,Y,II,0.3,19,10.318135261535645,14.021056175231934,17.695690155029297,0.0
2941477,Y,II,5.0,244,9.015815734863281,20.41631317138672,27.304004669189453,0.0
2941477,Y,II,9.0,601,14.079806327819824,20.971792221069336,31.55763053894043,0.004991680532445923
2941477,Y,II,7.0,417,10.390708923339844,14.231057167053223,18.169551849365234,0.0
2941477,Y,II,4.0,278,12.896087646484375,17.90380096435547,24.798524856567383,0.0
2941725,Y,III,3.0,518,22.941308975219727,36.761878967285156,46.30922317504883,0.22586872586872586
2941725,Y,III,98.0,7475,19.136608123779297,32.85295486450195,52.6091423034668,0.1479598662207358
2941724,Y,III,96.7,7083,17.20831298828125,30.34540367126465,56.26921081542969,0.1058873358746294
2941750,Y,III,109.0,7669,12.278888702392578,21.16277313232422,37.86497116088867,0.01186595384013561
2941801,Y,III,9.4,8132,12.693187713623047,20.835229873657227,36.394775390625,0.00823905558288244
2941779,Y,III,49.300000000000004,3360,12.407581329345703,26.836271286010742,41.112464904785156,0.06458333333333334
2941803,Y,III,30.0,1891,29.39478874206543,38.0693244934082,45.75933074951172,0.5494447382337387
2941805,Y,III,1.0,76,9.70332145690918,14.964142799377441,15.986929893493652,0.0
2941805,Y,III,20.0,1176,9.025191307067871,13.374788284301758,17.914562225341797,0.0
2941785,N,III,56.800000000000004,3373,12.186678886413574,21.50168800354004,36.583702087402344,0.018084790987251704
2941833,N,IVG,22.6,1348,1.4822245836257935,2.6119635105133057,5.320434093475342,0.0
2941780,N,III,22.0,1240,10.177681922912598,14.082716941833496,20.08594512939453,0.0
2941769,Y,III,52.800000000000004,3562,16.362335205078125,35.994529724121094,51.0919075012207,0.23469960696238068
2941768,N,III,109.0,6187,1.391464352607727,2.3660175800323486,4.481857776641846,0.0
2941768,N,III,55.0,3337,1.4112709760665894,2.051182270050049,4.170666694641113,0.0
2941768,N,III,17.0,1449,1.047794222831726,1.904168963432312,3.017491340637207,0.0
2941822,N,III,31.0,2129,3.1553332805633545,7.046243190765381,19.339094161987305,0.0
2941778,Y,III,78.0,5560,32.26669692993164,42.402191162109375,59.45566940307617,0.6778776978417266
2941786,Y,III,119.0,7307,7.9759697914123535,14.603246688842773,27.08323097229004,0.0
2941837,N,III,125.0,7472,1.4731557369232178,2.5917956829071045,6.343231678009033,0.0
2941837,N,III,10.0,602,1.5605700016021729,2.723512887954712,4.879221439361572,0.0
2941823,N,III,1.5,222,2.213252544403076,4.519787788391113,14.18598747253418,0.0
2941823,N,III,5.0,602,1.7371846437454224,3.9021050930023193,11.077043533325195,0.0
2941823,N,III,15.0,786,2.995481252670288,7.699289321899414,13.404422760009766,0.0
2941838,Y,III,63.0,3597,13.321928024291992,22.225326538085938,34.56815719604492,0.008062274117319988
2941814,N,III,45.7,2820,4.324942588806152,7.614461421966553,25.91436004638672,0.0
2941839,Y,III,56.800000000000004,3901,16.935604095458984,30.19087028503418,45.19512939453125,0.10253781081773904
2941798,N,III,8.5,556,2.704014539718628,4.815910339355469,9.884902954101562,0.0
2941798,N,III,10.5,680,1.813592553138733,3.0045437812805176,5.980411052703857,0.0
2941798,N,III,3.0,199,2.2536213397979736,3.176624059677124,4.197336196899414,0.0
2941798,N,III,5.5,370,1.1359139680862427,1.8299027681350708,2.710625171661377,0.0
2941827,Y,III,16.2,1185,21.91786003112793,40.31001281738281,47.17056655883789,0.249789029535865
2941830,N,III,2.5,120,3.4758224487304688,4.866795539855957,5.264116287231445,0.0
2941834,Y,III,51.0,3602,13.6929931640625,21.2144832611084,36.986976623535156,0.005830094392004442
2941804,Y,III,36.0,2451,15.143488883972168,26.705875396728516,49.16116714477539,0.05426356589147287
2941826,Y,III,63.0,4509,16.44535255432129,25.61171531677246,42.959285736083984,0.03481925038811266
2941869,Y,III,27.0,1724,15.826251029968262,29.337894439697266,43.84327697753906,0.09106728538283063
2941847,N,IVG,19.0,1066,1.5292325019836426,3.124148368835449,12.173331260681152,0.0
2941847,N,IVG,11.0,642,1.9768027067184448,4.529877662658691,13.325303077697754,0.0
2941879,Y,III,74.5,6448,18.95726776123047,32.93954086303711,50.135650634765625,0.15214019851116625
2941877,N,III,32.0,1973,4.137240409851074,10.709105491638184,29.00151824951172,0.0
2941861,N,III,32.0,1911,3.6896238327026367,7.1772260665893555,15.07763385772705,0.0
2941862,N,III,49.0,3132,11.043315887451172,17.399734497070312,29.678386688232422,0.0
2941873,N,III,13.700000000000001,881,10.437140464782715,16.78945541381836,20.887113571166992,0.0
2941874,Y,III,36.2,2263,12.953917503356934,22.2352352142334,33.08327865600586,0.004860804242156429
2941845,Y,IVS,67.4,4929,27.525686264038086,37.32488250732422,47.554229736328125,0.41063095962669915
2941856,Y,III,27.1,2059,23.826160430908203,36.01771926879883,44.921653747558594,0.277804759592035
2941843,N,II,3.0,174,11.756110191345215,19.287004470825195,37.509098052978516,0.034482758620689655
2941858,N,III,32.0,1876,12.716540336608887,22.91254997253418,31.180341720581055,0.0010660980810234541
2941857,N,III,3.0,233,10.035451889038086,16.97661590576172,22.637401580810547,0.0
2941860,Y,III,34.5,2163,13.694259643554688,20.61988639831543,42.18708801269531,0.025889967637540454
2941860,Y,III,21.7,1385,26.326732635498047,38.09733963012695,44.90398406982422,0.38700361010830325
2941893,Y,III,58.300000000000004,3404,26.996353149414062,36.14234924316406,43.97585678100586,0.4391891891891892
2941902,Y,III,113.0,7026,20.930923461914062,31.697437286376953,44.96117401123047,0.14204383717620267
2941910,Y,III,51.800000000000004,3490,27.249074935913086,37.64461135864258,50.04076385498047,0.4151862464183381
2941899,N,III,4.0,275,18.805011749267578,24.197948455810547,27.21581268310547,0.0
2941912,N,III,29.7,1948,13.728068351745605,21.694162368774414,36.442996978759766,0.010780287474332649
2941998,Y,III,1.0,70,18.582820892333984,26.342466354370117,29.84453010559082,0.0
2941998,Y,III,1.7,86,21.63794708251953,28.785160064697266,31.53765296936035,0.05813953488372093
2941998,Y,III,1.8,183,14.521560668945312,24.777175903320312,28.72173500061035,0.0
2941998,Y,III,1.0,46,23.920835494995117,31.243820190429688,32.32069396972656,0.21739130434782608
2941998,Y,III,1.0,38,23.048433303833008,27.263490676879883,29.194759368896484,0.0
2941969,N,III,12.0,488,9.96169376373291,19.59325408935547,38.81634521484375,0.02663934426229508
2941995,Y,III,75.2,5545,30.866777420043945,38.91521072387695,49.42574691772461,0.6207394048692516
2941973,N,III,1.0,149,16.22826385498047,25.399198532104492,32.903358459472656,0.020134228187919462
2941973,N,III,1.0,125,8.698561668395996,13.549668312072754,17.879878997802734,0.0
2941973,N,III,121.0,7011,10.119865417480469,17.107370376586914,39.81012725830078,0.004849522179432321
2941973,N,III,2.0,128,4.376123428344727,6.4590535163879395,12.251893043518066,0.0
2941943,Y,III,61.300000000000004,3761,17.28014373779297,29.553871154785156,48.51195526123047,0.09438978994948152
2941922,Y,III,7.0,461,22.088651657104492,35.586692810058594,46.31633758544922,0.210412147505423
2941933,N,III,11.0,711,2.4060354232788086,4.124152660369873,6.763874053955078,0.0
2941965,Y,III,100.10000000000001,8024,11.567445755004883,22.941877365112305,44.51493453979492,0.03165503489531406
2941926,N,III,16.0,943,0.8010213375091553,1.613298773765564,2.918809652328491,0.0
2941926,N,III,2.0,145,1.8339183330535889,2.4991254806518555,3.236612558364868,0.0
2941926,N,III,1.5,145,1.0156946182250977,1.726442575454712,2.689730167388916,0.0
2941926,N,III,17.0,962,1.9368104934692383,2.6785354614257812,3.6550192832946777,0.0
2941923,Y,III,30.0,2007,17.8496150970459,27.13922119140625,39.17166519165039,0.04833084205281515
2941982,N,III,23.0,1454,18.32478904724121,28.009323120117188,36.3804931640625,0.050206327372764786
2941982,N,III,1.2,96,14.909703254699707,25.810787200927734,29.32154655456543,0.0
2942003,Y,III,49.0,3791,9.383380889892578,21.401262283325195,56.68950271606445,0.043260353468741755
2941985,Y,III,115.0,7667,13.152196884155273,22.331588745117188,40.08141326904297,0.025172818573105517
2941983,N,III,48.0,3758,10.07126522064209,18.09234046936035,34.49319076538086,0.0031931878658861094
2941983,N,III,93.0,6507,11.185163497924805,18.035518646240234,31.922578811645508,0.0004610419548178884
2941953,N,III,10.0,581,15.5538911819458,21.674779891967773,29.3200740814209,0.0
2941953,N,III,2.0,217,13.017382621765137,22.106454849243164,31.807273864746094,0.018433179723502304
2942034,Y,III,64.0,3149,15.352560997009277,30.214731216430664,49.96657943725586,0.10193712289615751
2942034,Y,III,15.0,954,13.036738395690918,18.874610900878906,27.570335388183594,0.0
2942081,Y,III,25.0,1598,7.553248882293701,11.479832649230957,25.1265811920166,0.0
2942081,Y,III,25.0,888,7.881680488586426,13.067094802856445,28.247272491455078,0.0
2942081,Y,III,3.5,455,6.9473557472229,9.673542976379395,11.376145362854004,0.0
2942067,Y,III,31.0,2017,13.205330848693848,23.447832107543945,35.028751373291016,0.022806147744174516
2942067,Y,III,96.0,5974,12.041110038757324,18.8961181640625,34.58145523071289,0.005691329092735186
2942067,Y,III,20.0,1273,15.10557746887207,22.967918395996094,31.54705238342285,0.002356637863315004
2942005,Y,III,77.0,5318,9.967192649841309,16.64848518371582,31.569095611572266,0.000940203083866115
2942009,Y,III,43.5,3526,19.674039840698242,34.64871597290039,46.00871658325195,0.2509926262053318
2942046,Y,IVS,76.0,6078,33.481666564941406,42.50646209716797,50.85456085205078,0.7420204014478446
2942013,N,III,5.0,310,4.469821453094482,8.541123390197754,9.827230453491211,0.0
2942024,Y,III,51.0,3814,11.955503463745117,20.621671676635742,36.80320358276367,0.009438909281594127
2942084,N,III,62.1,4419,7.008555889129639,12.959446907043457,28.28745460510254,0.0
2942063,Y,III,105.0,7095,18.35334587097168,30.71347999572754,47.048648834228516,0.11670190274841438
2942075,Y,III,36.4,2613,16.085464477539062,24.422805786132812,38.91036605834961,0.019135093761959432
2942012,N,III,3.0,196,8.88500690460205,16.963783264160156,21.64727783203125,0.0
2942048,Y,III,99.0,8696,18.18488311767578,35.10393142700195,56.01479721069336,0.17260809567617294
2942072,Y,III,74.3,5139,13.708272933959961,24.106504440307617,33.91320037841797,0.007199844327690212
2942076,Y,III,114.5,7216,9.919764518737793,16.672609329223633,36.73574447631836,0.0020787139689578712
2942068,Y,III,2.0,161,28.524250030517578,37.99570846557617,44.03355407714844,0.4472049689440994
2942068,Y,III,15.0,1006,19.05219841003418,29.97995376586914,38.287841796875,0.10039761431411531
2942068,Y,III,4.4,308,20.24498176574707,27.69685935974121,36.056854248046875,0.07792207792207792
2942068,Y,III,39.0,2604,16.372011184692383,28.02724838256836,42.341407775878906,0.065284178187404
2942068,Y,III,76.0,5062,29.974794387817383,41.303829193115234,51.06769943237305,0.5758593441327539
2942073,Y,III,150.0,1016,10.300037384033203,23.800636291503906,31.868558883666992,0.015748031496062992
2942086,Y,III,60.0,4248,23.836631774902344,39.86996841430664,53.54909133911133,0.3754708097928437
2942039,N,III,22.2,1567,11.888504028320312,19.388547897338867,30.758302688598633,0.003190810465858328
2942045,N,III,94.0,4986,1.3012195825576782,2.382725715637207,5.158053874969482,0.0
2942023,N,III,11.5,728,7.13135290145874,12.863810539245605,16.363994598388672,0.0
2942134,N,III,50.6,3430,9.995394706726074,19.899503707885742,31.039798736572266,0.0011661807580174927
2942126,Y,III,184.20000000000002,11656,16.588581085205078,26.399934768676758,43.040321350097656,0.050017158544955385
2942153,N,III,1.0,128,19.04320526123047,24.372194290161133,30.197744369506836,0.0078125
2942147,Y,IVS,12.0,882,9.850225448608398,13.01778793334961,22.284011840820312,0.0
2942147,Y,IVS,10.0,253,15.230807304382324,19.238168716430664,23.00364875793457,0.0
2942147,Y,IVS,21.0,1472,9.175311088562012,15.204200744628906,23.34266471862793,0.0
2942147,Y,IVS,464.0,1152,9.086609840393066,14.901107788085938,23.72234535217285,0.0
2942109,N,III,54.300000000000004,3902,10.020990371704102,17.06787109375,32.34352111816406,0.0012813941568426447
2942123,Y,III,66.5,5649,17.579875946044922,32.391056060791016,45.12091064453125,0.13772349088334218
2942120,Y,III,66.8,4801,16.188934326171875,26.499357223510742,38.72119903564453,0.04290772755675901
2942155,Y,III,94.2,6374,11.590987205505371,19.10980987548828,32.83931350708008,0.0031377470975839346
2942131,Y,III,136.0,10672,14.36556625366211,25.817733764648438,43.57881546020508,0.049287856071964016
2942124,Y,III,115.0,7387,20.44666290283203,31.99368667602539,43.741722106933594,0.16853932584269662
2942115,Y,III,72.0,4524,21.404510498046875,37.07853317260742,46.89703369140625,0.2473474801061008
2942107,Y,III,57.2,4699,14.042920112609863,24.446765899658203,38.0473518371582,0.020642689934028517
2942104,N,III,120.0,7153,16.71420669555664,25.42209815979004,43.9207763671875,0.037326995666154064
2942112,Y,IVS,62.1,4924,29.83170509338379,38.503658294677734,53.465633392333984,0.576157595450853
2942154,N,III,1.0,341,12.816112518310547,20.025707244873047,35.13433837890625,0.017595307917888565
2942099,Y,III,20.0,1398,28.80605697631836,38.53163146972656,45.26356887817383,0.5078683834048641
2942099,Y,III,30.0,1935,27.272153854370117,41.24810028076172,48.132774353027344,0.4392764857881137
2942113,N,III,37.0,2491,11.535876274108887,28.029321670532227,42.2043571472168,0.06463267763950221
2942113,N,III,11.9,809,4.474361419677734,8.791971206665039,13.97484302520752,0.0
2942138,Y,III,57.0,3824,19.481266021728516,27.106426239013672,41.9193115234375,0.041056485355648535
2942095,Y,III,39.0,3373,18.80459976196289,32.777748107910156,45.12113571166992,0.1565372072339164
2942146,N,III,3.5,274,6.69846773147583,9.710097312927246,17.62288475036621,0.0
2942132,Y,III,85.0,5251,21.749134063720703,34.9759635925293,46.3580322265625,0.2350028565987431
2942116,N,III,8.0,352,3.900118350982666,6.235147476196289,7.190767288208008,0.0
2942127,N,III,30.0,1611,21.096689224243164,33.99786376953125,48.37492370605469,0.244568590937306
2942125,N,III,15.0,632,1.0027515888214111,1.9352524280548096,3.734506845474243,0.0
2942163,N,III,29.5,1885,1.6365708112716675,2.6968493461608887,4.927839756011963,0.0
2942214,Y,III,37.5,2970,10.487215042114258,19.54448127746582,34.79444122314453,0.012794612794612794
2942214,Y,III,2.7,5713,17.531484603881836,32.325130462646484,45.12091064453125,0.1358305618764222
2942195,Y,III,157.9,10193,11.294851303100586,19.76490592956543,37.315914154052734,0.003139409398606887
2942195,Y,III,2.7,194,11.74991226196289,17.974611282348633,37.13131332397461,0.02577319587628866
2942238,N,II,2.5,81,2.371890068054199,3.396315097808838,4.0297698974609375,0.0
2942238,N,II,2.5,161,4.027599334716797,6.138538837432861,8.001154899597168,0.0
2942175,Y,III,54.5,4230,10.339775085449219,18.912734985351562,39.76454544067383,0.01182033096926714
2942247,Y,III,81.0,4768,8.854222297668457,16.36467170715332,28.590770721435547,0.0
2942211,Y,III,39.5,2481,28.502286911010742,36.96083068847656,46.28293228149414,0.46956872228939944
2942259,N,III,9.6,613,10.254487991333008,17.636083602905273,24.0135440826416,0.0
2942177,N,III,3.0,200,1.078791856765747,1.458855390548706,1.889657974243164,0.0
2942237,N,III,80.0,4463,16.46084213256836,27.835342407226562,37.245880126953125,0.06094555231906789
2942232,N,III,60.0,4086,5.339016437530518,11.717687606811523,40.66791915893555,0.011747430249632892
2942189,N,III,19.0,964,15.312941551208496,26.04486846923828,44.07250213623047,0.06639004149377593
2942241,N,III,12.1,720,9.875547409057617,25.099903106689453,34.91357421875,0.029166666666666667
2942248,Y,III,127.0,7740,20.841327667236328,30.172975540161133,44.56344223022461,0.10400516795865633
2942286,N,III,15.0,865,9.654952049255371,12.371270179748535,17.588354110717773,0.0
2942286,N,III,20.0,1009,12.22215461730957,18.18438720703125,24.802566528320312,0.0
2942286,N,III,15.0,481,9.08164119720459,14.270082473754883,17.960786819458008,0.0
2942285,Y,III,55.5,3584,33.07661819458008,41.7840690612793,54.197105407714844,0.7307477678571429
2942287,Y,III,5.0,352,21.322490692138672,27.554370880126953,33.38859558105469,0.048295454545454544
2942287,Y,III,4.0,304,14.905418395996094,20.551542282104492,27.74021339416504,0.0
2942287,Y,III,97.0,5806,11.211339950561523,18.82967185974121,42.872344970703125,0.011884257664485016
2942287,Y,III,21.0,1394,15.232878684997559,22.06121253967285,32.048789978027344,0.0007173601147776184
2942287,Y,III,94.0,5650,15.202309608459473,24.802631378173828,34.90694808959961,0.021238938053097345
2942287,Y,III,13.0,873,15.041669845581055,22.9925537109375,34.038963317871094,0.008018327605956471
2942310,Y,III,93.3,5756,19.337255477905273,29.987201690673828,42.8296012878418,0.09954829742876999
2942308,Y,III,61.300000000000004,668,31.005624771118164,39.28511047363281,44.86459732055664,0.6631736526946108
2942292,Y,III,1.3,95,24.472118377685547,33.20109176635742,42.37062454223633,0.24210526315789474
2942292,Y,III,28.8,387,20.078460693359375,28.205951690673828,34.690956115722656,0.056847545219638244
2942288,Y,III,75.0,4586,20.324766159057617,28.59499168395996,41.1890869140625,0.0651984300043611
2942294,Y,III,90.0,5798,14.166078567504883,24.160676956176758,39.95368957519531,0.028285615729561918
2942290,N,III,64.2,4117,9.742104530334473,16.897493362426758,30.704334259033203,0.0014573718727228565
2942313,Y,III,4.0,114,3.780846118927002,4.884047985076904,6.090723037719727,0.0
2942313,Y,III,59.800000000000004,3814,8.055237770080566,15.915019035339355,28.980670928955078,0.0
2942271,N,III,22.0,1369,15.06966495513916,20.589799880981445,27.287675857543945,0.0
2942335,Y,III,1.7,126,16.21293830871582,23.70916748046875,28.650135040283203,0.0
2942335,Y,III,2.7,190,15.822957038879395,26.596616744995117,31.2858829498291,0.021052631578947368
2942335,Y,III,76.3,4605,13.618348121643066,25.870981216430664,37.84581756591797,0.03713355048859935
2942306,N,IVG,28.0,1858,6.970624923706055,21.068899154663086,28.692825317382812,0.0
2942291,Y,III,68.2,4362,17.48763084411621,27.214176177978516,40.7662239074707,0.05318661164603393
2942337,N,III,43.0,2246,3.557985782623291,6.109374046325684,8.924248695373535,0.0
2942296,N,III,10.0,573,20.496349334716797,30.211849212646484,37.19929122924805,0.10471204188481675
2942317,N,III,37.800000000000004,2593,13.667500495910645,21.318248748779297,35.33146667480469,0.010026995757809487
2942268,Y,III,66.6,3985,10.830830574035645,17.951940536499023,37.109092712402344,0.005018820577164366
2942298,N,III,7.0,360,2.343968152999878,4.662744998931885,10.685456275939941,0.0
2942316,Y,III,64.0,4260,16.880725860595703,30.5867862701416,43.82184982299805,0.1119718309859155
2942374,Y,III,78.0,4395,11.536260604858398,19.14289093017578,30.712587356567383,0.0013651877133105802
2942356,N,III,28.0,1535,9.084428787231445,13.282888412475586,24.33987045288086,0.0
2942386,Y,III,99.10000000000001,6764,12.94176197052002,22.934104919433594,43.29183578491211,0.02439384979302188
2942387,Y,III,102.5,8076,12.727750778198242,20.871623992919922,36.394775390625,0.008791480931154037
2942355,N,III,5.0,327,9.788579940795898,15.424979209899902,20.780502319335938,0.0
2942411,Y,III,35.0,2324,12.965985298156738,18.829715728759766,30.910673141479492,0.0008605851979345956
2942411,Y,III,47.0,3233,12.565203666687012,20.377044677734375,30.400802612304688,0.0006186204763377668
2942411,Y,III,20.0,1452,14.642925262451172,24.842782974243164,34.65861129760742,0.026859504132231406
2942393,N,III,29.3,1807,7.036901950836182,11.107193946838379,16.6923828125,0.0
2942368,N,III,10.0,590,8.748051643371582,14.1705961227417,23.743188858032227,0.0
2942377,Y,III,41.0,2546,20.68305015563965,31.58144760131836,46.46332931518555,0.14218381775333858
2942370,N,III,8.0,506,3.5706632137298584,7.123315811157227,10.225433349609375,0.0
2942371,N,II,3.0,182,1.1981878280639648,1.8222495317459106,2.427090883255005,0.0
2942396,N,III,14.0,315,9.7758207321167,15.89547061920166,20.558834075927734,0.0
2942382,Y,III,65.0,4231,18.845304489135742,29.15601921081543,43.67113494873047,0.0841408650437249
2942426,Y,III,89.0,5498,15.772561073303223,26.41959571838379,46.076019287109375,0.04947253546744271
2942357,N,III,16.0,922,10.785134315490723,16.925928115844727,25.952411651611328,0.0
2942367,N,III,33.8,2186,14.715629577636719,24.573835372924805,36.649208068847656,0.007319304666056725
2942406,Y,IVS,93.60000000000001,6791,22.447301864624023,36.415225982666016,55.82087707519531,0.2669709910175232
2942395,Y,III,96.2,6030,11.826065063476562,19.49588966369629,31.872011184692383,0.0011608623548922056
2942389,N,III,8.0,603,13.251884460449219,20.17750358581543,25.402788162231445,0.0
2942423,Y,III,11.5,722,8.042030334472656,16.10723876953125,33.634010314941406,0.0221606648199446
2942423,Y,III,8.0,530,10.818868637084961,14.123133659362793,33.77638244628906,0.009433962264150943
2942423,Y,III,2.0,146,6.727756500244141,8.866110801696777,10.575045585632324,0.0
2942409,N,II,10.0,553,1.687174677848816,2.879574775695801,4.14972448348999,0.0
2942419,Y,III,1.5,123,8.935420989990234,12.436363220214844,14.488183975219727,0.0
2942398,N,III,3.0,142,12.439753532409668,23.32039451599121,31.360761642456055,0.014084507042253521
2942385,Y,III,146.3,11547,14.41854190826416,24.842668533325195,46.03851318359375,0.037065904563956004
2942410,Y,III,50.2,3145,16.75556182861328,27.764198303222656,39.8568115234375,0.0712241653418124
2942401,Y,III,57.7,3798,20.670808792114258,27.96894645690918,38.5886344909668,0.04160084254870985
2942375,Y,III,94.8,6051,18.481914520263672,31.240110397338867,52.77080535888672,0.12179804990910593
2942378,Y,III,65.0,4497,9.24797248840332,22.062694549560547,41.7645263671875,0.024460751612185902
2942349,Y,III,1.1,87,25.332841873168945,37.88600540161133,42.510101318359375,0.3333333333333333
2942349,Y,III,11.5,718,31.521772384643555,38.86275863647461,46.07722854614258,0.6197771587743732
2942349,Y,III,31.2,2111,29.32109260559082,43.900733947753906,54.17804718017578,0.5277119848413074
2942349,Y,III,2.5,179,27.750667572021484,34.28239822387695,37.96430969238281,0.4692737430167598
2942349,Y,III,0.1,9,23.39698600769043,28.203750610351562,28.722280502319336,0.0
2942349,Y,III,22.900000000000002,1482,26.500322341918945,39.03176498413086,44.479576110839844,0.4446693657219973
2942349,Y,III,102.10000000000001,6488,28.9144287109375,40.19424057006836,52.38266372680664,0.5428483353884094
2942349,Y,III,82.8,5233,26.17273712158203,37.943058013916016,49.79834747314453,0.3774125740493025
2942424,N,III,67.0,4514,5.2278923988342285,8.950662612915039,18.70155143737793,0.0
2942424,N,III,3.0,219,7.927784442901611,14.339215278625488,22.254878997802734,0.0
2942436,Y,III,126.0,7751,11.984373092651367,23.302268981933594,42.87179946899414,0.03186685588956264
2942428,N,III,3.0,185,11.098695755004883,13.822600364685059,16.139652252197266,0.0
2942467,Y,III,66.2,4953,18.092390060424805,28.614543914794922,41.419273376464844,0.06824146981627296
2942454,N,III,28.5,1960,15.761027336120605,27.64713478088379,39.78563690185547,0.07551020408163266
2942440,Y,III,71.2,4786,23.31863021850586,32.212913513183594,42.40314483642578,0.18157124947764314
2942448,Y,III,50.0,2971,14.053118705749512,20.98463249206543,40.900630950927734,0.008751262201279031
2942448,Y,III,28.0,1700,13.023553848266602,22.75739288330078,37.743507385253906,0.007058823529411765
2942508,N,III,175.6,12210,18.677352905273438,31.078123092651367,46.541954040527344,0.12137592137592138
2942435,N,III,3.0,176,2.272732734680176,3.1592891216278076,4.290782451629639,0.0
2942477,Y,III,118.0,7538,28.195152282714844,40.96477508544922,51.81871795654297,0.47837622711594585
2942463,Y,IVS,98.5,8790,33.700477600097656,44.36021423339844,56.88023376464844,0.7068259385665528
2942509,Y,III,56.300000000000004,3645,9.35189437866211,15.921013832092285,40.25831985473633,0.00850480109739369
2942483,N,III,38.6,2275,9.783242225646973,15.518744468688965,21.576480865478516,0.0
2942449,N,III,12.0,800,16.092731475830078,22.58213233947754,32.02241897583008,0.01125
2942449,N,III,49.0,3256,2.814744710922241,4.818096160888672,8.74869441986084,0.0
2942449,N,III,8.0,465,5.855618000030518,7.598235607147217,12.015437126159668,0.0
2942434,Y,III,60.0,4122,5.927940368652344,8.213022232055664,18.499073028564453,0.0
2942468,Y,III,82.0,6172,16.85027313232422,28.133621215820312,45.70168685913086,0.06902138690861957
2942487,N,III,10.0,249,10.646031379699707,17.638580322265625,21.13947105407715,0.0
2942464,Y,IVS,32.5,2094,29.394887924194336,44.624671936035156,60.91888427734375,0.5243553008595988
2942455,N,II,5.0,304,1.7259304523468018,2.5113964080810547,3.748157024383545,0.0
2942452,Y,III,85.4,524,9.589898109436035,16.08814239501953,23.27024269104004,0.0
2942466,Y,III,83.3,6120,26.078393936157227,36.05113220214844,52.36410903930664,0.3545751633986928
2942469,N,III,80.0,4584,0.9053221344947815,1.6532032489776611,7.05364990234375,0.0
2942506,Y,III,114.10000000000001,10608,16.9899845123291,28.42477798461914,46.01671600341797,0.0773001508295626
2942496,N,III,6.0,497,15.273408889770508,25.7995548248291,42.77199172973633,0.052313883299798795
2942472,N,III,22.0,1407,8.95906925201416,17.975990295410156,25.215112686157227,0.0
2942457,Y,III,66.4,3917,14.249731063842773,22.674211502075195,32.082176208496094,0.0012764871074802144
2942492,N,III,8.0,877,10.287327766418457,17.981096267700195,24.469385147094727,0.0
2942502,N,III,13.5,911,6.706559658050537,12.929851531982422,19.081768035888672,0.0
2942445,Y,III,41.9,2813,20.612619400024414,30.907625198364258,42.8366584777832,0.12868823320298614
2942462,Y,IVS,98.0,7842,33.95003890991211,43.477664947509766,59.71561813354492,0.7331038000510074
2942484,Y,III,62.0,3965,23.80947494506836,35.295772552490234,47.107757568359375,0.27137452711223203
2942447,N,III,1.5,178,9.232095718383789,14.834953308105469,17.839326858520508,0.0
2942447,N,III,2.5,231,8.717367172241211,14.27188491821289,18.545269012451172,0.0
2942507,Y,III,92.3,5677,21.25786018371582,32.776729583740234,43.365760803222656,0.18883212964593976
2942527,N,III,71.5,4215,10.995746612548828,17.634449005126953,25.822795867919922,0.0
2942532,Y,III,113.9,6851,7.2734575271606445,13.158882141113281,29.66836166381836,0.0
2942544,Y,III,117.2,7133,9.450408935546875,15.455904006958008,34.44951248168945,0.005046964811439787
2942529,N,III,110.0,5159,4.174689292907715,7.8485283851623535,19.362674713134766,0.0
2942542,Y,III,54.300000000000004,3551,30.068096160888672,39.137386322021484,50.99221420288086,0.5536468600394255
2942549,N,III,0.6,70,0.7334102988243103,1.3393785953521729,1.9112107753753662,0.0
2942549,N,III,3.4,246,2.165672540664673,4.498902320861816,8.435754776000977,0.0
2942549,N,III,2.8000000000000003,197,3.261970043182373,6.83051061630249,10.881627082824707,0.0
2942549,N,III,4.3,277,4.725871562957764,8.224910736083984,11.591826438903809,0.0
2942515,Y,III,100.3,6309,14.889213562011719,24.525409698486328,43.43260192871094,0.03312727849104454
2942555,Y,III,47.300000000000004,3100,6.303336143493652,14.134407997131348,32.798404693603516,0.0032258064516129032
2942564,N,III,22.5,1400,12.821545600891113,20.788314819335938,29.782299041748047,0.0
2942611,Y,III,57.7,3866,26.638439178466797,35.949859619140625,44.941558837890625,0.37066735644076565
2942599,Y,IVS,150.9,10369,32.73680114746094,42.49817657470703,55.798465728759766,0.7044073681165011
2942610,Y,III,46.6,2889,31.382598876953125,40.18764114379883,49.024681091308594,0.6223606784354447
2942573,Y,IVS,22.0,1642,26.4332275390625,36.237979888916016,46.92787170410156,0.30694275274056027
2942598,N,III,2.3000000000000003,176,6.356551647186279,8.754681587219238,11.229103088378906,0.0
2942598,N,III,1.6,130,4.80229377746582,7.92886209487915,9.7400541305542,0.0
2942598,N,III,6.1000000000000005,375,10.520365715026855,15.29538631439209,19.96799659729004,0.0
2942552,N,III,8.0,708,1.6240609884262085,3.203571081161499,8.945277214050293,0.0
2942608,N,III,4.0,314,2.250213146209717,6.485848426818848,13.402173042297363,0.0
2942592,N,III,4.5,305,3.045637607574463,5.7598161697387695,10.829434394836426,0.0
2942533,N,III,20.0,1239,7.866222858428955,14.687402725219727,24.02176284790039,0.0
2942563,N,III,37.0,2151,12.439055442810059,19.951059341430664,31.99568748474121,0.0018596001859600185
2942556,N,III,41.0,2660,8.206608772277832,12.078534126281738,25.59450912475586,0.0
2942614,Y,III,573.0,3897,13.11601448059082,25.449600219726562,44.010528564453125,0.04490633820887863
2942612,Y,IVS,83.9,4974,34.99752426147461,41.667171478271484,60.67953109741211,0.8279051065540812
2942594,Y,III,53.300000000000004,3391,17.237451553344727,28.584775924682617,40.02751159667969,0.0707755824240637
2942604,N,III,77.0,4141,12.235710144042969,22.874731063842773,42.2097053527832,0.021733880705143684
2942572,N,III,29.6,1796,7.237779140472412,10.075068473815918,12.732192039489746,0.0
2942615,Y,III,16.6,1626,14.187555313110352,24.92539405822754,33.92483901977539,0.02152521525215252
2942615,Y,III,128.5,7654,14.676251411437988,23.403017044067383,36.75404739379883,0.017245884504834073
2942613,Y,III,40.2,2557,25.877689361572266,34.8360481262207,41.022613525390625,0.31521314039890497
2942605,N,III,49.300000000000004,2943,14.626494407653809,26.55364418029785,42.78293228149414,0.04926945293917771
2942683,N,III,2.3000000000000003,167,1.380029320716858,2.3066139221191406,3.934060573577881,0.0
2942683,N,III,2.1,128,5.484941482543945,9.49836254119873,11.47604751586914,0.0
2942683,N,III,17.400000000000002,1056,2.9976460933685303,5.218763828277588,8.764832496643066,0.0
2942640,Y,III,67.0,4257,19.281763076782227,31.764450073242188,46.57074737548828,0.12332628611698379
2942664,Y,III,59.4,3400,20.699094772338867,36.51307678222656,50.08161544799805,0.24205882352941177
2942664,Y,III,94.9,5708,25.534420013427734,38.609107971191406,54.17829895019531,0.3540644709180098
2942665,Y,III,88.10000000000001,5380,24.980213165283203,36.49356460571289,47.17311477661133,0.3016728624535316
2942704,N,III,2.0,135,12.808199882507324,21.852689743041992,26.69938087463379,0.0
2942661,N,III,6.6000000000000005,361,2.770228624343872,3.6887199878692627,4.100100040435791,0.0
2942637,Y,III,42.5,2895,28.140047073364258,40.8996696472168,49.233787536621094,0.4863557858376511
2942687,Y,III,123.0,9463,10.813132286071777,19.866832733154297,38.136966705322266,0.0084539786537039
2942699,N,III,2.5,162,1.313828468322754,2.040193557739258,2.4735968112945557,0.0
2942633,N,III,56.800000000000004,3804,9.499496459960938,15.362846374511719,26.67499351501465,0.0
2942644,Y,III,74.0,4605,20.633987426757812,30.140878677368164,43.040767669677734,0.10401737242128122
2942619,Y,III,83.0,5445,13.521552085876465,25.15918731689453,41.490299224853516,0.04168962350780533
2942619,Y,III,14.0,924,9.111983299255371,12.983926773071289,20.68076515197754,0.0
2942619,Y,III,10.0,660,9.19754409790039,14.602243423461914,18.40118980407715,0.0
2942619,Y,III,24.0,1653,10.320221900939941,16.70036506652832,31.40367317199707,0.0030248033877797943
2942631,Y,IVS,41.0,2627,37.99214172363281,46.642093658447266,61.13374328613281,0.8583936048724781
2942654,N,III,9.200000000000001,570,3.7995998859405518,5.387905120849609,7.18858003616333,0.0
2942659,Y,III,100.0,5863,15.803348541259766,26.307422637939453,42.97172164916992,0.05475012792085963
2942663,Y,III,81.0,5760,8.633672714233398,15.755615234375,28.19383430480957,0.0
2942693,Y,III,80.9,5266,9.01860523223877,17.061552047729492,39.20106506347656,0.008545385491834409
2942632,Y,IVS,99.3,6249,31.788484573364258,41.10918045043945,69.2557601928711,0.5992958873419747
2942673,N,III,12.0,934,10.35590648651123,14.363877296447754,21.99642562866211,0.0
2942698,Y,IVS,78.0,4707,33.04838562011719,42.207332611083984,50.6390380859375,0.6851497769279796
2942660,N,III,21.0,1363,12.49448013305664,23.675765991210938,37.654605865478516,0.03521643433602348
2942660,N,III,6.0,374,1.602361798286438,2.614370822906494,3.868833303451538,0.0
2942711,N,III,4.0,183,10.642333984375,15.371145248413086,18.963756561279297,0.0
2942711,N,III,3.0,142,7.8870368003845215,9.328743934631348,10.784459114074707,0.0
2942676,Y,III,3.8000000000000003,234,17.70488739013672,32.503753662109375,42.07575607299805,0.1752136752136752
2942676,Y,III,39.1,2543,11.967024803161621,19.651554107666016,38.084228515625,0.004325599685410932
2942688,Y,III,33.0,2168,7.197277545928955,11.753960609436035,29.235794067382812,0.0
2942688,Y,III,118.3,7439,9.898085594177246,17.734472274780273,38.40955352783203,0.007124613523323027
2942689,N,III,135.0,7709,4.837850570678711,8.250322341918945,13.17184829711914,0.0
2942678,Y,III,103.0,6374,11.620877265930176,19.848915100097656,35.05839920043945,0.005177282711013492
2942678,Y,III,23.0,1431,1.7305957078933716,2.638599157333374,10.395320892333984,0.0
2942686,Y,III,52.2,3327,16.696741104125977,30.966888427734375,47.634437561035156,0.11391644123835287
2942697,Y,IVS,109.7,6847,27.762723922729492,37.66787338256836,51.79566955566406,0.40397254271943916
2942775,Y,III,53.0,3169,12.204853057861328,19.568981170654297,31.540138244628906,0.0006311139160618492
2942784,Y,III,39.0,2797,23.186017990112305,34.71707534790039,43.966251373291016,0.27243475151948515
2942784,Y,III,87.0,5685,14.710474014282227,22.450902938842773,36.8483772277832,0.007036059806508356
2942784,Y,III,61.0,4118,14.48207950592041,23.953737258911133,39.43063735961914,0.018698397280233123
2942768,Y,III,63.7,4037,11.842743873596191,25.547870635986328,44.686317443847656,0.06712905622987367
2942723,N,III,3.0,191,7.6968278884887695,13.754351615905762,28.857969284057617,0.0
2942723,N,III,8.0,494,13.178105354309082,20.099666595458984,26.046585083007812,0.0
2942723,N,III,15.0,1096,4.246700286865234,6.755542755126953,13.076194763183594,0.0
2942792,Y,III,190.1,12159,17.322071075439453,29.46815299987793,44.56496810913086,0.0917838638045892
2942721,N,III,9.0,499,3.202639102935791,4.759522914886475,7.411810874938965,0.0
2942721,N,III,9.0,602,3.1142616271972656,5.564093589782715,20.812753677368164,0.0
2942721,N,III,20.0,734,2.6773319244384766,3.995532989501953,6.579203128814697,0.0
2942728,N,III,45.0,2602,13.10169506072998,19.592632293701172,28.079282760620117,0.0
2942770,N,III,21.900000000000002,1458,14.264119148254395,23.0137882232666,39.53696060180664,0.02880658436213992
2942776,Y,III,175.5,10809,9.6394624710083,17.792640686035156,36.32771682739258,0.0026829493940234987
2942731,N,III,2.9,211,1.0647066831588745,1.7298011779785156,3.5125112533569336,0.0
2942731,N,III,5.8,177,1.0603573322296143,1.7609668970108032,2.2066121101379395,0.0
2942733,N,III,5.5,324,5.289188385009766,7.492387771606445,13.148956298828125,0.0
2942771,Y,III,65.6,4549,15.552717208862305,26.81444549560547,39.878047943115234,0.052319191030995825
2942725,Y,III,65.5,6240,36.360530853271484,47.80535888671875,70.95865631103516,0.7900641025641025
2942762,N,III,64.4,4103,12.725317001342773,18.850065231323242,24.047849655151367,0.0
2942754,Y,III,128.4,7938,17.832782745361328,30.48939323425293,45.216949462890625,0.10670194003527336
2942717,Y,III,73.0,5267,15.964430809020996,24.12157440185547,44.94367218017578,0.04195936966014809
2942785,Y,III,52.0,1579,12.416590690612793,20.121862411499023,31.570392608642578,0.00253324889170361
2942794,N,III,12.0,746,11.845584869384766,20.787885665893555,31.20475959777832,0.0013404825737265416
2942749,Y,IVS,69.4,5100,28.886850357055664,43.48673629760742,63.143089294433594,0.42411764705882354
2942780,N,III,2.6,59,19.372169494628906,25.829572677612305,27.845752716064453,0.0
2942780,N,III,16.6,464,11.382116317749023,17.948322296142578,26.534229278564453,0.0
2942780,N,III,9.3,131,11.756427764892578,16.504047393798828,18.610593795776367,0.0
2942787,Y,III,9.0,592,16.564786911010742,25.340898513793945,32.368896484375,0.010135135135135136
2942787,Y,III,97.0,6186,19.174280166625977,30.201313018798828,45.54351043701172,0.10426770126091174
2942787,Y,III,6.0,437,19.58112335205078,26.973031997680664,35.39208221435547,0.043478260869565216
2942765,Y,III,34.0,2082,21.327655792236328,31.529603958129883,41.34017562866211,0.13256484149855907
2942745,Y,III,66.6,4247,12.952387809753418,22.696578979492188,39.798091888427734,0.012950317871438662
2942837,Y,IVS,111.8,6893,33.215301513671875,43.10158920288086,52.519283294677734,0.7128971420281445
2942800,Y,IVS,26.2,1665,19.662260055541992,33.13511657714844,45.76994323730469,0.15675675675675677
2942810,N,III,25.0,2117,3.5346107482910156,6.399219036102295,11.686744689941406,0.0
2942809,Y,III,34.5,2567,22.948314666748047,33.16144943237305,43.790077209472656,0.1971172574990261
2942845,N,III,95.0,6515,24.316280364990234,37.94441223144531,52.56052780151367,0.32033768227168075
2942845,N,III,16.0,1059,12.550188064575195,20.697715759277344,34.868324279785156,0.0084985835694051
2942845,N,III,15.0,1080,12.966935157775879,20.986928939819336,31.813392639160156,0.003703703703703704
2942846,Y,III,79.0,5048,18.903411865234375,29.40922737121582,39.812171936035156,0.08795562599049128
2942836,N,III,16.8,1005,10.242114067077637,15.224960327148438,22.49686050415039,0.0
2942836,N,III,1.2,104,7.632998943328857,11.148508071899414,13.688176155090332,0.0
2942866,Y,III,51.800000000000004,3083,21.4737606048584,33.96226501464844,51.25923538208008,0.2452156989944859
2942861,Y,III,47.4,2760,32.02031326293945,42.272518157958984,60.76984405517578,0.6416666666666667
2942819,Y,III,22.0,1617,22.30428695678711,35.61750793457031,46.77762985229492,0.23871366728509585
2942844,Y,III,90.7,5425,20.525066375732422,33.016990661621094,44.503604888916016,0.1808294930875576
2942874,N,III,247.0,14016,7.999691009521484,13.621212005615234,35.9306640625,0.003424657534246575
2942813,N,III,37.0,2059,6.089197635650635,16.186809539794922,28.7540283203125,0.0
2942807,Y,III,53.2,3931,11.181419372558594,20.614116668701172,37.573204040527344,0.02340371406766726
2942847,N,III,20.0,1233,11.369104385375977,17.80217170715332,28.85063934326172,0.0
2942847,N,III,92.0,5605,7.531654357910156,13.27504825592041,27.204307556152344,0.0
2942842,Y,III,32.3,2176,24.778820037841797,35.1324577331543,47.18338394165039,0.2890625
2942854,N,III,9.0,480,11.031941413879395,21.657196044921875,27.59323501586914,0.0
2942824,N,III,3.4,246,11.643949508666992,13.972204208374023,19.262174606323242,0.0
2942853,N,III,30.0,2019,6.625558853149414,24.11546516418457,35.05561828613281,0.033680039623576026
2942853,N,III,10.0,714,2.9560656547546387,8.192277908325195,16.821704864501953,0.0
2942851,N,IVG,2.0,172,12.836426734924316,17.532760620117188,22.649761199951172,0.0
2942859,N,III,112.0,7348,3.3065593242645264,6.344127655029297,31.764347076416016,0.0005443658138268917
2942859,N,III,112.0,7348,3.3065593242645264,6.344127655029297,31.764347076416016,0.0005443658138268917
2942855,Y,III,145.1,8851,27.033998489379883,37.69243621826172,47.80006408691406,0.38052197491808837
2942881,N,II,10.0,358,1.083591103553772,1.9857949018478394,2.7226524353027344,0.0
2942869,Y,III,22.0,1344,11.122589111328125,16.77714729309082,26.623483657836914,0.0
2942869,Y,III,38.0,2288,11.93957805633545,21.287551879882812,32.26548385620117,0.0026223776223776225
2942869,Y,III,43.0,2669,9.607491493225098,16.567081451416016,29.502798080444336,0.0
2942878,N,III,75.0,3729,1.755929946899414,3.2174291610717773,8.140592575073242,0.0
2942878,N,III,28.0,1491,2.1753315925598145,4.328939914703369,9.08960247039795,0.0
2942879,Y,III,95.60000000000001,3798,19.95368194580078,32.76588439941406,47.12666320800781,0.1498156924697209
2942803,N,III,27.400000000000002,1739,5.381134510040283,10.662052154541016,19.701251983642578,0.0
2942857,N,II,5.0,321,4.469732761383057,6.233100891113281,8.56165885925293,0.0
2942863,N,III,25.0,1310,3.9895098209381104,6.91660213470459,9.645155906677246,0.0
2942897,Y,III,39.0,920,4.117397308349609,7.871281623840332,26.5430965423584,0.0
2942951,Y,III,55.0,3645,20.967031478881836,32.26557922363281,43.29652404785156,0.1541838134430727
2942951,Y,III,9.0,548,33.454158782958984,41.25691223144531,46.46773147583008,0.7262773722627737
2942923,N,III,5.0,360,2.091555595397949,3.1129844188690186,5.014654159545898,0.0
2942953,Y,III,72.3,4341,16.02438735961914,25.369924545288086,42.70193099975586,0.043538355217691775
2942924,Y,III,64.4,3994,12.112449645996094,19.870182037353516,32.97745132446289,0.006760140210315473
2942928,N,III,8.0,521,2.5127711296081543,4.155880451202393,27.40884017944336,0.0
2942928,N,III,5.2,352,1.5069358348846436,2.532607316970825,4.270495414733887,0.0
2942928,N,III,4.3,281,1.0129780769348145,1.676132321357727,3.0394954681396484,0.0
2942886,N,III,15.0,1124,6.005666732788086,18.524499893188477,44.7241325378418,0.030249110320284697
2942942,Y,III,83.4,5363,24.039369583129883,36.77780532836914,48.243717193603516,0.29647585306731306
2942942,Y,III,1.8,138,20.32406234741211,27.281993865966797,30.50897979736328,0.007246376811594203
2942946,Y,III,24.400000000000002,1650,31.660785675048828,40.56203079223633,48.525352478027344,0.6515151515151515
2942927,Y,III,65.6,4133,15.938641548156738,27.451303482055664,39.398189544677734,0.04572949431405759
2942922,N,III,64.0,3981,4.489797115325928,8.270844459533691,20.193185806274414,0.0
2942956,N,III,49.2,3111,10.6008882522583,16.908973693847656,26.745922088623047,0.0
2942893,N,III,13.9,923,12.0917329788208,20.944475173950195,52.772926330566406,0.030335861321776816
2942890,Y,III,71.0,4509,26.53091812133789,36.70845413208008,46.06071853637695,0.37369705034375694
2942929,N,III,10.700000000000001,681,11.824135780334473,16.132003784179688,25.946348190307617,0.0
2942921,N,III,8.0,222,8.544268608093262,12.816327095031738,14.441757202148438,0.0
2942947,N,III,4.0,242,14.986733436584473,27.38112449645996,37.23228454589844,0.07851239669421488
2942917,Y,III,10.1,672,14.485880851745605,25.980907440185547,37.598323822021484,0.041666666666666664
2942996,Y,III,116.2,7042,15.622961044311523,30.24327850341797,50.301937103271484,0.10281170122124396
2943045,Y,III,120.5,7832,10.742329597473145,18.490827560424805,37.21609878540039,0.006001021450459653
2942981,N,III,20.0,1163,6.675755500793457,10.296796798706055,19.581470489501953,0.0
2942980,Y,III,81.3,5100,16.488370895385742,25.773229598999023,54.32748794555664,0.04549019607843137
2943008,Y,III,150.1,9108,12.090849876403809,22.337696075439453,40.07195281982422,0.0165788317962231
2943007,Y,III,82.9,5094,19.778078079223633,33.20304870605469,43.493690490722656,0.16607773851590105
2943005,Y,III,45.5,2696,20.037782669067383,31.203433990478516,42.309329986572266,0.13019287833827894
2942994,Y,III,112.0,6688,12.023055076599121,20.511287689208984,35.52790069580078,0.006429425837320574
2942968,Y,III,72.0,4316,25.084230422973633,36.633033752441406,47.351016998291016,0.340129749768304
2942975,Y,III,119.0,7351,11.962207794189453,21.441709518432617,34.555110931396484,0.014283770915521698
2942998,N,III,17.0,1274,4.784391403198242,7.192134857177734,13.601292610168457,0.0
2942979,Y,III,78.5,4833,16.750459671020508,29.065279006958008,45.868743896484375,0.08504034761018
2942971,Y,III,68.0,4114,12.197678565979004,19.76860809326172,32.32337951660156,0.005104521147301896
2943001,N,II,4.0,299,0.8997712135314941,1.1362035274505615,1.5114272832870483,0.0
2943033,Y,IVS,74.3,4493,33.2962646484375,41.83052062988281,51.25973129272461,0.7594035165813487
2943034,N,III,15.8,1063,17.5576229095459,23.855669021606445,31.981658935546875,0.005644402634054563
2943012,N,III,2.0,160,10.229755401611328,14.064000129699707,17.090482711791992,0.0
2943023,Y,III,33.0,2211,22.737356185913086,33.099674224853516,46.897586822509766,0.21031207598371776
2943020,N,III,3.3000000000000003,313,28.44983673095703,41.08185577392578,47.401153564453125,0.4217252396166134
2943021,N,III,7.0,326,14.294930458068848,23.015804290771484,35.45543670654297,0.015337423312883436
2942974,Y,III,92.10000000000001,5872,17.483562469482422,26.740581512451172,39.22638702392578,0.04189373297002725
2943046,N,III,7.4,511,10.447590827941895,15.472086906433105,24.063831329345703,0.0
2943004,Y,III,64.0,3864,18.672130584716797,30.865819931030273,42.397979736328125,0.1187888198757764
2943031,Y,III,65.6,4100,17.07723617553711,24.02242088317871,37.8117561340332,0.013902439024390244
2943043,N,III,20.0,678,16.263107299804688,26.114274978637695,38.70267868041992,0.06342182890855458
2943043,N,III,15.0,506,30.210346221923828,38.593421936035156,44.12868118286133,0.5632411067193676
2942970,Y,III,65.0,3982,14.107844352722168,26.34238624572754,43.45133972167969,0.05951783023606228
2943006,Y,IVS,95.3,6142,29.234609603881836,41.262939453125,53.74302673339844,0.6142950179094757
2943032,Y,IVS,61.6,3929,27.622594833374023,36.456783294677734,52.05050277709961,0.42555357597353016
2943059,Y,III,90.10000000000001,3075,8.099113464355469,12.992544174194336,23.82927703857422,0.0
2943065,Y,III,21.0,1355,27.584877014160156,38.47513198852539,47.019386291503906,0.42509225092250924
2943071,N,III,12.0,830,6.124809265136719,10.900895118713379,16.677305221557617,0.0
2943112,N,III,10.0,641,8.637325286865234,15.074313163757324,23.40410804748535,0.0
2943084,Y,III,56.9,3619,21.91471290588379,33.74765396118164,44.17533874511719,0.2077922077922078
2943116,Y,III,0.2,49,2.3831257820129395,4.330491065979004,5.110243797302246,0.0
2943116,Y,III,0.2,38,1.67829430103302,2.3013110160827637,3.2951531410217285,0.0
2943116,Y,III,1.0,97,4.976330757141113,5.972156524658203,30.5513916015625,0.010309278350515464
2943116,Y,III,8.0,51,1.691306471824646,3.533431053161621,4.5940070152282715,0.0
2943116,Y,III,14.0,778,6.572811603546143,18.83461570739746,45.12355041503906,0.04113110539845758
2943116,Y,III,8.0,625,12.0336332321167,33.10300827026367,46.37150573730469,0.1456
2943116,Y,III,0.3,36,15.626017570495605,27.997875213623047,31.00091552734375,0.027777777777777776
2943116,Y,III,0.2,24,25.464574813842773,49.643829345703125,54.6995964050293,0.3333333333333333
2943116,Y,III,20.0,1366,16.334232330322266,36.39362335205078,61.058746337890625,0.16398243045387995
2943111,N,III,28.0,1684,1.8732784986495972,3.422452449798584,15.139528274536133,0.0
2943073,N,III,1.2,130,4.58942174911499,10.55832576751709,14.549221992492676,0.0
2943082,Y,III,81.0,4767,17.512481689453125,34.81269454956055,55.29853057861328,0.13614432557163836
2943097,N,III,3.0,193,1.2579315900802612,1.7599036693572998,2.3471105098724365,0.0
2943101,Y,III,105.0,6227,20.09956169128418,32.71070098876953,45.199031829833984,0.16155452063594025
2943080,N,III,38.0,2223,5.544874668121338,12.052876472473145,25.293445587158203,0.0
2943080,N,III,46.0,2768,7.2624688148498535,15.88376235961914,38.64274215698242,0.005780346820809248
2943080,N,III,44.5,2682,10.457121849060059,19.648502349853516,35.37212371826172,0.002609992542878449
2943080,N,III,17.0,1001,13.700502395629883,22.165740966796875,37.94110870361328,0.006993006993006993
2943054,N,III,15.0,855,1.3473231792449951,2.011414051055908,3.31986927986145,0.0
2943115,N,III,0.5,43,4.869880676269531,19.661144256591797,38.7888069152832,0.06976744186046512
2943115,N,III,1.0,81,9.710806846618652,15.120599746704102,26.521045684814453,0.0
2943083,Y,III,68.9,4404,26.922819137573242,38.761539459228516,47.91105270385742,0.4514078110808356
2943069,N,III,14.5,942,15.262063980102539,24.416337966918945,32.06111526489258,0.009554140127388535
2943052,N,III,0.5,37,11.340164184570312,18.42885398864746,20.536453247070312,0.0
2943052,N,III,1.5,245,10.79997444152832,22.80991554260254,26.388778686523438,0.0
2943091,N,III,0.5,20,9.133543968200684,10.143088340759277,10.431543350219727,0.0
2943091,N,III,0.5,24,13.01594066619873,17.238643646240234,20.77993392944336,0.0
2943089,N,III,35.0,2339,0.9066735506057739,1.5147830247879028,7.364005088806152,0.0
2943204,Y,III,31.400000000000002,2008,13.35754680633545,20.319442749023438,31.10854148864746,0.00199203187250996
2943144,N,III,36.0,2006,7.453489780426025,13.064310073852539,21.829803466796875,0.0
2943164,N,III,27.3,1527,13.964824676513672,24.078012466430664,31.866615295410156,0.0019646365422396855
2943165,Y,III,123.0,7282,18.660669326782227,30.8441162109375,51.479713439941406,0.11164515243065092
2943205,Y,III,112.10000000000001,7121,17.484472274780273,30.95635414123535,44.51698684692383,0.11810139025417779
2943146,Y,III,83.10000000000001,5285,12.146878242492676,20.557065963745117,31.72332000732422,0.0017029328287606433
2943207,Y,III,21.900000000000002,1368,17.977371215820312,27.366600036621094,36.17909622192383,0.05555555555555555
2943154,N,III,3.3000000000000003,5634,6.891864776611328,11.223788261413574,31.229265213012695,0.0005324813631522897
2943179,N,III,17.0,1275,11.349813461303711,24.632646560668945,32.90141296386719,0.01568627450980392
2943160,N,III,48.0,2576,13.252687454223633,24.863330841064453,48.77520751953125,0.052795031055900624
2943169,N,III,27.7,1486,0.6965890526771545,1.265259027481079,3.1922149658203125,0.0
2943186,N,III,76.2,4719,9.105384826660156,18.250141143798828,36.035621643066406,0.005509641873278237
2943201,N,III,47.300000000000004,3021,20.058204650878906,30.572038650512695,45.37230682373047,0.11651770936775901
2943201,N,III,33.6,2305,24.440624237060547,34.374691009521484,47.91471862792969,0.23774403470715835
2943255,N,III,27.1,1724,4.438267707824707,6.967399597167969,10.169257164001465,0.0
2943250,N,II,5.0,322,6.0924601554870605,9.549253463745117,13.87183952331543,0.0
2943235,N,III,1.0,151,14.152217864990234,16.609046936035156,21.27147674560547,0.0
2943234,Y,III,1.2,88,27.160032272338867,34.431819915771484,37.859859466552734,0.4431818181818182
2943234,Y,III,1.0,73,33.38665008544922,39.011924743652344,41.96397018432617,0.7123287671232876
2943234,Y,III,9.5,671,34.65336990356445,45.289329528808594,58.717185974121094,0.7242921013412816
2943234,Y,III,11.6,754,32.11843490600586,40.80024337768555,45.54281997680664,0.6803713527851459
2943234,Y,III,17.900000000000002,1105,33.169551849365234,42.483394622802734,48.37329864501953,0.7348416289592761
2943234,Y,III,10.3,677,33.72330856323242,42.15969467163086,51.026695251464844,0.7710487444608567
2943254,N,III,8.2,532,1.8210622072219849,3.1578621864318848,6.9793701171875,0.0
2943266,Y,III,58.5,3816,15.561027526855469,23.028121948242188,33.576698303222656,0.007075471698113208
2943266,Y,III,46.5,2913,14.119629859924316,24.798877716064453,38.01374435424805,0.02334363199450738
2943269,Y,III,22.7,1885,25.03717803955078,37.1642951965332,49.299503326416016,0.31989389920424405
2943269,Y,III,25.6,2621,28.508989334106445,43.18749237060547,61.037513732910156,0.5482640213658909
2943287,Y,III,40.0,2220,14.970280647277832,24.090560913085938,32.55794906616211,0.0036036036036036037
2943222,N,III,10.0,692,1.8284239768981934,4.083588600158691,8.249293327331543,0.0
2943222,N,III,23.0,1382,2.152242422103882,3.7839112281799316,6.809072017669678,0.0
2943252,N,III,17.1,1072,1.0558195114135742,1.7694960832595825,2.9411067962646484,0.0
2943252,N,III,12.200000000000001,788,0.8833328485488892,1.6626490354537964,5.225909233093262,0.0
2943230,N,III,83.4,5244,10.478560447692871,17.613658905029297,40.57618713378906,0.017543859649122806
2943251,Y,IVS,18.0,1191,17.251876831054688,29.367694854736328,40.84854507446289,0.09151973131821999
2943251,Y,IVS,66.0,3918,12.620715141296387,21.484088897705078,32.97438430786133,0.00816743236345074
2943261,N,III,4.0,271,11.50577163696289,19.09146499633789,23.513710021972656,0.0
2943283,N,II,1.0,27,7.443463325500488,10.50931167602539,13.289523124694824,0.0
2943210,N,III,22.0,1262,1.3408914804458618,2.2907345294952393,3.6057350635528564,0.0
2943280,N,III,8.5,685,7.819877624511719,10.023053169250488,13.056191444396973,0.0
2943288,N,III,32.0,1766,14.368487358093262,26.739147186279297,34.6483268737793,0.03567383918459796
2943236,N,II,1.0,143,12.413050651550293,14.472845077514648,16.301193237304688,0.0
2943253,N,III,1.8,115,1.9936795234680176,3.2411794662475586,3.867215871810913,0.0
2943253,N,III,10.9,604,8.108343124389648,13.478071212768555,19.169546127319336,0.0
2943253,N,III,3.1,220,14.124642372131348,21.021240234375,25.864965438842773,0.0
2943253,N,III,30.0,2065,2.93046498298645,5.313029766082764,28.179964065551758,0.0
2943253,N,III,36.2,1976,2.326075553894043,4.113369941711426,15.303915977478027,0.0
2943253,N,III,10.200000000000001,627,8.710591316223145,17.072830200195312,23.87967872619629,0.0
2943253,N,III,31.1,2313,9.118467330932617,16.921968460083008,25.614397048950195,0.0
2943253,N,III,0.7000000000000001,49,5.106725215911865,7.976734161376953,9.106274604797363,0.0
2943257,N,III,9.700000000000001,654,8.471325874328613,10.747187614440918,16.986942291259766,0.0
2943245,N,III,69.4,3784,10.146629333496094,13.704949378967285,32.8328971862793,0.003964059196617336
2943282,Y,III,35.2,2569,31.15559959411621,41.82018280029297,50.94404983520508,0.5663682366679642
2943285,Y,III,0.4,35,28.671056747436523,41.555694580078125,43.10682678222656,0.5142857142857142
2943285,Y,III,14.4,908,31.08083152770996,38.612213134765625,49.475399017333984,0.6497797356828194
2943285,Y,III,0.7000000000000001,56,34.97858810424805,43.10176467895508,44.5920295715332,0.75
2943285,Y,III,2.7,188,29.412405014038086,35.724971771240234,43.661048889160156,0.3829787234042553
2943285,Y,III,63.9,3832,30.00900650024414,38.32358169555664,46.31383514404297,0.5555845511482255
2943285,Y,III,51.5,3066,30.994863510131836,39.4176025390625,48.815330505371094,0.6141552511415526
2943285,Y,III,1.6,124,24.199399948120117,28.68177032470703,34.07419967651367,0.04838709677419355
2943273,Y,III,88.5,5143,9.7860689163208,17.580846786499023,40.540008544921875,0.0038887808671981333
2943350,N,III,8.0,508,1.5130062103271484,2.46000599861145,3.9699831008911133,0.0
2943301,Y,III,39.2,2525,20.96879005432129,27.706987380981445,42.31924819946289,0.06178217821782178
2943299,Y,III,39.0,2373,12.36611270904541,19.534175872802734,41.1765251159668,0.010113780025284451
2943340,Y,III,1.5,148,10.112981796264648,22.062467575073242,31.19645881652832,0.013513513513513514
2943340,Y,III,1.0,18,15.182881355285645,23.590360641479492,26.80803871154785,0.0
2943340,Y,III,42.0,2459,8.996768951416016,16.64105987548828,33.17161178588867,0.0020333468889792597
2943308,N,III,8.0,513,9.316635131835938,15.70781135559082,27.861051559448242,0.0
2943302,Y,III,5.3,378,20.356563568115234,26.49325180053711,30.283842086791992,0.005291005291005291
2943302,Y,III,23.8,1428,21.400644302368164,29.830533981323242,36.691837310791016,0.09453781512605042
2943335,N,III,36.300000000000004,2320,16.65336036682129,25.652877807617188,36.93805694580078,0.026724137931034484
2943336,N,III,34.7,2218,20.22227668762207,29.45574188232422,37.789058685302734,0.07619477006311992
2943323,N,III,15.0,962,12.770225524902344,22.218358993530273,32.647071838378906,0.004158004158004158
2943323,N,III,7.5,689,12.937283515930176,22.239246368408203,31.267013549804688,0.002902757619738752
2943323,N,III,30.0,1822,13.891568183898926,22.176288604736328,35.35425567626953,0.022502744237102086
2943307,N,IVG,3.0,111,2.7588181495666504,8.448123931884766,9.787148475646973,0.0
2943296,Y,III,78.9,4973,11.589179992675781,19.043838500976562,50.66767883300781,0.017494470138749246
2943360,Y,III,59.300000000000004,3740,18.7161922454834,30.705259323120117,40.518226623535156,0.11764705882352941
2943378,Y,III,58.0,3525,14.171414375305176,27.56897735595703,38.532196044921875,0.0649645390070922
2943300,N,III,4.0,86,7.559178352355957,11.241525650024414,12.29582405090332,0.0
2943300,N,III,10.0,488,6.093279838562012,7.644643783569336,10.334737777709961,0.0
2943300,N,III,4.0,89,7.579367637634277,9.773039817810059,10.30538558959961,0.0
2943333,N,III,57.0,2875,8.559652328491211,16.6746826171875,35.56643295288086,0.0017391304347826088
2943355,N,III,15.0,960,6.2431254386901855,10.09559440612793,22.596477508544922,0.0
2943354,N,III,12.0,981,7.598930358886719,12.302563667297363,25.417728424072266,0.0
2943344,Y,III,75.0,4866,17.30437660217285,27.33419418334961,37.86280822753906,0.04603370324702014
2943344,Y,III,120.0,7189,11.184488296508789,21.126190185546875,34.47637176513672,0.016413965781054387
2943337,N,II,2.5,123,14.24336051940918,19.842424392700195,22.114784240722656,0.0
2943339,Y,III,19.0,1095,10.696406364440918,16.193931579589844,24.511518478393555,0.0
2943376,N,III,85.2,5057,11.088746070861816,20.584423065185547,37.90406799316406,0.015028673126359502
2943338,N,III,7.0,548,5.250210762023926,7.896722316741943,10.409103393554688,0.0
2943338,N,III,10.700000000000001,617,1.6768097877502441,2.7173707485198975,4.993353843688965,0.0
2943338,N,III,130.8,7484,2.0471901893615723,3.883694887161255,11.52474594116211,0.0
2943380,Y,III,68.7,4165,18.68227767944336,32.74837875366211,46.89130783081055,0.19231692677070827
2943342,N,III,4.5,293,12.31716537475586,22.732370376586914,34.184478759765625,0.010238907849829351
2943343,N,III,14.0,900,9.467496871948242,15.846540451049805,26.158161163330078,0.0
2943352,Y,III,174.3,10436,17.313966751098633,30.924381256103516,44.55031967163086,0.11565733997700268
2943375,N,III,90.5,5551,6.839893817901611,10.965200424194336,24.86461067199707,0.0
2943369,Y,III,99.2,6428,18.654638290405273,34.97560501098633,49.662925720214844,0.17128189172370878
2943385,Y,IVS,62.0,4046,26.772247314453125,38.346275329589844,47.46879196166992,0.375185368264953
2943389,Y,III,52.0,2853,19.089641571044922,30.089481353759766,41.80936050415039,0.10304942166140904
2943424,N,III,24.5,1113,3.737011671066284,6.641936302185059,11.410842895507812,0.0
2943424,N,III,9.1,366,4.048303604125977,5.732051849365234,9.073159217834473,0.0
2943399,Y,III,205.0,12129,10.288302421569824,17.52298355102539,29.866596221923828,0.0
2943459,N,III,20.0,1385,9.877202033996582,18.594579696655273,33.10910415649414,0.0021660649819494585
2943423,N,III,20.0,1351,0.9108571410179138,1.2703126668930054,2.418424129486084,0.0
2943423,N,III,3.0,209,1.009193778038025,1.5127207040786743,2.630971670150757,0.0
2943457,N,III,20.0,1262,19.179784774780273,29.694847106933594,44.170692443847656,0.09112519809825674
2943398,Y,IVS,74.9,4750,21.216615676879883,36.75880813598633,55.46622848510742,0.18294736842105264
2943386,Y,IVS,36.1,2164,26.908178329467773,42.029571533203125,49.78683090209961,0.4121996303142329
2943397,Y,III,185.6,13694,18.93694496154785,30.707279205322266,52.208438873291016,0.11311523294873667
2943450,N,III,73.0,3999,15.500672340393066,24.988637924194336,40.980159759521484,0.02275568892223056
2943451,N,III,41.0,2437,16.700519561767578,26.74800682067871,41.14867401123047,0.043085761181780875
2943405,N,III,38.0,2100,1.8641679286956787,2.29817533493042,21.425155639648438,0.0
2943434,N,III,45.0,2661,7.356518268585205,20.74381446838379,32.99317932128906,0.012025554302893648
2943441,N,II,1.0,92,10.86415958404541,12.53609561920166,14.091978073120117,0.0
2943471,N,III,50.4,3074,11.894427299499512,20.703523635864258,36.64909744262695,0.016916070266753416
2943403,N,III,2.5,132,3.4700515270233154,7.809449195861816,11.637222290039062,0.0
2943403,N,III,4.3,323,4.07574462890625,8.982336044311523,13.396638870239258,0.0
2943460,N,III,15.0,903,9.156708717346191,18.864856719970703,33.494346618652344,0.008859357696566999
2943460,N,III,8.0,369,7.221127986907959,10.269645690917969,13.977315902709961,0.0
2943455,Y,III,127.0,7364,16.525188446044922,25.312557220458984,48.52834701538086,0.04114611624117327
2943455,Y,III,16.0,1036,12.6127290725708,25.815998077392578,34.32588195800781,0.029922779922779922
2943420,N,III,34.800000000000004,1909,1.1238356828689575,1.9064451456069946,10.867389678955078,0.0
2943443,N,II,67.4,4101,4.948481559753418,9.764554977416992,22.00686264038086,0.0
2943446,Y,III,133.2,8512,10.792448997497559,18.694786071777344,32.168094635009766,0.0007048872180451127
2943410,Y,III,73.0,4400,11.917668342590332,21.38918113708496,34.907203674316406,0.011363636363636364
2943488,Y,III,78.0,4653,22.632173538208008,34.49373245239258,44.70012664794922,0.24500322372662797
2943508,N,II,10.0,624,3.6706910133361816,6.007868766784668,8.44271469116211,0.0
2943501,Y,III,83.3,4737,15.480327606201172,22.372432708740234,33.25156784057617,0.008866371120962635
2943538,N,III,67.0,3896,3.637192964553833,6.708410263061523,16.130996704101562,0.0
2943520,Y,III,72.4,785,11.191680908203125,24.210357666015625,33.72443389892578,0.03694267515923567
2943518,Y,IVS,101.9,6220,32.12102127075195,41.243873596191406,65.31124877929688,0.6282958199356913
2943495,N,III,10.0,629,15.955639839172363,21.848928451538086,31.28506851196289,0.009538950715421303
2943487,N,III,37.0,2412,9.151232719421387,17.401979446411133,28.949800491333008,0.0
2943487,N,III,62.0,3854,5.535332679748535,9.372750282287598,15.325139045715332,0.0
2943487,N,III,44.0,2671,7.973346710205078,12.707213401794434,21.748371124267578,0.0
2943511,Y,III,41.2,2557,12.655961990356445,20.313016891479492,37.698638916015625,0.010559249120062574
2943507,N,III,29.0,1829,4.844722747802734,8.584953308105469,22.182567596435547,0.0
2943531,N,III,2.6,197,1.662613868713379,3.0060884952545166,4.0690016746521,0.0
2943531,N,III,8.0,491,1.2682784795761108,2.8300869464874268,4.861299991607666,0.0
2943513,Y,III,57.0,3411,11.274262428283691,25.53103256225586,40.389400482177734,0.04661389621811785
2943496,N,III,4.0,331,13.90544605255127,20.35923194885254,24.89801025390625,0.0
2943548,N,III,7.0,324,1.5141061544418335,3.3797309398651123,6.644830703735352,0.0
2943498,Y,III,57.800000000000004,3212,32.816524505615234,41.525203704833984,54.34722137451172,0.7347447073474471
2943498,Y,III,118.3,8517,21.778276443481445,33.18941116333008,45.93419647216797,0.19009040742045322
2943498,Y,III,2.0,260,28.548137664794922,34.43854904174805,41.249698638916016,0.39615384615384613
2943498,Y,III,79.0,4604,29.59231185913086,37.85040283203125,48.59953308105469,0.5314943527367506
2943562,Y,III,49.6,3148,36.899967193603516,44.61585235595703,56.49080276489258,0.8344980940279543
2943522,Y,III,88.7,5145,12.780227661132812,21.637386322021484,45.77358627319336,0.02585034013605442
2943522,Y,III,2.8000000000000003,191,17.178651809692383,34.700904846191406,47.4659423828125,0.13089005235602094
2943497,N,III,23.5,1428,12.600618362426758,22.893491744995117,34.667884826660156,0.0196078431372549
2943497,N,III,0.2,23,3.377622127532959,6.31593656539917,7.111837863922119,0.0
2943489,Y,III,101.0,5826,10.970354080200195,19.921459197998047,44.2236442565918,0.021455544112598694
2943491,Y,III,68.4,4036,15.053877830505371,22.60140037536621,31.660533905029297,0.0004955401387512388
2943519,N,III,86.9,5101,9.556153297424316,20.040327072143555,33.6880989074707,0.003136639874534405
2943541,Y,III,117.0,6873,16.92359161376953,33.03697967529297,50.260475158691406,0.134730103302779
2943515,N,III,0.5,79,11.210722923278809,19.403968811035156,27.331314086914062,0.0
2943515,N,III,6.4,341,24.818660736083984,30.617679595947266,32.88187789916992,0.1348973607038123
2943569,N,III,9.5,574,7.88161039352417,11.706335067749023,15.661916732788086,0.0
2943524,Y,III,24.400000000000002,4002,28.373180389404297,39.18838119506836,49.83671951293945,0.46351824087956023
2943532,Y,III,48.7,3012,21.759658813476562,28.71735954284668,39.35457992553711,0.0600929614873838
2943571,Y,IVS,50.800000000000004,3271,31.044567108154297,42.30972671508789,55.503013610839844,0.5872821767043718
2943564,Y,III,78.10000000000001,4906,25.48940658569336,34.63816833496094,42.14495086669922,0.3509987770077456
2943563,Y,III,74.3,4941,11.630058288574219,16.948192596435547,25.726789474487305,0.0
2943539,Y,III,109.5,6735,29.058528900146484,39.1907958984375,50.83454513549805,0.5153674832962138
2943570,N,III,12.0,808,7.261033535003662,11.345561027526855,15.633299827575684,0.0
2943555,N,III,59.5,3675,8.365323066711426,15.080904006958008,28.78078269958496,0.0
2943558,Y,III,143.0,8530,19.912206649780273,32.87952423095703,50.10664367675781,0.14759671746776085
2943558,Y,III,3.0,225,25.361528396606445,41.20928955078125,64.77589416503906,0.25333333333333335
2943537,N,III,35.0,2275,2.8831698894500732,5.253789901733398,13.32000732421875,0.0
2943599,N,III,52.0,2465,3.9802663326263428,6.01743221282959,11.469114303588867,0.0
2943581,N,III,58.0,3817,6.8488593101501465,14.561975479125977,24.58563804626465,0.0
2943598,Y,III,100.0,6090,26.455806732177734,39.4195556640625,52.850433349609375,0.4262725779967159
2943573,N,III,50.0,2344,1.8740142583847046,2.5559375286102295,38.76951217651367,0.007679180887372013
2943623,N,II,2.5,176,1.4056153297424316,1.9647624492645264,2.4578022956848145,0.0
2943617,N,III,6.0,347,14.83481216430664,27.932878494262695,34.683780670166016,0.05763688760806916
2943624,Y,III,132.0,6737,10.161789894104004,17.809144973754883,36.30482482910156,0.005343624758794715
2943590,Y,III,18.5,1246,20.063884735107422,28.467416763305664,39.191043853759766,0.05778491171749599
2943590,Y,III,10.3,671,17.32450294494629,25.439971923828125,32.56385803222656,0.011922503725782414
2943590,Y,III,65.7,3938,16.795839309692383,27.133691787719727,40.139747619628906,0.042153377348908075
2943650,N,II,6.6000000000000005,373,15.691712379455566,21.826868057250977,29.8216495513916,0.0
2943616,N,III,23.400000000000002,1500,8.769325256347656,16.562814712524414,32.37113952636719,0.009333333333333334
2943640,N,III,128.0,7519,5.112281799316406,10.390730857849121,23.33174705505371,0.0
2943635,Y,III,67.0,3358,10.826991081237793,28.105571746826172,42.3012580871582,0.07921381774865992
2943658,N,II,1.0,48,6.807506561279297,8.866056442260742,9.882991790771484,0.0
2943658,N,II,1.8,140,7.159757137298584,9.165729522705078,20.931135177612305,0.0
2943620,N,III,1.7,141,6.754840850830078,10.022136688232422,15.140615463256836,0.0
2943621,N,II,7.8,574,14.042951583862305,17.666934967041016,21.24360466003418,0.0
2943610,Y,III,37.0,2307,12.003668785095215,18.34596824645996,32.386966705322266,0.002167316861725184
2943651,N,II,5.0,331,3.4091081619262695,4.595869541168213,6.243277072906494,0.0
2943607,N,III,1.1,49,13.385461807250977,16.428207397460938,18.044496536254883,0.0
2943637,N,III,8.0,353,8.829854011535645,18.737485885620117,21.417800903320312,0.0
2943644,N,III,4.0,330,3.2936959266662598,3.833977460861206,4.2898268699646,0.0
2943644,N,III,4.0,213,3.091679334640503,3.5209927558898926,4.4082794189453125,0.0
2943644,N,III,2.0,217,4.686532020568848,5.540125370025635,5.870500087738037,0.0
2943655,N,III,35.0,2190,6.336006164550781,15.291499137878418,48.311729431152344,0.033789954337899546
2943675,N,III,27.6,1729,7.262540340423584,11.68430233001709,17.966386795043945,0.0
2943669,N,III,12.0,777,11.459062576293945,17.9503116607666,27.46433448791504,0.0
2943676,N,III,72.10000000000001,4605,10.373331069946289,17.754533767700195,28.36060905456543,0.0
2943697,Y,III,22.0,1513,14.808279037475586,23.50216293334961,42.585487365722656,0.024454725710508923
2943697,Y,III,44.0,2849,9.015769004821777,15.538414001464844,29.36273956298828,0.0
2943697,Y,III,36.0,2343,14.31009292602539,24.9156494140625,38.2995719909668,0.02390098164746052
2943686,N,III,10.0,579,2.874356508255005,4.2762322425842285,6.124976634979248,0.0
2943667,Y,IVS,33.2,2266,21.0411319732666,36.523345947265625,47.66069412231445,0.2528684907325684
2943691,Y,III,10.0,722,12.208348274230957,19.437759399414062,25.943294525146484,0.0
2943691,Y,III,37.800000000000004,1813,12.1416654586792,23.643741607666016,33.98757553100586,0.01709873138444567
2943717,Y,III,31.900000000000002,1961,27.483720779418945,37.354400634765625,47.559165954589844,0.39877613462519124
2943695,N,III,8.0,439,14.860231399536133,24.715694427490234,37.89850616455078,0.04783599088838269
2943731,Y,III,92.5,5898,17.021102905273438,25.056903839111328,39.05791473388672,0.020684977958630044
2943723,N,III,5.0,391,15.366058349609375,24.343290328979492,29.374248504638672,0.0
2943711,Y,III,73.5,608,21.876441955566406,32.43983459472656,40.85031509399414,0.1924342105263158
2943740,Y,III,60.7,3818,9.128440856933594,16.169334411621094,29.50676155090332,0.0
2943727,N,III,3.0,128,20.996736526489258,34.3000602722168,41.0521354675293,0.2109375
2943728,N,III,12.0,823,13.619606018066406,29.88347625732422,33.305606842041016,0.09963547995139732
2943776,Y,III,89.0,5362,14.25570297241211,23.11524772644043,40.658966064453125,0.00876538604998135
2943800,N,III,4.0,166,1.5540286302566528,2.8060665130615234,5.418803691864014,0.0
2943800,N,III,0.5,32,1.8692364692687988,3.675755739212036,5.013720512390137,0.0
2943800,N,III,13.0,815,1.1087597608566284,2.4415903091430664,13.571590423583984,0.0
2943800,N,III,9.0,355,4.713829517364502,11.572525024414062,20.346792221069336,0.0
2943800,N,III,5.0,316,1.7908825874328613,4.50356388092041,12.20199203491211,0.0
2943766,Y,III,18.0,991,11.361713409423828,16.829980850219727,37.73175811767578,0.05348133198789102
2943763,Y,IVS,83.3,5047,34.820640563964844,43.73992919921875,55.223331451416016,0.768377253814147
2943793,N,III,5.0,492,7.178962230682373,8.830917358398438,10.432160377502441,0.0
2943793,N,III,12.0,670,4.94068717956543,6.954068660736084,11.026948928833008,0.0
2943780,Y,III,85.0,5123,8.453690528869629,12.822029113769531,25.285381317138672,0.0
2943782,N,III,37.0,2264,0.9140992760658264,1.7256193161010742,4.706658363342285,0.0
2943761,Y,III,105.8,6526,25.668441772460938,39.79570007324219,58.13417434692383,0.33879865154765554
2943779,N,III,8.5,560,3.2586917877197266,6.388613700866699,10.985901832580566,0.0
2943745,N,III,20.5,2334,10.103666305541992,22.88427734375,32.5459098815918,0.008140531276778063
2943745,N,III,1.8,140,2.1755475997924805,3.0807929039001465,3.5912671089172363,0.0
2943785,Y,IVS,80.2,5005,20.203527450561523,29.176910400390625,40.49238967895508,0.07452547452547452
2943785,Y,IVS,13.700000000000001,853,19.746809005737305,28.83096694946289,40.64438247680664,0.06799531066822978
2943808,N,III,65.0,756,11.046448707580566,17.391714096069336,24.547910690307617,0.0
2943764,Y,III,36.2,2255,29.56340789794922,41.60361862182617,51.21440887451172,0.5095343680709534
2943783,N,III,8.8,286,1.6126375198364258,2.6713509559631348,3.0964362621307373,0.0
2943783,N,III,4.3,546,2.1050527095794678,3.1956100463867188,5.173287391662598,0.0
2943821,Y,III,49.0,3144,15.102853775024414,25.39206314086914,37.86929702758789,0.031170483460559797
2943748,Y,III,49.0,2976,11.978387832641602,18.627944946289062,27.904151916503906,0.0
2943819,Y,IVS,109.5,6754,33.12472152709961,42.31720733642578,55.68025207519531,0.7126147468167012
2943809,Y,III,89.0,5366,14.745527267456055,28.108871459960938,45.93392562866211,0.07827059262020127
2943762,Y,III,68.60000000000001,4233,19.032793045043945,28.79392433166504,40.113800048828125,0.0720529175525632
2943820,Y,III,36.7,2325,12.01950740814209,20.718713760375977,33.938629150390625,0.0064516129032258064
2943820,Y,III,38.7,2362,19.205625534057617,29.751415252685547,37.44863510131836,0.09483488569009314
2943751,N,III,25.0,871,6.820174694061279,9.303033828735352,21.614986419677734,0.0
2943797,Y,IVS,39.4,2441,31.392290115356445,41.33639144897461,56.190032958984375,0.6042605489553462
2943799,N,III,65.0,2364,20.766860961914062,38.966796875,57.992576599121094,0.16032148900169205
2943823,Y,III,42.7,2681,24.400056838989258,34.35371780395508,41.244300842285156,0.36963819470346887
2943849,N,III,36.2,2284,15.69399356842041,28.066970825195312,41.43450927734375,0.06873905429071804
2943874,Y,III,30.0,985,9.39908504486084,14.57258129119873,19.634475708007812,0.0
2943853,N,III,15.0,995,12.761216163635254,21.804506301879883,43.695289611816406,0.01407035175879397
2943838,Y,III,94.3,5973,15.461015701293945,33.342552185058594,58.48856735229492,0.131592164741336
2943841,Y,III,72.60000000000001,4416,8.80491828918457,14.156597137451172,30.318363189697266,0.0004528985507246377
2943824,Y,III,94.8,5867,22.17644500732422,32.755767822265625,55.25368881225586,0.18169422191920914
2943822,Y,IVS,73.7,4650,33.98493957519531,43.81700897216797,53.193878173828125,0.7212903225806452
2943878,N,II,6.0,351,9.188980102539062,12.343173027038574,15.031603813171387,0.0
2943861,Y,III,45.0,3777,10.431730270385742,19.0450382232666,32.15083694458008,0.0021180831347630395
2943850,Y,III,45.5,673,10.11473560333252,17.353012084960938,36.23707580566406,0.007429420505200594
2943870,Y,III,121.0,7289,15.962958335876465,28.732818603515625,51.45695877075195,0.07957195774454658
2943886,Y,III,97.3,5940,12.855100631713867,22.322731018066406,46.62387466430664,0.038047138047138045
2943830,N,III,6.0,388,18.870105743408203,29.13488006591797,39.39056396484375,0.08505154639175258
2943890,Y,III,59.0,3863,17.61663055419922,29.4502010345459,43.174922943115234,0.08646129950815429
2943857,N,III,1.0,73,3.638279676437378,7.507519721984863,14.17784309387207,0.0
2943857,N,III,36.0,2172,2.948413848876953,6.510651111602783,16.817150115966797,0.0
2943857,N,III,2.0,60,3.1899938583374023,5.433511257171631,8.47369384765625,0.0
2943859,N,III,35.0,2673,4.4469499588012695,12.223209381103516,27.9007511138916,0.0
2943891,Y,III,29.5,1852,14.993600845336914,23.39975929260254,40.053077697753906,0.055615550755939526
2943876,N,III,4.1,252,1.5968923568725586,2.40948224067688,9.874506950378418,0.0
2943846,N,III,9.0,576,10.786540031433105,15.813081741333008,25.735301971435547,0.0
2943837,Y,III,93.2,5545,22.448728561401367,32.40848159790039,48.19718551635742,0.16266907123534716
2943910,Y,III,120.0,7108,15.337133407592773,27.374042510986328,45.0484619140625,0.0723128868880135
2943933,Y,III,2.5,168,14.85832691192627,24.319055557250977,34.90494155883789,0.03571428571428571
2943933,Y,III,42.5,2626,10.83573055267334,17.32913589477539,33.73212432861328,0.003427265803503427
2943933,Y,III,44.0,2820,10.171005249023438,18.345090866088867,35.962852478027344,0.0070921985815602835
2943937,Y,III,30.3,1780,13.864893913269043,27.873958587646484,37.39767837524414,0.062359550561797754
2943937,Y,III,54.6,3218,7.302394866943359,13.609081268310547,32.38203811645508,0.0018645121193287756
2943937,Y,III,2.7,203,4.88656759262085,8.397096633911133,18.66388702392578,0.0
2943937,Y,III,85.3,5150,12.00471305847168,27.21940803527832,40.755306243896484,0.06466019417475728
2943937,Y,III,9.9,657,6.498353004455566,12.431955337524414,26.735729217529297,0.0
2943937,Y,III,16.6,1057,5.836520195007324,9.759833335876465,26.781452178955078,0.0
2943921,N,III,6.0,308,3.6560704708099365,5.916599750518799,10.307149887084961,0.0
2943929,N,III,35.0,1793,4.012028694152832,9.801711082458496,34.633522033691406,0.004461795872838818
2943940,Y,III,21.0,1310,18.896194458007812,26.173173904418945,36.508453369140625,0.019083969465648856
2943940,Y,III,4.5,299,25.127676010131836,31.219160079956055,35.006717681884766,0.14046822742474915
2943940,Y,III,3.5,281,14.262809753417969,23.858827590942383,31.956256866455078,0.017793594306049824
2943940,Y,III,15.0,877,13.778833389282227,22.8647518157959,38.25446319580078,0.02280501710376283
2943909,N,III,15.0,891,10.195698738098145,18.472610473632812,26.154264450073242,0.0
2943957,N,III,36.0,2108,13.01513957977295,17.974123001098633,28.784381866455078,0.0
2943962,Y,III,99.7,6239,17.38064193725586,27.080856323242188,38.18777084350586,0.04103221670139445
2943930,N,III,15.0,900,1.7716505527496338,2.760265827178955,3.8100388050079346,0.0
2943920,N,III,2.0,204,16.15998077392578,31.24179458618164,37.15644454956055,0.13725490196078433
2943918,N,III,6.0,788,2.036219358444214,3.061448335647583,4.746842384338379,0.0
2943917,N,III,0.8,82,5.095004081726074,7.4605183601379395,9.6688871383667,0.0
2943917,N,III,10.4,661,1.1460928916931152,1.9795461893081665,3.1878321170806885,0.0
2943917,N,III,8.9,569,1.8726375102996826,3.8468892574310303,10.189496040344238,0.0
2943954,N,III,3.0,270,11.91656494140625,16.490324020385742,21.072885513305664,0.0
2943975,Y,III,74.0,4470,20.97154426574707,29.466196060180664,46.47758483886719,0.08791946308724832
2943967,Y,III,97.0,6116,16.371906280517578,25.532073974609375,38.40666198730469,0.022727272727272728
2943943,N,II,4.9,322,1.1641124486923218,1.901821255683899,3.8024532794952393,0.0
2943960,Y,III,23.7,1525,25.283557891845703,35.016048431396484,42.123779296875,0.3344262295081967
2943964,Y,IVS,69.60000000000001,4241,25.903276443481445,38.15550231933594,48.27497482299805,0.4034425842961566
2943941,Y,III,66.0,4117,13.495377540588379,22.369770050048828,41.283512115478516,0.014573718727228565
2943941,Y,III,60.0,3844,16.976463317871094,26.629926681518555,36.45977020263672,0.034079084287200835
2943941,Y,III,15.0,903,13.535573959350586,20.773466110229492,25.841325759887695,0.0
2943942,N,III,9.8,624,1.3399262428283691,2.581714391708374,4.909871578216553,0.0
2943952,Y,III,25.2,1504,26.315387725830078,37.78836441040039,41.9599723815918,0.3776595744680851
2943914,N,III,20.0,1190,2.7345752716064453,4.10335636138916,5.800491809844971,0.0
2943978,N,III,43.5,2724,8.05576229095459,13.93238353729248,28.426515579223633,0.0
2943955,N,III,4.0,272,8.746785163879395,15.137799263000488,26.408649444580078,0.0
2943955,N,III,9.200000000000001,631,3.1766397953033447,5.039172172546387,14.121696472167969,0.0
2943976,Y,III,130.0,7516,11.753105163574219,21.344934463500977,38.79279708862305,0.00758382118147951
2943951,N,III,30.0,2233,2.5273220539093018,4.8897223472595215,10.71474552154541,0.0
2943977,N,III,96.0,5774,15.017330169677734,26.59925651550293,41.277801513671875,0.04035330793210946
2943987,Y,III,77.8,4735,18.08846092224121,31.148761749267578,52.24867248535156,0.11995776135163674
2943982,Y,III,90.4,5894,11.157167434692383,20.51741600036621,42.7889404296875,0.014421445537835087
2944017,Y,III,48.0,2905,24.271318435668945,35.9581184387207,51.67090606689453,0.28158347676419965
2944025,N,III,130.0,7533,11.88288402557373,25.167091369628906,41.10369873046875,0.038762777114031595
2944052,N,III,1.5,124,1.2744709253311157,2.036437511444092,3.8886160850524902,0.0
2944033,Y,III,45.6,2726,15.386747360229492,21.579086303710938,31.750469207763672,0.0011005135730007337
2944033,Y,III,2.9,217,10.575602531433105,16.032752990722656,23.70995330810547,0.0
2944033,Y,III,14.1,903,8.931416511535645,16.3469295501709,31.883159637451172,0.0022148394241417496
2944033,Y,III,1.9000000000000001,99,13.473154067993164,22.451454162597656,26.674423217773438,0.0
2944033,Y,III,122.4,7227,15.651677131652832,24.787572860717773,44.30508804321289,0.0243531202435312
2944033,Y,III,48.0,2935,10.742635726928711,24.008419036865234,38.66299819946289,0.037819420783645655
2944033,Y,III,88.7,5069,15.666434288024902,24.502822875976562,42.28041458129883,0.024067863483921877
2944033,Y,III,0.5,38,18.948883056640625,22.866344451904297,25.662073135375977,0.0
2944033,Y,III,0.4,33,19.136810302734375,24.43684196472168,26.1267147064209,0.0
2944033,Y,III,137.20000000000002,7828,16.92508316040039,27.459604263305664,39.730262756347656,0.054420030659172204
2944033,Y,III,165.0,9607,15.031015396118164,23.78908348083496,42.426395416259766,0.021754970334131363
2944033,Y,III,194.1,11108,15.740153312683105,26.025556564331055,39.05403518676758,0.04915376305365502
2944033,Y,III,69.2,3989,20.720491409301758,35.04670333862305,45.80520248413086,0.1865129105038857
2944033,Y,III,132.5,7747,20.079252243041992,31.813596725463867,44.91267395019531,0.1564476571576094
2944033,Y,III,11.200000000000001,609,12.592268943786621,19.434741973876953,28.015422821044922,0.0
2944033,Y,III,6.1000000000000005,413,16.66393280029297,28.988433837890625,38.377140045166016,0.08232445520581114
2944033,Y,III,0.1,28,17.034807205200195,24.538312911987305,26.1267147064209,0.0
2943993,Y,IVS,90.0,5869,11.7189359664917,26.990345001220703,41.07200622558594,0.06593968308059295
2944047,Y,III,16.0,1045,12.168708801269531,19.212568283081055,34.077552795410156,0.003827751196172249
2944036,Y,III,93.9,5886,31.479751586914062,39.60088348388672,53.6129264831543,0.6247026843357119
2944009,Y,III,62.5,3674,24.421621322631836,36.10688400268555,49.40610885620117,0.38105606967882416
2944038,Y,IVS,93.2,5849,28.15835952758789,39.111656188964844,57.16755676269531,0.46093349290477004
2944037,Y,III,47.0,3029,8.687233924865723,12.41502571105957,21.56644630432129,0.0
2943994,N,III,50.0,4103,6.542125225067139,19.777698516845703,45.73246383666992,0.045576407506702415
2943994,N,III,51.0,3452,8.298824310302734,18.38239097595215,35.96282958984375,0.004924681344148319
2944061,Y,III,43.2,2707,18.347068786621094,27.195903778076172,39.16330337524414,0.0384189139268563
2944061,Y,III,25.0,1592,21.061508178710938,30.192787170410156,40.550350189208984,0.1092964824120603
2944032,Y,III,157.0,9500,12.53360652923584,20.422258377075195,32.64655303955078,0.0016842105263157896
2944032,Y,III,5.0,336,11.819544792175293,13.769137382507324,18.004980087280273,0.0
2944016,Y,III,112.0,6442,17.16281509399414,26.948122024536133,44.902164459228516,0.06442098727103385
2944041,N,III,59.7,3666,8.186203002929688,17.49581527709961,44.247596740722656,0.010638297872340425
2943989,N,III,18.0,1209,5.605428218841553,9.676127433776855,16.079256057739258,0.0
2943995,N,III,3.5,204,1.2066943645477295,2.1319806575775146,2.8874189853668213,0.0
2943995,N,III,63.0,3537,11.180237770080566,27.651338577270508,36.876686096191406,0.060503251342946
2943988,N,III,10.0,585,18.83747673034668,26.7626953125,40.864723205566406,0.04786324786324787
2944003,Y,II,118.4,7015,15.621792793273926,26.208114624023438,42.9942626953125,0.04091233071988596
2944039,Y,III,107.8,6616,11.373141288757324,19.645673751831055,38.05458450317383,0.0036275695284159614
2944045,Y,III,42.0,2780,11.413322448730469,22.908275604248047,36.908748626708984,0.024820143884892086
2944045,Y,III,85.0,4842,13.094837188720703,22.14886474609375,35.96601867675781,0.0187938868236266
2944049,Y,III,66.0,3843,19.46109390258789,31.938013076782227,53.00644302368164,0.14571948998178508
2943990,N,III,46.0,2830,2.85870099067688,5.069001197814941,26.83758544921875,0.0
2944051,N,III,11.3,740,3.2170984745025635,8.182132720947266,28.239166259765625,0.0
2944051,N,III,5.1000000000000005,332,9.128490447998047,19.713302612304688,27.271827697753906,0.0
2944051,N,III,4.3,297,8.138590812683105,20.394514083862305,26.077590942382812,0.0
2944056,Y,III,24.400000000000002,357,12.70297622680664,19.420053482055664,25.0396785736084,0.0
2944028,Y,III,86.0,5866,24.82368278503418,35.32358169555664,46.304344177246094,0.2881009205591544
2944034,Y,III,5.3,377,4.6961350440979,12.62981128692627,28.265247344970703,0.0
2944034,Y,III,15.700000000000001,903,3.2283527851104736,10.289995193481445,20.2109317779541,0.0
2944125,N,III,16.0,960,9.879181861877441,17.053171157836914,25.705543518066406,0.0
2944125,N,III,5.0,355,7.733521461486816,14.289544105529785,22.950937271118164,0.0
2944100,Y,III,40.0,2690,27.484174728393555,38.3832893371582,48.448184967041016,0.42936802973977695
2944075,Y,III,51.0,3034,12.613407135009766,24.035484313964844,42.32649230957031,0.04680290046143705
2944075,Y,III,42.6,2597,14.401126861572266,25.35629653930664,47.488807678222656,0.030804774740084712
2944095,Y,III,70.0,4090,18.705156326293945,33.33647918701172,46.8829231262207,0.1921760391198044
2944091,Y,III,79.5,6015,16.96575927734375,26.79041290283203,45.070987701416016,0.051371571072319204
2944076,N,III,202.0,11521,25.623655319213867,39.9070930480957,54.179534912109375,0.4113358215432688
2944076,N,III,250.0,14064,22.414995193481445,36.40334701538086,54.18191146850586,0.23727246871444824
2944073,N,III,1.5,128,13.59564208984375,18.421796798706055,20.897817611694336,0.0
2944073,N,III,1.0,71,6.351532936096191,13.66036319732666,18.753440856933594,0.0
2944087,Y,III,64.1,3479,25.5881404876709,37.386138916015625,52.9805793762207,0.2977867203219316
2944099,Y,III,84.3,5105,15.011085510253906,26.060894012451172,43.26832580566406,0.04466209598432909
2944144,Y,III,66.7,3953,11.22529125213623,19.225614547729492,38.45208740234375,0.012395648874272705
2944133,N,III,31.0,2316,2.1689507961273193,3.3257784843444824,8.903504371643066,0.0
2944110,N,III,1.7,155,11.156414031982422,26.948339462280273,38.9304084777832,0.07741935483870968
2944150,Y,III,90.5,5373,18.98813247680664,31.30845069885254,47.74187088012695,0.13325888702773125
2944218,N,III,7.0,350,8.654975891113281,16.425039291381836,25.413114547729492,0.0
2944210,N,III,8.0,480,9.174779891967773,15.015313148498535,23.25166893005371,0.0
2944210,N,III,1.0,39,7.372827053070068,8.167961120605469,8.664063453674316,0.0
2944210,N,III,4.0,201,8.869291305541992,12.445816040039062,21.612464904785156,0.0
2944210,N,III,5.0,218,15.988420486450195,22.561948776245117,28.386558532714844,0.0
2944183,Y,III,29.400000000000002,1894,13.8126859664917,24.71613311767578,38.213157653808594,0.034318901795142555
2944191,N,III,52.7,3222,10.25986099243164,20.407947540283203,36.44552230834961,0.012104283054003724
2944169,N,III,20.0,1209,6.916372776031494,9.521495819091797,14.491354942321777,0.0
2944146,Y,III,145.1,8607,15.638559341430664,26.796289443969727,43.026912689208984,0.04810038340885326
2944192,Y,III,62.0,3833,9.046138763427734,13.999295234680176,36.89826965332031,0.009913905557004957
2944224,N,III,3.0,250,12.518166542053223,18.31922149658203,23.75397300720215,0.0
2944224,N,III,27.0,1528,8.41916561126709,14.082283020019531,25.60161590576172,0.0
2944224,N,III,13.0,877,4.959256649017334,8.653426170349121,13.81219482421875,0.0
2944208,N,III,3.0,277,1.1733548641204834,2.057079315185547,4.738620758056641,0.0
2944153,N,III,24.0,749,1.1063612699508667,1.9680423736572266,4.4417877197265625,0.0
2944153,N,III,20.0,758,2.411116123199463,4.575854778289795,8.405672073364258,0.0
2944153,N,III,27.0,1338,2.2640068531036377,4.586976528167725,10.166428565979004,0.0
2944153,N,III,24.0,583,7.947839260101318,25.750532150268555,30.678434371948242,0.003430531732418525
2944153,N,III,18.0,585,3.7053961753845215,5.3428850173950195,10.643976211547852,0.0
2944153,N,III,18.0,670,12.718862533569336,25.777339935302734,32.97630310058594,0.011940298507462687
2944182,N,III,9.0,553,11.261405944824219,20.765792846679688,32.655094146728516,0.014466546112115732
2944202,N,III,30.0,1735,9.865952491760254,23.431764602661133,37.70891571044922,0.027089337175792507
2944184,Y,III,36.7,2036,10.696098327636719,18.756187438964844,31.254674911499023,0.0009823182711198428
2944170,Y,III,71.0,4585,11.315536499023438,19.550521850585938,36.27152633666992,0.003925845147219193
2944170,Y,III,89.0,5723,6.962982654571533,11.707037925720215,20.431428909301758,0.0
2944152,N,III,1.0,72,12.164790153503418,15.612346649169922,16.6129207611084,0.0
2944152,N,III,4.0,312,5.49504280090332,7.919490814208984,11.725707054138184,0.0
2944196,Y,III,22.0,1276,20.141727447509766,32.83335876464844,48.15799331665039,0.1841692789968652
2944196,Y,III,4.1,277,22.097482681274414,32.295169830322266,43.79879379272461,0.16967509025270758
2944196,Y,III,71.0,4053,20.302040100097656,33.12795639038086,69.37556457519531,0.14853195164075994
2944196,Y,III,14.200000000000001,887,21.762014389038086,30.086341857910156,43.050601959228516,0.10484780157835401
2944196,Y,III,7.1000000000000005,460,36.31317901611328,48.583335876464844,53.30958557128906,0.7195652173913043
2944196,Y,III,85.2,4799,29.57756233215332,41.221229553222656,55.86724090576172,0.531569076891019
2944186,Y,III,51.5,3200,9.898459434509277,16.26597785949707,30.22171974182129,0.0003125
2944165,N,III,8.0,427,4.492605686187744,7.564518451690674,9.871662139892578,0.0
2944158,N,III,5.0,614,1.9620572328567505,2.773747682571411,3.7271230220794678,0.0
2944151,Y,III,20.3,1336,10.872224807739258,19.459314346313477,35.512451171875,0.01122754491017964
2944163,Y,III,79.8,5085,15.223057746887207,25.80233383178711,42.035099029541016,0.043264503441494594
2944171,Y,III,92.0,5593,16.35966682434082,26.787334442138672,41.12091827392578,0.04630788485607009
2944171,Y,III,33.0,2145,17.523801803588867,25.759239196777344,37.33081817626953,0.02564102564102564
2944200,N,III,5.7,379,11.87668228149414,15.822307586669922,22.370344161987305,0.0
2944200,N,III,20.0,1378,12.678092002868652,20.83439064025879,28.17777442932129,0.0
2944177,N,III,1.5,60,9.452277183532715,12.536264419555664,26.136863708496094,0.0
2944168,N,III,3.0,193,1.3909941911697388,2.6155288219451904,3.2786524295806885,0.0
2944168,N,III,10.0,126,1.2524349689483643,2.178069591522217,4.030148506164551,0.0
2944168,N,III,15.0,1639,1.1893552541732788,2.113271474838257,3.7106103897094727,0.0
2944156,N,III,70.0,6379,21.44244384765625,32.62674331665039,49.44153594970703,0.169775826932121
2944166,Y,III,25.6,1680,10.374009132385254,17.046653747558594,29.617555618286133,0.0
2944164,N,II,10.0,620,10.109140396118164,15.82266616821289,21.221601486206055,0.0
2944207,N,III,2.5,140,0.5250450968742371,0.7477114200592041,0.8569810390472412,0.0
2944187,N,III,37.7,2330,17.971355438232422,27.819721221923828,38.73806381225586,0.05965665236051502
2944167,N,III,1.5,141,2.7915878295898438,4.010990619659424,10.113364219665527,0.0
2944212,Y,IVS,79.9,5264,25.83734703063965,37.53912353515625,49.35567092895508,0.37272036474164133
2944217,N,III,7.0,376,7.359588146209717,13.460922241210938,22.88594627380371,0.0
2944217,N,III,50.0,3322,9.493911743164062,16.151681900024414,33.19498825073242,0.006622516556291391
2944199,N,III,14.0,1058,11.648807525634766,23.290206909179688,28.773134231567383,0.0
2944239,N,III,0.3,27,4.846087455749512,11.053763389587402,12.672143936157227,0.0
2944239,N,III,2.4,150,7.764195919036865,12.248507499694824,15.60456371307373,0.0
2944239,N,III,1.0,89,14.89741325378418,22.91775131225586,26.103160858154297,0.0
2944239,N,III,2.3000000000000003,153,13.527862548828125,17.134809494018555,21.58584976196289,0.0
2944239,N,III,0.3,20,12.823870658874512,13.843708992004395,14.318095207214355,0.0
2944239,N,III,1.0,76,9.991065979003906,13.166180610656738,19.53217124938965,0.0
2944261,Y,III,68.5,4365,14.852972984313965,27.11631202697754,45.198848724365234,0.05131729667812142
2944264,N,III,9.6,618,2.8025906085968018,6.7184906005859375,23.938751220703125,0.0
2944259,N,II,2.0,115,12.047821044921875,20.107223510742188,26.969013214111328,0.0
2944259,N,II,1.0,82,14.987903594970703,26.771013259887695,30.6380558013916,0.024390243902439025
2944268,Y,III,104.2,6165,15.87589168548584,27.265796661376953,40.80275344848633,0.04882400648824006
2944268,Y,III,11.3,774,21.19832992553711,29.99038314819336,33.592437744140625,0.10077519379844961
2944277,N,III,122.0,7072,8.093755722045898,14.007115364074707,33.527339935302734,0.003110859728506787
2944236,N,III,8.0,396,13.275686264038086,24.215564727783203,30.031431198120117,0.0025252525252525255
2944236,N,III,2.0,35,16.636066436767578,25.4904727935791,26.452409744262695,0.0
2944292,Y,III,46.0,3028,11.61038875579834,18.39429473876953,33.69704055786133,0.005614266842800529
2944287,N,III,40.0,2705,11.22126293182373,23.53268814086914,32.199520111083984,0.006284658040665434
2944287,N,III,2.0,132,9.064563751220703,14.53150749206543,18.377958297729492,0.0
2944287,N,III,80.0,5389,8.992006301879883,20.67494010925293,33.62188720703125,0.0035257005010205975
2944254,Y,III,63.4,3903,10.29625415802002,17.729780197143555,36.47331619262695,0.009479887266205482
2944266,Y,III,27.0,1932,18.24814796447754,28.445459365844727,35.9208984375,0.06314699792960662
2944266,Y,III,90.0,5716,19.91048240661621,31.811607360839844,48.3484992980957,0.14555633310007
2944266,Y,III,22.0,1425,14.496219635009766,21.799909591674805,29.036972045898438,0.0
2944266,Y,III,10.0,656,10.896079063415527,18.61672019958496,25.885251998901367,0.0
2944266,Y,III,66.0,4264,12.068330764770508,20.848003387451172,36.70777893066406,0.019934333958724203
2944266,Y,III,34.0,2320,24.737796783447266,38.2482795715332,52.05122756958008,0.35517241379310344
2944279,Y,III,90.2,5488,19.16075897216797,28.533714294433594,41.938751220703125,0.07489067055393586
2944232,N,III,39.300000000000004,2238,4.356301784515381,8.372664451599121,33.802734375,0.0013404825737265416
2944281,Y,III,136.4,8525,11.617073059082031,19.799840927124023,36.787235260009766,0.007038123167155425
2944297,N,III,13.0,831,16.888065338134766,26.95644760131836,38.81410217285156,0.06257521058965103
2944294,Y,III,48.300000000000004,2939,13.4561185836792,23.674922943115234,34.73368453979492,0.02279686968356584
2944289,N,III,7.8,500,1.0013439655303955,1.9962003231048584,4.479203701019287,0.0
2944296,N,III,9.0,771,9.491040229797363,14.476052284240723,20.843505859375,0.0
2944296,N,III,3.0,248,12.414176940917969,23.03084945678711,30.755430221557617,0.012096774193548387
2944275,N,II,2.0,91,2.9249918460845947,3.894970655441284,5.0251617431640625,0.0
2944285,Y,III,122.0,6655,23.73896026611328,35.80647659301758,50.6037712097168,0.3361382419233659
2944356,N,III,3.7,221,14.777656555175781,21.814624786376953,26.359336853027344,0.0
2944356,N,III,19.0,1238,3.249849319458008,7.806663990020752,22.630634307861328,0.0
2944356,N,III,67.0,3994,4.538193702697754,10.519037246704102,24.083765029907227,0.0
2944356,N,III,18.6,1145,14.651690483093262,25.92411994934082,33.22673797607422,0.01921397379912664
2944356,N,III,18.3,1249,5.840385437011719,14.697123527526855,22.82472801208496,0.0
2944381,N,III,5.0,239,4.446357727050781,6.807537078857422,16.590129852294922,0.0
2944339,N,III,40.0,2314,6.804225444793701,9.70227336883545,26.265520095825195,0.0
2944339,N,III,30.0,2611,8.61528491973877,17.804895401000977,34.580528259277344,0.005744925315970892
2944339,N,III,95.0,4584,8.41870403289795,13.707170486450195,25.684263229370117,0.0
2944339,N,III,90.0,3859,13.228937149047852,25.955434799194336,39.716468811035156,0.048717284270536405
2944360,Y,III,9.0,557,21.106225967407227,32.64067459106445,45.08610534667969,0.1561938958707361
2944360,Y,III,3.0,184,25.213638305664062,31.08323097229004,36.46236801147461,0.20652173913043478
2944360,Y,III,31.0,1862,13.604809761047363,20.313129425048828,27.75942611694336,0.0
2944360,Y,III,35.0,2106,15.629570007324219,25.35594940185547,37.59535598754883,0.05555555555555555
2944373,Y,III,54.300000000000004,3485,11.36235237121582,25.858606338500977,41.47285079956055,0.05308464849354376
2944357,Y,III,53.6,3104,9.833162307739258,19.46841049194336,33.34250259399414,0.0022551546391752575
2944357,Y,III,27.5,1664,13.72249984741211,22.23461151123047,35.29854202270508,0.01622596153846154
2944304,N,III,87.0,5045,12.86682415008545,24.124025344848633,38.778751373291016,0.034489593657086225
2944308,N,III,32.5,1813,15.21580696105957,23.011974334716797,38.536922454833984,0.026475455046883617
2944308,N,III,2.1,142,11.880355834960938,20.459068298339844,25.218599319458008,0.0
2944308,N,III,13.4,819,13.721220970153809,21.105701446533203,40.8791389465332,0.03663003663003663
2944351,N,III,5.0,240,6.9274725914001465,8.84817886352539,9.854503631591797,0.0
2944358,Y,III,24.3,1526,15.047957420349121,22.694286346435547,34.05304718017578,0.007863695937090432
2944358,Y,III,4.6000000000000005,306,17.417625427246094,24.21904754638672,26.802494049072266,0.0
2944358,Y,III,4.0,278,9.5121431350708,16.769546508789062,25.436765670776367,0.0
2944358,Y,III,27.8,1690,17.52227783203125,27.82329559326172,37.53464126586914,0.06390532544378698
2944374,N,III,39.0,2310,4.642780780792236,6.163991928100586,12.963041305541992,0.0
2944333,N,III,42.0,2353,9.953814506530762,17.654651641845703,30.591520309448242,0.0008499787505312367
2944311,N,III,4.7,528,8.360978126525879,14.632481575012207,20.992088317871094,0.0
2944311,N,III,65.2,4009,5.9674763679504395,10.649015426635742,19.088802337646484,0.0
2944311,N,III,88.10000000000001,5520,8.413423538208008,13.222153663635254,24.262893676757812,0.0
2944315,Y,III,104.5,6658,11.178817749023438,19.63689613342285,34.41419982910156,0.004806248122559327
2944336,N,III,3.6,226,3.1355819702148438,5.682186126708984,8.447591781616211,0.0
2944335,N,III,14.0,876,3.5289294719696045,8.06779956817627,12.716412544250488,0.0
2944335,N,III,6.0,486,2.478330612182617,4.016541481018066,8.01097583770752,0.0
2944364,Y,III,32.0,1610,15.111037254333496,24.56896209716797,34.323429107666016,0.02298136645962733
2944370,N,III,30.0,1583,13.093486785888672,20.070898056030273,27.937589645385742,0.0
2944370,N,III,30.0,939,11.284764289855957,19.156694412231445,30.57965850830078,0.0010649627263045794
2944365,Y,IVG,4.5,256,2.40195369720459,4.9569244384765625,10.112191200256348,0.0
2944346,Y,III,206.9,13088,12.303871154785156,21.81924819946289,53.1221923828125,0.028346577017114915
2944363,N,III,66.0,3800,1.2612601518630981,2.0007259845733643,3.6428775787353516,0.0
2944354,N,III,1.8,169,9.81865119934082,12.340937614440918,23.73005485534668,0.0
2944354,N,III,9.200000000000001,712,4.976043224334717,9.4180269241333,13.312149047851562,0.0
2944354,N,III,35.0,2043,11.221705436706543,16.85044288635254,27.444814682006836,0.0
2944361,N,III,1.5,53,16.13011360168457,29.97642707824707,32.785118103027344,0.11320754716981132
2944361,N,III,1.0,24,16.633214950561523,27.263002395629883,29.156999588012695,0.0
2944371,N,III,29.0,1618,11.489339828491211,20.524700164794922,34.64613342285156,0.006180469715698393
2944371,N,III,4.0,191,8.022908210754395,14.653626441955566,23.91611671447754,0.0
2944371,N,III,38.0,2196,5.349383354187012,9.156757354736328,22.417409896850586,0.0
2944317,Y,III,41.0,2755,12.387800216674805,19.091875076293945,30.587358474731445,0.0007259528130671506
2944375,N,III,7.0,439,2.24764347076416,3.2682769298553467,5.272069454193115,0.0
2944419,Y,III,45.0,2906,17.625492095947266,25.355798721313477,41.02747344970703,0.03269098417068135
2944429,N,III,85.8,295,14.984793663024902,18.736862182617188,34.122657775878906,0.003389830508474576
2944385,N,III,16.5,1006,8.766685485839844,14.981266021728516,29.745149612426758,0.0
2944385,N,III,21.5,1328,11.618692398071289,19.36932945251465,30.603763580322266,0.0030120481927710845
2944466,Y,III,123.0,7426,17.34825897216797,32.75605010986328,46.702880859375,0.14220307029356316
2944436,Y,III,55.800000000000004,3468,14.108081817626953,22.255746841430664,38.36553192138672,0.010380622837370242
2944445,N,III,102.0,6189,9.858741760253906,20.894681930541992,47.26474380493164,0.015511391177896268
2944433,N,III,5.0,390,14.502205848693848,21.803974151611328,29.263713836669922,0.0
2944433,N,III,40.0,2491,10.178590774536133,17.369346618652344,36.90691375732422,0.008430349257326376
2944433,N,III,2.0,381,11.738858222961426,17.506450653076172,24.422744750976562,0.0
2944387,Y,III,48.0,2883,18.986207962036133,31.104564666748047,40.36322784423828,0.1370100589663545
2944410,Y,III,164.0,9183,5.127130508422852,8.541263580322266,21.023632049560547,0.0
2944417,N,III,22.0,1389,10.64344596862793,17.366912841796875,27.179067611694336,0.0
2944394,Y,III,25.0,1355,11.8162202835083,23.10555076599121,39.77860641479492,0.037638376383763834
2944434,Y,III,41.0,2563,11.896149635314941,26.773588180541992,40.8515510559082,0.05813499804916114
2944455,Y,III,5.0,1227,12.02692985534668,26.16067123413086,46.70770263671875,0.04808475957620212
2944464,Y,III,93.4,5979,13.732377052307129,23.669960021972656,39.913822174072266,0.015721692590734238
2944453,N,III,15.0,1059,11.836097717285156,22.775005340576172,35.108970642089844,0.016052880075542966
2944435,N,III,78.0,4921,14.878811836242676,28.31348419189453,40.76831817626953,0.06685633001422475
2944395,N,III,15.0,494,9.163664817810059,12.467020988464355,23.477264404296875,0.0
2944398,N,III,56.4,2643,9.9677095413208,14.832139015197754,23.80545425415039,0.0
2944442,N,III,35.0,1719,8.569609642028809,14.553653717041016,31.55947494506836,0.0029086678301337987
2944458,N,III,22.0,1641,17.756969451904297,28.196208953857422,38.206146240234375,0.07556368068251067
2944454,N,III,5.0,564,10.536953926086426,16.447423934936523,23.71862030029297,0.0
2944457,N,III,2.8000000000000003,144,1.5004303455352783,2.390942335128784,3.0320472717285156,0.0
2944457,N,III,8.2,592,11.902714729309082,18.774232864379883,28.267187118530273,0.0
2944457,N,III,17.5,1068,12.756810188293457,18.340578079223633,24.973493576049805,0.0
2944457,N,III,2.0,150,14.234814643859863,20.678157806396484,24.236148834228516,0.0
2944457,N,III,19.0,1275,11.31591796875,16.232662200927734,24.06938362121582,0.0
2944457,N,III,5.0,337,10.189050674438477,15.614398002624512,21.100826263427734,0.0
2944471,Y,III,0.5,210,14.857166290283203,27.520322799682617,36.759769439697266,0.0761904761904762
2944471,Y,III,2.1,102,18.007404327392578,27.650150299072266,39.3762321472168,0.09803921568627451
2944471,Y,III,3.4,234,15.52334213256836,23.104068756103516,28.688880920410156,0.0
2944471,Y,III,3.1,45,16.006723403930664,32.54639434814453,35.467071533203125,0.17777777777777778
2944471,Y,III,1.3,143,7.92786169052124,13.852953910827637,22.18494415283203,0.0
2944523,N,III,2.5,130,3.687591075897217,4.772336959838867,5.278036594390869,0.0
2944545,N,III,8.0,417,2.7568271160125732,5.323902130126953,7.841667175292969,0.0
2944545,N,III,11.0,2936,5.964637756347656,9.405035018920898,18.189638137817383,0.0
2944545,N,III,7.6000000000000005,337,7.258673191070557,9.794107437133789,11.32481575012207,0.0
2944545,N,III,48.0,196,5.617365837097168,9.11237907409668,11.856459617614746,0.0
2944492,Y,III,98.4,5803,18.995555877685547,30.238298416137695,40.885459899902344,0.10563501637084267
2944551,Y,III,119.0,6911,14.064268112182617,22.45989990234375,42.76883316040039,0.027347706554767762
2944502,N,III,2.6,242,23.5786075592041,31.40034294128418,35.88079071044922,0.15289256198347106
2944502,N,III,1.3,77,16.90239143371582,25.094667434692383,30.695453643798828,0.012987012987012988
2944482,N,III,43.0,2558,5.709396839141846,9.043355941772461,22.106111526489258,0.0
2944499,Y,III,62.1,3990,17.166908264160156,28.161418914794922,41.62063217163086,0.06817042606516291
2944543,Y,III,56.2,3342,16.669626235961914,28.33677864074707,41.603721618652344,0.07031717534410532
2944520,N,II,11.0,689,1.0893677473068237,1.879617691040039,3.035731554031372,0.0
2944547,Y,III,128.0,7366,4.807549953460693,9.246578216552734,34.4175910949707,0.002307901167526473
2944518,N,III,49.0,3116,9.558891296386719,15.1380615234375,49.46961975097656,0.008664955070603338
2944548,N,III,15.0,937,0.7167902588844299,1.313976526260376,2.514376401901245,0.0
2944541,N,IVG,10.0,606,1.1282126903533936,1.751510739326477,4.042220115661621,0.0
2944541,N,IVG,37.5,2204,1.2244248390197754,2.114659070968628,4.889293670654297,0.0
2944533,Y,III,50.4,2992,11.863224983215332,27.1915225982666,45.120880126953125,0.07653743315508021
2944554,Y,III,158.0,9414,11.92551040649414,17.293357849121094,31.0477352142334,0.00010622477161674102
2944501,Y,IVS,68.60000000000001,4393,28.859811782836914,36.33320236206055,50.51533889770508,0.46756203050307305
2944557,N,III,18.2,1134,6.646535396575928,12.374175071716309,16.149961471557617,0.0
2944498,Y,III,59.300000000000004,3811,17.784391403198242,30.486629486083984,45.66997528076172,0.10758331146680661
2944496,N,III,15.0,997,2.8532581329345703,7.391188621520996,12.116490364074707,0.0
2944537,Y,III,61.6,3686,17.106616973876953,27.25093650817871,41.130760192871094,0.04774823657080846
2944500,Y,IVS,68.1,4284,31.737653732299805,42.03862380981445,55.09716033935547,0.6062091503267973
2944558,Y,III,70.60000000000001,4138,15.131068229675293,25.92486572265625,41.2325439453125,0.048574190430159495
2944561,N,III,54.0,3389,6.356382369995117,15.460519790649414,33.52521514892578,0.0067866627323694305
2944607,N,III,4.5,292,7.22645378112793,13.790575981140137,17.635482788085938,0.0
2944607,N,III,101.4,6259,3.504004955291748,6.737117767333984,31.85865592956543,0.0004793097938967886
2944599,N,III,13.4,816,8.711495399475098,14.546112060546875,23.23505973815918,0.0
2944617,N,III,15.0,596,9.917526245117188,16.352985382080078,27.3687801361084,0.0
2944617,N,III,44.0,2779,5.859587669372559,10.909011840820312,20.710643768310547,0.0
2944626,Y,III,17.0,743,19.18006706237793,43.635597229003906,57.70699691772461,0.3566621803499327
2944593,Y,III,90.5,5566,11.934677124023438,20.4014835357666,36.17271423339844,0.0053898670499461015
2944573,Y,III,18.900000000000002,1144,21.81352996826172,37.905948638916016,44.6219367980957,0.3041958041958042
2944582,N,III,35.0,1674,12.623537063598633,20.325393676757812,38.65683364868164,0.018518518518518517
2944600,N,II,4.0,276,1.09506356716156,1.9998670816421509,3.0694849491119385,0.0
2944622,N,III,22.0,1551,5.472630023956299,8.522336959838867,16.564802169799805,0.0
2944610,N,III,78.9,4776,9.084452629089355,16.720542907714844,32.6302604675293,0.003559463986599665
2944628,N,III,37.0,2180,12.131281852722168,17.41164207458496,28.349735260009766,0.0
2944625,Y,III,109.0,6347,18.102035522460938,27.535947799682617,43.60606002807617,0.038600913817551596
2944644,N,III,8.700000000000001,524,1.6756633520126343,2.4655344486236572,3.043818712234497,0.0
2944603,Y,III,33.0,1959,11.199834823608398,17.50030517578125,31.253755569458008,0.0010209290454313426
2944629,Y,IVS,73.9,4526,29.76407241821289,42.267822265625,52.03683853149414,0.5547945205479452
2944621,N,III,6.5,273,1.578490138053894,2.283226728439331,9.406702995300293,0.0
2944621,N,III,1.5,123,2.0200936794281006,2.849419355392456,3.4782748222351074,0.0
2944621,N,III,63.0,3906,7.163241386413574,13.908733367919922,31.03661346435547,0.0002560163850486431
2944643,Y,III,125.0,7468,16.899295806884766,27.167341232299805,41.48876953125,0.048339582217461166
2944577,N,III,4.0,295,2.9973695278167725,7.07195520401001,9.047368049621582,0.0
2944638,N,III,37.0,2180,10.79945182800293,27.775972366333008,50.3928108215332,0.08761467889908257
2944709,N,III,8.4,518,14.415227890014648,20.35109519958496,28.541915893554688,0.0
2944735,Y,III,108.4,6815,16.717254638671875,29.142549514770508,46.51100540161133,0.09053558327219369
2944686,Y,III,1.0,68,3.685983657836914,4.954745769500732,5.664798736572266,0.0
2944686,Y,III,11.6,708,8.283802032470703,16.000104904174805,22.49030113220215,0.0
2944686,Y,III,35.300000000000004,2306,7.618695259094238,17.71895408630371,29.634382247924805,0.0
2944734,Y,III,96.8,6157,17.31608772277832,27.531492233276367,51.94112777709961,0.05375994802663635
2944745,N,III,94.0,5869,6.658166885375977,15.254899024963379,35.525596618652344,0.005793150451524962
2944725,Y,III,47.300000000000004,2994,16.630962371826172,25.71281623840332,38.42868423461914,0.032732130928523714
2944672,Y,III,31.0,1844,13.312383651733398,19.988496780395508,33.78376007080078,0.004338394793926247
2944672,Y,III,76.0,4542,13.758258819580078,22.528011322021484,36.818206787109375,0.014310876265962131
2944658,N,III,40.0,2224,3.2963814735412598,4.942334175109863,9.624580383300781,0.0
2944708,Y,III,55.0,3388,13.151576042175293,19.978818893432617,29.562301635742188,0.0
2944657,N,III,104.0,6181,13.7722806930542,23.447721481323242,35.11051559448242,0.017149328587607184
2944726,Y,III,40.4,82,8.646673202514648,13.7755126953125,19.30021095275879,0.0
2944699,Y,III,34.0,2193,22.834331512451172,35.89606475830078,48.70496368408203,0.28317373461012313
2944711,Y,III,53.9,3475,13.236620903015137,19.59499168395996,32.67718505859375,0.004028776978417266
2944730,Y,III,72.0,4345,15.337712287902832,24.471139907836914,40.16444396972656,0.02278481012658228
2944738,N,III,53.0,1720,5.755725383758545,9.133315086364746,55.50694274902344,0.013953488372093023
2944731,Y,III,2.0,147,18.012880325317383,39.03965759277344,46.84355545043945,0.23129251700680273
2944731,Y,III,7.0,464,13.863910675048828,20.839256286621094,25.479982376098633,0.0
2944731,Y,III,3.0,235,12.021738052368164,16.30536651611328,35.84965896606445,0.00851063829787234
2944731,Y,III,54.0,3222,14.589889526367188,26.556856155395508,50.865318298339844,0.06672873991309745
2944733,N,III,11.700000000000001,710,3.055036783218384,5.858499526977539,14.923968315124512,0.0
2944815,N,III,33.0,1880,14.568672180175781,22.27666473388672,35.977561950683594,0.009042553191489361
2944808,N,III,25.0,1476,11.769046783447266,18.74246597290039,30.597375869750977,0.0020325203252032522
2944777,N,III,11.3,731,8.905657768249512,12.52380084991455,23.82440185546875,0.0
2944777,N,III,23.1,1300,9.680523872375488,19.381778717041016,26.0430850982666,0.0
2944777,N,III,4.2,359,21.257230758666992,24.441699981689453,27.456727981567383,0.0
2944777,N,III,1.6,99,13.830822944641113,22.485631942749023,26.284137725830078,0.0
2944823,Y,III,24.8,1529,17.337133407592773,26.450441360473633,37.697608947753906,0.04905166775670373
2944748,Y,III,56.9,3467,14.563910484313965,26.935579299926758,38.157386779785156,0.04932218055956158
2944810,Y,III,23.2,1492,27.06907081604004,36.445213317871094,44.53900146484375,0.3941018766756032
2944825,N,III,65.0,3862,8.85677433013916,13.679586410522461,43.29079055786133,0.01294665976178146
2944821,Y,III,47.0,2759,24.880502700805664,37.19580078125,44.529815673828125,0.30590793765857194
2944821,Y,III,35.0,2037,10.849732398986816,20.01913833618164,34.83304977416992,0.006872852233676976
2944821,Y,III,41.0,2310,14.578978538513184,26.14878273010254,42.482540130615234,0.0316017316017316
2944783,Y,III,130.0,8369,11.887673377990723,19.472219467163086,38.45488739013672,0.006093918030828056
2944805,Y,III,34.0,2118,14.847820281982422,23.26325035095215,41.059871673583984,0.0113314447592068
2944805,Y,III,1.4000000000000001,68,15.95224380493164,28.87942886352539,33.16960144042969,0.08823529411764706
2944761,Y,III,108.0,6299,13.203822135925293,23.779762268066406,39.597965240478516,0.027782187648833147
2944758,Y,III,81.0,4880,19.426782608032227,31.225114822387695,47.18817901611328,0.12868852459016394
2944822,N,III,1.0,27,12.604366302490234,14.253771781921387,14.769569396972656,0.0
2944793,Y,III,69.8,4353,19.632843017578125,27.7032413482666,39.74757766723633,0.052837123822651044
2944827,Y,III,55.0,3260,12.876604080200195,19.474287033081055,37.06837463378906,0.009202453987730062
2944827,Y,III,34.0,2120,18.02052116394043,28.05078125,39.267852783203125,0.0669811320754717
2944827,Y,III,24.0,1492,13.14289379119873,20.59610366821289,32.12662887573242,0.004021447721179625
2944827,Y,III,36.0,2091,13.745389938354492,19.583587646484375,28.66374969482422,0.0
2944750,Y,III,14.9,922,7.083802700042725,14.103700637817383,25.219619750976562,0.0
2944811,N,III,37.0,1350,3.081392526626587,5.512340545654297,11.388764381408691,0.0
2944759,Y,III,19.0,1186,19.44327735900879,28.52376937866211,39.27873992919922,0.07166947723440135
2944759,Y,III,38.0,2348,19.7707462310791,33.3188362121582,47.581668853759766,0.15587734241908008
2944794,Y,III,68.60000000000001,4266,10.160910606384277,16.028789520263672,42.350929260253906,0.010548523206751054
2944814,Y,III,10.0,599,11.95322036743164,18.48910140991211,24.851633071899414,0.0
2944835,Y,IVS,83.9,4900,35.001895904541016,41.60541534423828,60.67953109741211,0.8283673469387756
2944774,N,III,3.0,134,1.8272079229354858,2.8207151889801025,3.397953987121582,0.0
2944774,N,III,13.5,851,1.3381152153015137,2.1856086254119873,3.368385076522827,0.0
2944774,N,III,13.5,669,1.4922503232955933,2.502815008163452,3.844182252883911,0.0
2944751,N,III,14.0,839,3.4632928371429443,5.767512321472168,7.4795050621032715,0.0
2944803,Y,III,18.0,1126,16.981456756591797,29.227951049804688,46.30059814453125,0.08703374777975133
2944806,N,III,5.0,304,1.4091204404830933,2.9664595127105713,4.206858158111572,0.0
2944765,N,III,14.0,914,16.758319854736328,23.849958419799805,31.269655227661133,0.002188183807439825
2944784,Y,III,95.3,5802,10.211394309997559,20.30466079711914,34.102420806884766,0.002068252326783868
2944760,Y,III,59.0,3541,21.980968475341797,35.303627014160156,48.4730110168457,0.2391979666760802
2944838,N,III,3.0,251,9.295920372009277,13.668231964111328,17.587039947509766,0.0
2923401,N,III,120.0,6628,13.414385795593262,26.636804580688477,47.473976135253906,0.0595956547978274
2924311,N,III,5.0,61,1.4972457885742188,2.0495057106018066,2.4029507637023926,0.0
2924311,N,III,5.0,605,1.7484689950942993,2.6803081035614014,4.725522518157959,0.0
2924311,N,III,5.0,450,1.597049593925476,2.5587940216064453,3.64168381690979,0.0
2925172,N,III,12.0,997,6.120119094848633,8.401257514953613,16.601844787597656,0.0
2917970,N,II,34.0,1806,7.844864845275879,11.442910194396973,17.101181030273438,0.0
2921819,N,II,13.0,789,2.5604162216186523,7.643819332122803,16.77007484436035,0.0
2921819,N,II,4.0,217,1.245422601699829,2.187657117843628,6.221869945526123,0.0
2921819,N,II,12.0,615,0.8563230633735657,1.5522791147232056,2.7692713737487793,0.0
2921819,N,II,6.0,302,1.25679349899292,2.5107452869415283,5.7894721031188965,0.0
2921819,N,II,63.0,4112,3.3259732723236084,10.796977043151855,42.82081985473633,0.02188715953307393
2921819,N,II,13.0,252,9.093544006347656,18.747028350830078,25.936290740966797,0.0
2921819,N,II,15.0,671,4.103788375854492,11.714580535888672,25.658666610717773,0.0
2921819,N,II,18.0,1151,3.6764447689056396,2.6332719326019287,47.883758544921875,0.05039096437880104
2921819,N,II,7.0,492,6.14569091796875,18.203784942626953,23.724123001098633,0.0
2921819,N,II,7.0,622,9.541810035705566,26.6514949798584,41.8796501159668,0.07556270096463022
2921819,N,II,53.0,3597,2.41955828666687,3.486475706100464,20.122217178344727,0.0
2923164,N,III,40.0,2299,4.686924934387207,11.218342781066895,27.555471420288086,0.0
2922208,N,II,12.0,525,0.9196981191635132,1.5387722253799438,2.5725257396698,0.0
2922208,N,II,6.0,335,2.6197268962860107,3.7063980102539062,5.9542999267578125,0.0
2922208,N,II,37.0,2491,2.3659918308258057,4.508453845977783,10.492191314697266,0.0
2922208,N,II,10.0,659,4.534865856170654,9.825428009033203,12.684931755065918,0.0
2922208,N,II,8.0,583,5.823416233062744,8.839471817016602,11.655555725097656,0.0
2922208,N,II,13.0,731,1.3572213649749756,2.406163454055786,3.7609353065490723,0.0
2922208,N,II,2.0,135,1.3079736232757568,1.8554589748382568,2.2500650882720947,0.0
2922208,N,II,12.0,168,1.1837332248687744,2.197129964828491,3.2565855979919434,0.0
2922208,N,II,10.0,594,2.017827272415161,3.652127504348755,6.448110580444336,0.0
2922208,N,II,7.0,371,1.662199854850769,2.789680242538452,4.056469440460205,0.0
2936255,Y,III,38.0,2337,8.990983963012695,13.103500366210938,20.90854835510254,0.0
2936255,Y,III,56.0,2865,10.555295944213867,18.70922088623047,39.42913818359375,0.00593368237347295
2936255,Y,III,35.0,2317,21.20191764831543,32.66874694824219,46.016151428222656,0.1519205869659042
2936255,Y,III,60.0,2649,17.126386642456055,28.87358283996582,44.69395065307617,0.08342770856927142
2936255,Y,III,50.0,2551,12.031576156616211,24.21397590637207,37.60328674316406,0.01724813798510388
2936255,Y,III,57.0,3308,17.876924514770508,30.103906631469727,51.91233444213867,0.10187424425634825
2936255,Y,III,47.0,3413,1.7626444101333618,2.689744472503662,5.650705337524414,0.0
2927491,N,III,14.0,938,1.7604762315750122,2.641322135925293,4.072713375091553,0.0
2927491,N,III,3.0,141,1.3768459558486938,2.0177059173583984,3.330390691757202,0.0
2937833,Y,III,11.0,649,3.8083267211914062,11.600608825683594,22.099637985229492,0.0
2937833,Y,III,40.0,2110,10.766266822814941,18.62944984436035,35.31255340576172,0.0033175355450236967
2937833,Y,III,2.8000000000000003,203,6.306870937347412,16.32001304626465,25.588199615478516,0.0
2928409,N,III,18.0,1113,5.741465091705322,13.844470977783203,31.565874099731445,0.0017969451931716084
2932504,Y,III,19.0,1220,9.007108688354492,17.00681495666504,26.980083465576172,0.0
2932504,Y,III,55.0,3247,9.972522735595703,16.897207260131836,31.943077087402344,0.0012319063751154912
2932404,Y,III,12.0,823,15.111562728881836,25.919513702392578,36.659515380859375,0.02551640340218712
2932404,Y,III,22.0,1374,16.803607940673828,30.185213088989258,44.56624984741211,0.10262008733624454
2932404,Y,III,3.0,298,8.629426002502441,17.026460647583008,30.07834815979004,0.003355704697986577
2928423,N,III,18.0,627,1.7011768817901611,2.8626248836517334,5.205917835235596,0.0
2936825,Y,III,23.1,1589,2.651247262954712,6.78566837310791,34.10842514038086,0.0062932662051604785
2936825,Y,III,12.3,773,8.811116218566895,15.684062957763672,25.55067253112793,0.0
2936825,Y,III,3.0,228,3.413029193878174,10.839725494384766,29.34991455078125,0.0
2936825,Y,III,24.3,1490,4.411464214324951,14.44625473022461,29.341516494750977,0.0
2937050,N,III,4.8,320,10.50127124786377,15.727564811706543,20.662946701049805,0.0
2937050,N,III,25.3,1543,9.937200546264648,19.171892166137695,29.060697555541992,0.0
2937050,N,III,123.60000000000001,7106,6.89749002456665,13.662237167358398,26.376995086669922,0.0
2937050,N,III,29.5,1754,7.9634809494018555,14.932342529296875,21.301048278808594,0.0
2937050,N,III,4.0,277,5.4623613357543945,7.99749231338501,12.977805137634277,0.0
2937131,N,II,44.0,2265,1.8646146059036255,3.847327709197998,8.809041976928711,0.0
2937329,Y,III,29.3,1756,11.271642684936523,19.857532501220703,32.413490295410156,0.008542141230068337
2928443,N,III,110.0,6269,1.083258867263794,2.1287803649902344,6.531158924102783,0.0
2932013,N,III,40.0,3509,14.514305114746094,27.393590927124023,42.428348541259766,0.058136221145625534
2926295,N,III,16.2,965,5.7779364585876465,9.775099754333496,20.077138900756836,0.0
2926295,N,III,8.3,523,12.598461151123047,20.739093780517578,25.19602394104004,0.0
2926295,N,III,10.5,529,6.342006206512451,9.425021171569824,13.170774459838867,0.0
2926295,N,III,2.3000000000000003,191,3.526695728302002,6.254162311553955,8.44873046875,0.0
2926295,N,III,2.0,165,5.180175304412842,7.6572651863098145,9.909740447998047,0.0
2926295,N,III,6.0,532,15.771370887756348,26.286733627319336,33.18246078491211,0.018796992481203006
2926295,N,III,44.9,2577,19.43231201171875,34.78510665893555,48.02247619628906,0.1684128831975165
2926295,N,III,32.0,1885,7.789889335632324,12.458284378051758,20.24685287475586,0.0
2926295,N,III,5.6000000000000005,337,21.766326904296875,33.38810348510742,41.50747299194336,0.18397626112759644
2926295,N,III,19.3,1148,4.521195888519287,8.925912857055664,22.42386245727539,0.0
2926295,N,III,12.0,718,20.722509384155273,33.25666809082031,45.17609786987305,0.19498607242339833
2926295,N,III,2.4,157,12.735649108886719,19.23485565185547,23.171171188354492,0.0
2929895,N,III,50.0,3068,8.643874168395996,13.091774940490723,30.59096908569336,0.001303780964797914
2926757,N,III,45.0,2053,15.006149291992188,27.38734245300293,35.825096130371094,0.05796395518753044
2926757,N,III,10.0,964,15.873758316040039,23.64114761352539,36.380592346191406,0.02074688796680498
2926757,N,III,15.0,627,19.347455978393555,30.523239135742188,40.05887985229492,0.10685805422647528
2925807,N,III,2.0,205,1.1229661703109741,2.151047468185425,3.471064567565918,0.0
2925807,N,III,1.0,151,0.8741112351417542,1.6457120180130005,2.6989200115203857,0.0
2925807,N,III,3.0,342,1.4337804317474365,3.493298053741455,6.587766647338867,0.0
2925807,N,III,3.0,403,0.8614510893821716,1.618135929107666,3.2742345333099365,0.0
2925807,N,III,2.0,129,1.4603763818740845,2.4764153957366943,4.60808801651001,0.0
2936890,N,III,11.0,680,13.231488227844238,15.288887977600098,17.02054214477539,0.0
2937030,Y,III,14.0,786,11.833224296569824,19.512208938598633,34.96531295776367,0.006361323155216285
2937030,Y,III,25.0,1465,23.14290428161621,32.486106872558594,42.372894287109375,0.18703071672354948
2937030,Y,III,2.3000000000000003,260,30.164505004882812,34.665382385253906,40.87002944946289,0.48846153846153845
2937030,Y,III,57.0,3407,19.210708618164062,32.6494255065918,44.263885498046875,0.15526856471969475
2937030,Y,III,5.5,246,7.855408191680908,17.578310012817383,22.80738639831543,0.0
2937030,Y,III,45.0,2444,29.4863224029541,39.39358901977539,45.81010055541992,0.5392798690671031
2937030,Y,III,41.0,2025,10.738354682922363,19.886526107788086,38.33425521850586,0.009382716049382716
2937030,Y,III,29.0,1606,12.531904220581055,20.902587890625,33.151161193847656,0.0062266500622665
2937030,Y,III,22.0,1537,14.077484130859375,30.420188903808594,44.78746795654297,0.10540013012361743
2937030,Y,III,15.200000000000001,927,11.682415008544922,20.92186164855957,32.8300666809082,0.009708737864077669
2937030,Y,III,18.0,1165,16.67636489868164,30.288454055786133,35.24575424194336,0.11158798283261803
2937030,Y,III,9.0,514,13.30534553527832,21.248323440551758,29.6601505279541,0.0
2937030,Y,III,52.0,2881,10.887384414672852,20.297590255737305,36.78321838378906,0.010413051023950017
2937030,Y,III,2.0,127,12.902595520019531,16.122520446777344,21.832666397094727,0.0
2937030,Y,III,34.0,1854,8.425761222839355,15.805126190185547,24.0509090423584,0.0
2936128,Y,III,44.0,2369,13.220365524291992,19.642499923706055,34.09294891357422,0.01266357112705783
2936128,Y,III,21.0,1257,5.509962558746338,9.523913383483887,25.300403594970703,0.0
2936128,Y,III,23.0,1425,8.963871002197266,12.833656311035156,19.408937454223633,0.0
2934583,N,III,90.0,5281,12.270934104919434,20.031953811645508,34.516300201416016,0.004165877674682825
2934583,N,III,11.5,630,18.573122024536133,28.797197341918945,40.07236862182617,0.08571428571428572
2934583,N,III,47.0,2695,8.943001747131348,16.760921478271484,25.4632511138916,0.0
2934583,N,III,61.0,3671,16.265066146850586,24.549015045166016,35.9126091003418,0.023699264505584308
2934583,N,III,77.0,4434,13.554627418518066,21.32040786743164,35.464752197265625,0.008795669824086604
2936503,N,III,18.0,1128,7.584072589874268,13.635130882263184,20.49518394470215,0.0
2936503,N,III,9.0,590,9.258660316467285,15.70161247253418,22.741552352905273,0.0
2935770,Y,III,36.0,2069,14.197834968566895,21.868263244628906,38.344356536865234,0.006283228612856452
2928416,N,III,18.0,463,2.147265672683716,3.7269866466522217,6.221704006195068,0.0
2935743,N,III,39.0,2260,12.314425468444824,18.00511932373047,29.0643310546875,0.0
2930551,Y,III,24.0,1475,17.641830444335938,28.73627281188965,36.82444381713867,0.08
2930551,Y,III,50.0,3588,13.323639869689941,24.65319061279297,39.83402633666992,0.025362318840579712
2936236,N,III,43.0,2918,2.776282548904419,4.390151500701904,9.047527313232422,0.0
2936236,N,III,120.0,6472,12.35903263092041,23.20083236694336,37.65763473510742,0.013906056860321385
2938707,Y,II,92.9,6248,24.672170639038086,36.46331024169922,63.14347839355469,0.2772087067861716
2938193,N,II,2.5,133,14.284344673156738,26.028718948364258,30.22968864440918,0.015037593984962405
2938193,N,II,11.0,1003,10.508610725402832,16.625885009765625,26.188291549682617,0.0
2938357,Y,II,156.0,8599,15.37539291381836,24.136978149414062,35.9279899597168,0.011978136992673567
2939025,N,II,23.0,892,1.432662844657898,2.2022078037261963,3.447232723236084,0.0
2939025,N,II,14.0,368,1.3537935018539429,2.1189022064208984,2.608610153198242,0.0
2938202,Y,II,46.6,2314,16.8748722076416,30.667089462280273,41.144168853759766,0.10933448573898012
2938301,N,II,16.0,1055,11.200984954833984,19.65481948852539,39.46143341064453,0.025592417061611375
2938301,N,II,16.0,1343,5.02462100982666,7.789555072784424,11.535688400268555,0.0
2938301,N,II,2.0,238,15.468015670776367,30.458831787109375,43.36332321166992,0.10504201680672269
2938063,N,II,8.0,413,10.748553276062012,21.93708038330078,25.45908546447754,0.0
2938063,N,II,20.0,1155,4.519976615905762,6.405677795410156,9.890551567077637,0.0
2938063,N,II,4.5,340,4.093122959136963,5.883184909820557,8.666650772094727,0.0
2938063,N,II,3.0,187,5.566305160522461,7.185528755187988,8.364103317260742,0.0
2938063,N,II,9.0,724,3.5134992599487305,15.669933319091797,27.237091064453125,0.0
2938701,Y,II,38.1,2857,11.413519859313965,19.337133407592773,30.962196350097656,0.0017500875043752187
2938668,Y,II,92.7,7333,29.084362030029297,41.0348014831543,57.03169631958008,0.5370244102004637
2938920,N,II,5.0,223,24.493234634399414,37.54226303100586,43.39681625366211,0.37668161434977576
2938920,N,II,10.0,343,10.623367309570312,18.882740020751953,31.281463623046875,0.011661807580174927
2938432,Y,III,99.0,2287,21.872241973876953,35.430843353271484,46.33574676513672,0.26628771316134675
2938432,Y,III,3.0,130,22.898216247558594,32.120670318603516,38.876625061035156,0.15384615384615385
2938432,Y,III,2.0,180,15.704516410827637,25.47640609741211,32.90918731689453,0.03333333333333333
2938432,Y,III,1.0,79,13.569281578063965,21.352243423461914,30.315946578979492,0.012658227848101266
2938101,Y,II,88.5,6973,31.654624938964844,41.93307876586914,62.52736282348633,0.6728811128639036
2938457,Y,II,63.7,122,35.117244720458984,44.50201416015625,50.82731628417969,0.7786885245901639
2938551,N,II,10.0,855,14.648386001586914,23.457019805908203,37.246917724609375,0.01871345029239766
2938478,Y,II,105.5,1938,24.636356353759766,36.0907096862793,48.48429870605469,0.27038183694530443
2938795,N,II,14.5,822,10.278881072998047,15.446137428283691,22.94697380065918,0.0
2938795,N,II,22.0,1310,14.70033073425293,21.94095802307129,31.09817123413086,0.0022900763358778627
2938794,N,II,6.0,392,16.525707244873047,28.963346481323242,32.74135208129883,0.0663265306122449
2938794,N,II,4.0,264,21.936086654663086,28.900915145874023,32.96482849121094,0.04924242424242424
2938384,Y,II,34.800000000000004,2421,11.019303321838379,18.510255813598633,36.167457580566406,0.003304419661296985
2938384,Y,II,25.0,1137,14.523799896240234,24.51706314086914,34.79473114013672,0.007036059806508356
2938901,Y,III,59.0,3106,10.686463356018066,19.133712768554688,37.4422492980957,0.008692852543464262
2938678,Y,II,30.5,2555,32.88642501831055,42.82487487792969,54.1609992980957,0.6747553816046967
2939019,Y,II,87.4,5551,27.50710678100586,40.84285354614258,55.18745803833008,0.4390199963970456
2938129,N,II,40.0,2089,2.7017033100128174,3.82417631149292,8.993247032165527,0.0
2938129,N,II,73.0,4281,8.624041557312012,16.435354232788086,52.20808410644531,0.026162111656155104
2939372,N,II,20.0,1288,4.840665340423584,7.164613246917725,9.939927101135254,0.0
2939372,N,II,125.0,6780,2.965928077697754,6.274319648742676,24.17046356201172,0.0
2939301,Y,II,50.300000000000004,3881,26.951034545898438,37.12952423095703,45.09324264526367,0.39628961607833035
2939602,N,II,11.0,306,5.437672138214111,8.423576354980469,12.082369804382324,0.0
2939602,N,II,20.0,1254,3.6112797260284424,6.746875762939453,12.724227905273438,0.0
2939134,N,II,3.5,349,11.279278755187988,16.608699798583984,24.200515747070312,0.0
2939134,N,II,10.0,427,9.673736572265625,15.03415298461914,24.201927185058594,0.0
2939789,N,II,12.0,708,8.102298736572266,16.092666625976562,23.627246856689453,0.0
2939582,N,II,72.0,4697,13.67972469329834,24.42467498779297,41.62140655517578,0.02725143708750266
2939664,N,II,45.0,32,1.20888352394104,1.9664080142974854,2.5437746047973633,0.0
2939680,N,II,38.0,1706,4.377176761627197,10.83304214477539,16.955829620361328,0.0
2939487,Y,II,54.0,4123,23.967226028442383,36.459598541259766,55.526084899902344,0.24569488236720835
2939406,Y,III,18.5,1907,21.869144439697266,35.54594802856445,52.55520248413086,0.21132669113791294
2939728,Y,II,10.0,423,14.556244850158691,30.779300689697266,43.803855895996094,0.11583924349881797
2939728,Y,II,10.0,348,2.6608808040618896,3.9351141452789307,12.887794494628906,0.0
2939977,Y,II,24.0,1465,25.729000091552734,39.87107849121094,50.2476692199707,0.3706484641638225
2939797,Y,II,78.5,5592,33.660457611083984,44.06373977661133,57.110870361328125,0.7153075822603719
2939804,Y,II,28.2,1650,22.271726608276367,30.90627098083496,41.2990837097168,0.1296969696969697
2939976,Y,II,42.0,2957,23.962928771972656,36.564544677734375,44.04262161254883,0.3381805884342239
2939992,N,II,10.0,619,14.838297843933105,28.693632125854492,35.31783676147461,0.06462035541195477
PC-FPA-26-8554,N,III,41.0,2378,9.583070755004883,22.670652389526367,33.564212799072266,0.026492851135407905
PC-FPA-26-8554,N,III,20.0,1786,11.411651611328125,20.20774269104004,31.529155731201172,0.009518477043673012
PC-FPA-26-8554,N,III,40.0,2851,5.464354515075684,13.034433364868164,28.704010009765625,0.0
PC-FPA-26-8555,N,IVG,2.0,42,1.552107334136963,2.4539217948913574,2.7580020427703857,0.0
PC-FPA-26-8551,N,III,16.0,841,5.934347152709961,8.514330863952637,24.26427459716797,0.0
PC-FPA-26-8548,Y,III,79.8,4653,12.409728050231934,23.1833438873291,49.88450241088867,0.05179454115624328
PC-FPA-26-8542,N,III,42.0,1565,2.4805707931518555,3.3961691856384277,20.686174392700195,0.0
PC-FPA-26-8581,N,III,17.0,918,7.241451740264893,13.031013488769531,21.922229766845703,0.0
PC-FPA-26-8580,N,III,138.0,8194,17.029277801513672,26.36591911315918,35.71541976928711,0.01806199658286551
PC-FPA-26-8597,N,III,14.9,777,1.2484500408172607,1.9983530044555664,7.039748668670654,0.0
PC-FPA-26-8636,Y,IVS,22.400000000000002,1349,34.94709777832031,41.920650482177734,49.51786422729492,0.8124536693847294
2944655,N,III,8.0,670,9.606922149658203,15.789302825927734,21.130033493041992,0.0
PC-FPA-26-8641,N,III,2.0,167,5.996994972229004,9.5855712890625,12.08556079864502,0.0
PC-FPA-26-8641,N,III,8.0,666,4.715516567230225,6.289061546325684,8.65464973449707,0.0
PC-FPA-26-8641,N,III,1.0,70,2.5848708152770996,3.6107821464538574,5.022087574005127,0.0
PC-FPA-26-8722,Y,III,87.2,4848,16.46265983581543,31.746417999267578,43.382110595703125,0.1412953795379538
PC-FPA-26-8717,Y,III,99.3,6207,17.38431167602539,26.723674774169922,43.464962005615234,0.04059932334461092
PC-FPA-26-8713,Y,IVS,64.9,4084,33.63817596435547,39.723201751708984,54.499244689941406,0.7678746327130265
PC-FPA-26-8709,Y,III,4.0,316,7.505616664886475,12.261842727661133,34.654476165771484,0.00949367088607595
PC-FPA-26-8692,N,III,21.0,2047,1.3460558652877808,2.558304786682129,4.890570640563965,0.0
PC-FPA-26-8689,N,III,123.9,7457,13.420351028442383,21.893131256103516,42.154762268066406,0.007241518036743999
PC-FPA-26-8658,Y,III,90.2,5470,15.059369087219238,27.686338424682617,41.23994445800781,0.06855575868372943
PC-FPA-26-8622,N,II,8.0,367,1.2654608488082886,2.179290294647217,4.697505474090576,0.0
PC-FPA-26-8748,N,III,51.0,3028,1.9388790130615234,5.081289291381836,11.410633087158203,0.0
PC-FPA-26-8744,Y,III,0.7000000000000001,58,16.86281967163086,24.142406463623047,30.77579116821289,0.034482758620689655
PC-FPA-26-8744,Y,III,1.0,66,10.344528198242188,14.502605438232422,16.787214279174805,0.0
PC-FPA-26-8744,Y,III,2.5,223,20.509510040283203,28.07921600341797,36.395816802978516,0.06278026905829596
PC-FPA-26-8744,Y,III,1.5,160,20.389080047607422,26.607593536376953,30.55673599243164,0.0125
PC-FPA-26-8769,Y,III,9.0,555,12.720208168029785,18.706132888793945,28.091842651367188,0.0
PC-FPA-26-8767,N,III,54.300000000000004,3292,8.148903846740723,16.522253036499023,32.24319076538086,0.00030376670716889426
PC-FPA-26-8758,N,III,7.9,498,3.5378310680389404,5.381616592407227,14.313642501831055,0.0
PC-FPA-26-8780,N,III,16.0,1034,14.319464683532715,22.21099281311035,33.10118865966797,0.004835589941972921
PC-FPA-26-8780,N,III,1.3,148,10.92302131652832,17.188100814819336,25.557350158691406,0.0
PC-FPA-26-8780,N,III,2.0,138,12.260616302490234,15.79637336730957,19.64743995666504,0.0
PC-FPA-26-8801,Y,III,4.0,259,12.759310722351074,17.545291900634766,24.07933807373047,0.0
PC-FPA-26-8801,Y,III,126.0,7519,14.975329399108887,24.55689811706543,47.92441940307617,0.037903976592632
PC-FPA-26-8804,Y,III,128.0,7670,23.650880813598633,35.838748931884766,50.61973190307617,0.30677966101694915
PC-FPA-26-8799,N,III,3.2,215,4.975940704345703,10.850122451782227,18.298839569091797,0.0
PC-FPA-26-8798,Y,III,1.0,3420,28.53826141357422,38.047157287597656,47.47041320800781,0.45380116959064326
PC-FPA-26-8798,Y,III,55.7,3420,28.53826141357422,38.047157287597656,47.47041320800781,0.45380116959064326
PC-FPA-26-8796,Y,III,86.60000000000001,5431,6.5241827964782715,12.365617752075195,28.752727508544922,0.0
PC-FPA-26-8828,Y,III,69.8,4169,10.597676277160645,17.59560775756836,31.013900756835938,0.000959462700887503
PC-FPA-26-8828,Y,III,78.4,4607,10.325926780700684,16.774444580078125,25.465608596801758,0.0
PC-FPA-26-8828,Y,III,22.6,1383,10.57402515411377,16.686708450317383,23.429471969604492,0.0
PC-FPA-26-8828,Y,III,7.1000000000000005,452,12.61158561706543,16.700361251831055,21.299104690551758,0.0
PC-FPA-26-8828,Y,III,17.8,845,12.545428276062012,17.196489334106445,20.62114906311035,0.0
PC-FPA-26-8828,Y,III,8.2,528,17.56818962097168,27.544389724731445,32.696319580078125,0.03787878787878788
PC-FPA-26-8826,Y,,12.1,772,12.207802772521973,21.754589080810547,38.12495422363281,0.02461139896373057
PC-FPA-26-8826,Y,,12.200000000000001,753,9.979619026184082,22.829025268554688,33.936710357666016,0.01593625498007968
PC-FPA-26-8815,N,III,6.0,660,2.0194852352142334,3.0544421672821045,15.571698188781738,0.0
PC-FPA-26-8868,Y,III,84.10000000000001,5153,12.982421875,23.38026237487793,54.40304183959961,0.04133514457597516
PC-FPA-26-8865,Y,III,32.0,2029,9.945664405822754,16.611968994140625,28.54730987548828,0.0
2944752,Y,III,57.0,3426,12.808059692382812,21.186758041381836,34.53448486328125,0.00642148277875073
PC-FPA-26-8879,N,III,57.0,3939,10.241387367248535,17.220714569091797,38.619319915771484,0.005331302361005331
PC-FPA-26-8876,Y,III,2.6,175,15.206506729125977,24.489049911499023,31.988330841064453,0.022857142857142857
PC-FPA-26-8875,N,III,2.0,540,6.075870990753174,9.096868515014648,11.129871368408203,0.0
PC-FPA-26-8917,Y,III,120.0,7303,13.286642074584961,24.21584129333496,41.7369499206543,0.03546487744762426
PC-FPA-26-8909,N,III,72.9,4716,9.863595962524414,18.41633415222168,28.620885848999023,0.0
PC-FPA-26-8907,Y,III,156.3,9386,17.132631301879883,31.724102020263672,44.174190521240234,0.12742382271468145
2944787,N,III,25.0,1529,9.658245086669922,20.147933959960938,31.578872680664062,0.007848266841072597
2944787,N,III,0.5,56,4.770298004150391,5.878952503204346,9.089969635009766,0.0
2944787,N,III,0.7000000000000001,93,3.1671319007873535,4.7199578285217285,4.943527698516846,0.0
2944705,Y,III,29.6,1850,12.116543769836426,20.22536849975586,37.20225524902344,0.004864864864864865
2944705,Y,III,50.9,3027,12.355925559997559,19.658571243286133,34.039886474609375,0.003964321110009911
PC-FPA-26-8927,Y,III,101.10000000000001,6286,31.519542694091797,40.32868957519531,50.00410079956055,0.6251988545975183
PC-FPA-26-8924,Y,III,71.9,4452,14.427474975585938,22.20700454711914,36.546783447265625,0.01504941599281222
PC-FPA-26-8922,Y,IVS,73.2,4453,33.96652603149414,41.57240295410156,50.29673385620117,0.8037278239389176
PC-FPA-26-8920,Y,III,54.800000000000004,3359,13.645147323608398,22.62918472290039,37.47500228881836,0.0244120273891039
PC-FPA-26-8948,Y,III,72.7,4454,12.455305099487305,23.47291374206543,38.65834426879883,0.01571621014818141
PC-FPA-26-8946,N,III,3.0,196,15.156596183776855,25.723865509033203,37.73858642578125,0.061224489795918366
PC-FPA-26-8949,Y,III,69.8,4490,25.85918617248535,35.89276885986328,54.01585388183594,0.2799554565701559
PC-FPA-26-8943,Y,III,144.0,8446,14.173795700073242,23.196937561035156,40.85736083984375,0.022851053753255978
PC-FPA-26-8940,Y,IVS,54.4,3543,33.1649284362793,42.51621627807617,53.231014251708984,0.7171888230313294
2944791,N,III,8.0,622,23.45189094543457,34.64163589477539,43.554603576660156,0.2266881028938907
2944791,N,III,5.0,357,12.604228019714355,18.903907775878906,26.373151779174805,0.0
2944791,N,III,12.0,852,7.7799530029296875,11.787416458129883,17.758201599121094,0.0
2944791,N,III,24.0,1459,15.163843154907227,24.242942810058594,36.406394958496094,0.03221384509938314
PC-FPA-26-8971,Y,IVS,79.0,4974,21.259206771850586,34.13050842285156,45.829833984375,0.195416164053076
PC-FPA-26-8984,N,III,45.0,2585,9.80045223236084,17.078771591186523,25.494338989257812,0.0
PC-FPA-26-8976,N,III,122.7,6905,5.773407936096191,9.07433795928955,20.382471084594727,0.0
PC-FPA-26-9000,N,III,8.0,584,16.678754806518555,24.8347110748291,34.37826919555664,0.025684931506849314
PC-FPA-26-8995,Y,III,55.800000000000004,3561,12.28518295288086,21.137468338012695,31.30434226989746,0.0016849199663016006
PC-FPA-26-8996,Y,III,133.3,8628,8.128396034240723,15.054098129272461,31.130552291870117,0.0003477051460361613
PC-FPA-26-8990,N,III,6.7,450,10.864058494567871,16.739578247070312,30.84161949157715,0.0044444444444444444
PC-FPA-26-8989,N,III,36.0,2169,17.851266860961914,29.87895965576172,40.0215950012207,0.0958967266021208
PC-FPA-26-9039,Y,III,62.5,3892,13.449809074401855,27.783302307128906,52.6506462097168,0.07682425488180884
PC-FPA-26-9072,N,III,25.0,1635,14.33076286315918,23.610645294189453,35.26750946044922,0.00856269113149847
PC-FPA-26-9058,Y,III,68.1,4135,8.419492721557617,13.260515213012695,24.09276008605957,0.0
PC-FPA-26-9110,Y,III,71.2,4438,14.844182968139648,26.320493698120117,40.97800827026367,0.04078413699864804
2944589,Y,III,5.1000000000000005,317,12.271960258483887,19.6967830657959,42.07651138305664,0.025236593059936908
2944589,Y,III,40.5,2386,11.950589179992676,21.453706741333008,41.80100631713867,0.01760268231349539
PC-FPA-26-9160,Y,III,83.8,5310,14.562220573425293,25.97591781616211,44.65314483642578,0.046704331450094165
PC-FPA-26-9170,N,III,6.0,378,19.546733856201172,30.255313873291016,38.258243560791016,0.10582010582010581
PC-FPA-26-9168,N,III,68.0,3918,5.595959186553955,10.306087493896484,19.063810348510742,0.0
PC-FPA-26-9164,Y,III,84.0,5252,22.33390235900879,35.145263671875,56.21050262451172,0.22048743335872048
