x,y,height_m,height_then_m,growth_m,cai_m_yr,stand_x,stand_y,in_target,leave_tree,harvest
364003.5,6686499.5,28.43000030517578,26.3700008392334,2.059999465942383,0.17166662216186523,364000,6686400,False,False,False
364016.5,6686499.5,30.899999618530273,23.690000534057617,7.209999084472656,0.6008332570393881,364000,6686400,False,False,False
364028.5,6686499.5,30.0,28.229999542236328,1.7700004577636719,0.14750003814697266,364000,6686400,False,False,False
364039.5,6686499.5,29.68000030517578,25.290000915527344,4.3899993896484375,0.3658332824707031,364000,6686400,False,False,False
364048.5,6686499.5,27.09000015258789,23.860000610351562,3.229999542236328,0.26916662851969403,364000,6686400,False,False,False
364063.5,6686499.5,31.850000381469727,25.790000915527344,6.059999465942383,0.5049999554951986,364000,6686400,False,False,False
364079.5,6686499.5,32.72999954223633,32.099998474121094,0.6300010681152344,0.05250008900960287,364000,6686400,False,False,False
364125.5,6686499.5,34.72999954223633,31.670000076293945,3.059999465942383,0.25499995549519855,364100,6686400,False,False,False
364178.5,6686499.5,31.959999084472656,29.709999084472656,2.25,0.1875,364100,6686400,False,False,False
364188.5,6686499.5,31.229999542236328,28.649999618530273,2.5799999237060547,0.21499999364217123,364100,6686400,False,False,False
364227.5,6686499.5,29.90999984741211,23.31999969482422,6.590000152587891,0.5491666793823242,364200,6686400,False,False,False
364242.5,6686499.5,29.90999984741211,25.969999313354492,3.940000534057617,0.32833337783813477,364200,6686400,False,False,False
364259.5,6686499.5,19.610000610351562,9.260000228881836,10.350000381469727,0.8625000317891439,364200,6686400,False,False,False
364271.5,6686499.5,20.350000381469727,9.119999885559082,11.230000495910645,0.9358333746592203,364200,6686400,False,False,False
364291.5,6686499.5,15.0600004196167,9.4399995803833,5.620000839233398,0.4683334032694499,364200,6686400,False,False,False
364345.5,6686499.5,21.479999542236328,14.350000381469727,7.129999160766602,0.5941665967305502,364300,6686400,False,False,False
364373.5,6686499.5,5.25,0.0,5.25,0.4375,364300,6686400,False,False,False
364390.5,6686499.5,10.800000190734863,9.020000457763672,1.7799997329711914,0.14833331108093262,364300,6686400,False,False,False
364435.5,6686499.5,21.579999923706055,21.389999389648438,0.1900005340576172,0.015833377838134766,364400,6686400,False,False,False
364442.5,6686499.5,23.260000228881836,21.110000610351562,2.1499996185302734,0.1791666348775228,364400,6686400,False,False,False
364493.5,6686499.5,25.209999084472656,21.31999969482422,3.8899993896484375,0.32416661580403644,364400,6686400,False,False,False
364634.5,6686499.5,28.239999771118164,25.65999984741211,2.5799999237060547,0.21499999364217123,364600,6686400,True,False,True
364659.5,6686499.5,24.90999984741211,21.899999618530273,3.010000228881836,0.25083335240681964,364600,6686400,True,False,True
364707.5,6686499.5,9.890000343322754,9.0600004196167,0.8299999237060547,0.06916666030883789,364700,6686400,False,False,False
364920.5,6686499.5,6.800000190734863,4.449999809265137,2.3500003814697266,0.1958333651224772,364900,6686400,False,False,False
364932.5,6686499.5,21.770000457763672,20.309999465942383,1.460000991821289,0.12166674931844075,364900,6686400,False,False,False
364961.5,6686499.5,10.869999885559082,6.679999828338623,4.190000057220459,0.34916667143503827,364900,6686400,False,False,False
364987.5,6686499.5,11.420000076293945,4.110000133514404,7.309999942779541,0.609166661898295,364900,6686400,False,False,False
364115.5,6686498.5,28.350000381469727,27.010000228881836,1.3400001525878906,0.11166667938232422,364100,6686400,False,False,False
364361.5,6686498.5,21.170000076293945,13.359999656677246,7.810000419616699,0.6508333683013916,364300,6686400,False,False,False
364574.5,6686498.5,29.639999389648438,27.0,2.6399993896484375,0.21999994913736978,364500,6686400,True,True,False
364596.5,6686498.5,27.520000457763672,26.610000610351562,0.9099998474121094,0.07583332061767578,364500,6686400,True,False,True
364101.5,6686497.5,31.469999313354492,28.280000686645508,3.1899986267089844,0.26583321889241535,364100,6686400,False,False,False
364217.5,6686497.5,30.170000076293945,22.989999771118164,7.180000305175781,0.5983333587646484,364200,6686400,False,False,False
364334.5,6686497.5,21.059999465942383,15.1899995803833,5.869999885559082,0.4891666571299235,364300,6686400,False,False,False
364457.5,6686497.5,5.420000076293945,4.849999904632568,0.570000171661377,0.047500014305114746,364400,6686400,False,False,False
364538.5,6686497.5,25.610000610351562,24.100000381469727,1.510000228881836,0.12583335240681967,364500,6686400,True,False,True
364585.5,6686497.5,27.799999237060547,26.309999465942383,1.489999771118164,0.12416664759318034,364500,6686400,True,False,True
364909.5,6686497.5,5.75,4.360000133514404,1.3899998664855957,0.11583332220713298,364900,6686400,False,False,False
364150.5,6686496.5,32.29999923706055,26.93000030517578,5.369998931884766,0.44749991099039715,364100,6686400,False,False,False
364474.5,6686496.5,24.6200008392334,22.610000610351562,2.010000228881836,0.16750001907348633,364400,6686400,False,False,False
364484.5,6686496.5,24.709999084472656,19.969999313354492,4.739999771118164,0.39499998092651367,364400,6686400,False,False,False
364676.5,6686496.5,26.290000915527344,21.690000534057617,4.600000381469727,0.38333336512247723,364600,6686400,True,False,True
364687.5,6686496.5,21.559999465942383,19.93000030517578,1.6299991607666016,0.1358332633972168,364600,6686400,True,False,True
364702.5,6686496.5,11.470000267028809,8.680000305175781,2.7899999618530273,0.2324999968210856,364700,6686400,False,False,False
364368.5,6686495.5,7.900000095367432,3.9600000381469727,3.940000057220459,0.3283333381017049,364300,6686400,False,False,False
364620.5,6686495.5,29.790000915527344,27.93000030517578,1.8600006103515625,0.15500005086263022,364600,6686400,True,False,True
364557.5,6686494.5,30.190000534057617,27.530000686645508,2.6599998474121094,0.22166665395100912,364500,6686400,True,True,False
364049.5,6686493.5,25.229999542236328,19.790000915527344,5.439998626708984,0.45333321889241535,364000,6686400,False,False,False
364068.5,6686493.5,30.110000610351562,28.40999984741211,1.7000007629394531,0.14166673024495444,364000,6686400,False,False,False
364419.5,6686493.5,25.6299991607666,23.25,2.3799991607666016,0.1983332633972168,364400,6686400,False,False,False
364607.5,6686493.5,28.989999771118164,27.979999542236328,1.010000228881836,0.084166685740153,364600,6686400,True,False,True
364636.5,6686493.5,27.209999084472656,22.850000381469727,4.35999870300293,0.36333322525024414,364600,6686400,True,False,True
364441.5,6686492.5,23.3700008392334,22.670000076293945,0.7000007629394531,0.058333396911621094,364400,6686400,False,False,False
364522.5,6686492.5,24.360000610351562,23.170000076293945,1.1900005340576172,0.0991667111714681,364500,6686400,True,False,True
364998.5,6686492.5,20.850000381469727,18.850000381469727,2.0,0.16666666666666666,364900,6686400,False,False,False
364246.5,6686491.5,27.75,25.1200008392334,2.6299991607666016,0.21916659673055014,364200,6686400,False,False,False
364278.5,6686491.5,21.8799991607666,13.569999694824219,8.309999465942383,0.6924999554951986,364200,6686400,False,False,False
364330.5,6686491.5,22.809999465942383,16.90999984741211,5.899999618530273,0.49166663487752277,364300,6686400,False,False,False
364473.5,6686491.5,24.540000915527344,19.18000030517578,5.3600006103515625,0.4466667175292969,364400,6686400,False,False,False
364645.5,6686491.5,28.510000228881836,25.579999923706055,2.9300003051757812,0.24416669209798178,364600,6686400,True,False,True
364312.5,6686490.5,26.520000457763672,17.75,8.770000457763672,0.730833371480306,364300,6686400,False,False,False
364398.5,6686490.5,12.850000381469727,9.140000343322754,3.7100000381469727,0.30916666984558105,364300,6686400,False,False,False
364432.5,6686490.5,25.3799991607666,23.530000686645508,1.8499984741210938,0.15416653951009116,364400,6686400,False,False,False
364944.5,6686490.5,21.829999923706055,18.440000534057617,3.3899993896484375,0.2824999491373698,364900,6686400,False,False,False
364971.5,6686490.5,27.219999313354492,27.459999084472656,-0.23999977111816406,-0.019999980926513672,364900,6686400,False,False,False
364267.5,6686489.5,22.6200008392334,17.6200008392334,5.0,0.4166666666666667,364200,6686400,False,False,False
364339.5,6686489.5,21.690000534057617,14.289999961853027,7.40000057220459,0.6166667143503824,364300,6686400,False,False,False
364510.5,6686489.5,25.260000228881836,21.780000686645508,3.479999542236328,0.28999996185302734,364500,6686400,True,False,True
364569.5,6686489.5,29.5,26.469999313354492,3.030000686645508,0.252500057220459,364500,6686400,True,True,False
364682.5,6686489.5,21.770000457763672,19.790000915527344,1.9799995422363281,0.16499996185302734,364600,6686400,True,False,True
364717.5,6686489.5,23.110000610351562,0.0,23.110000610351562,1.9258333841959636,364700,6686400,False,False,False
364353.5,6686488.5,16.139999389648438,10.899999618530273,5.239999771118164,0.43666664759318036,364300,6686400,False,False,False
364452.5,6686488.5,21.399999618530273,19.84000015258789,1.5599994659423828,0.12999995549519858,364400,6686400,False,False,False
364496.5,6686488.5,24.209999084472656,21.209999084472656,3.0,0.25,364400,6686400,False,False,False
364658.5,6686488.5,26.739999771118164,25.8799991607666,0.8600006103515625,0.07166671752929688,364600,6686400,True,False,True
364489.5,6686487.5,23.8700008392334,19.440000534057617,4.430000305175781,0.36916669209798175,364400,6686400,False,False,False
364586.5,6686487.5,28.190000534057617,25.149999618530273,3.0400009155273438,0.2533334096272786,364500,6686400,True,False,True
364707.5,6686487.5,19.75,19.6299991607666,0.12000083923339844,0.010000069936116537,364700,6686400,False,False,False
364999.5,6686487.5,21.34000015258789,20.450000762939453,0.8899993896484375,0.07416661580403645,364900,6686400,False,False,False
364053.5,6686486.5,20.530000686645508,18.3700008392334,2.1599998474121094,0.17999998728434244,364000,6686400,False,False,False
364414.5,6686486.5,26.149999618530273,21.989999771118164,4.159999847412109,0.3466666539510091,364400,6686400,False,False,False
364553.5,6686486.5,28.110000610351562,25.950000762939453,2.1599998474121094,0.17999998728434244,364500,6686400,True,False,True
364135.5,6686485.5,24.15999984741211,23.469999313354492,0.6900005340576172,0.05750004450480143,364100,6686400,False,False,False
364161.5,6686485.5,31.329999923706055,27.399999618530273,3.9300003051757812,0.3275000254313151,364100,6686400,False,False,False
364175.5,6686485.5,33.529998779296875,29.989999771118164,3.539999008178711,0.2949999173482259,364100,6686400,False,False,False
364199.5,6686485.5,22.8799991607666,24.43000030517578,-1.5500011444091797,-0.1291667620340983,364100,6686400,False,False,False
364426.5,6686485.5,25.969999313354492,22.389999389648438,3.5799999237060547,0.2983333269755046,364400,6686400,False,False,False
364520.5,6686485.5,26.440000534057617,25.110000610351562,1.3299999237060547,0.11083332697550456,364500,6686400,True,False,True
364612.5,6686485.5,29.649999618530273,28.719999313354492,0.9300003051757812,0.07750002543131511,364600,6686400,True,False,True
364637.5,6686485.5,26.420000076293945,24.959999084472656,1.460000991821289,0.12166674931844075,364600,6686400,True,False,True
364972.5,6686485.5,27.360000610351562,25.719999313354492,1.6400012969970703,0.13666677474975586,364900,6686400,False,False,False
364028.5,6686484.5,24.1299991607666,22.579999923706055,1.5499992370605469,0.1291666030883789,364000,6686400,False,False,False
364224.5,6686484.5,31.43000030517578,28.510000228881836,2.9200000762939453,0.2433333396911621,364200,6686400,False,False,False
364536.5,6686484.5,24.09000015258789,22.8799991607666,1.210000991821289,0.10083341598510742,364500,6686400,True,False,True
364121.5,6686483.5,19.010000228881836,14.859999656677246,4.15000057220459,0.34583338101704914,364100,6686400,False,False,False
364472.5,6686483.5,13.770000457763672,6.760000228881836,7.010000228881836,0.584166685740153,364400,6686400,False,False,False
364011.5,6686482.5,6.0,9.899999618530273,-3.8999996185302734,-0.32499996821085614,364000,6686400,False,False,False
364326.5,6686482.5,22.600000381469727,14.90999984741211,7.690000534057617,0.6408333778381348,364300,6686400,False,False,False
364569.5,6686482.5,28.389999389648438,25.25,3.1399993896484375,0.26166661580403644,364500,6686400,True,True,False
364651.5,6686482.5,27.790000915527344,23.579999923706055,4.210000991821289,0.3508334159851074,364600,6686400,True,False,True
364914.5,6686482.5,19.770000457763672,16.239999771118164,3.530000686645508,0.29416672388712567,364900,6686400,False,False,False
364986.5,6686482.5,23.530000686645508,17.75,5.780000686645508,0.48166672388712567,364900,6686400,False,False,False
364281.5,6686481.5,6.989999771118164,4.699999809265137,2.2899999618530273,0.19083333015441895,364200,6686400,False,False,False
364645.5,6686481.5,26.700000762939453,24.299999237060547,2.4000015258789062,0.20000012715657553,364600,6686400,True,False,True
364996.5,6686481.5,25.75,24.110000610351562,1.6399993896484375,0.13666661580403647,364900,6686400,False,False,False
364071.5,6686480.5,25.440000534057617,22.100000381469727,3.3400001525878906,0.2783333460489909,364000,6686400,False,False,False
364108.5,6686480.5,20.31999969482422,17.639999389648438,2.6800003051757812,0.22333335876464844,364100,6686400,False,False,False
364397.5,6686480.5,5.739999771118164,0.0,5.739999771118164,0.478333314259847,364300,6686400,False,False,False
364455.5,6686480.5,20.790000915527344,19.8799991607666,0.9100017547607422,0.07583347956339519,364400,6686400,False,False,False
364496.5,6686480.5,22.229999542236328,19.829999923706055,2.3999996185302734,0.1999999682108561,364400,6686400,False,False,False
364688.5,6686480.5,26.399999618530273,24.479999542236328,1.9200000762939453,0.16000000635782877,364600,6686400,True,False,True
364705.5,6686480.5,20.8799991607666,20.889999389648438,-0.010000228881835938,-0.0008333524068196615,364700,6686400,False,False,False
364046.5,6686479.5,22.1200008392334,15.859999656677246,6.260001182556152,0.5216667652130127,364000,6686400,False,False,False
364603.5,6686479.5,30.030000686645508,29.139999389648438,0.8900012969970703,0.07416677474975586,364600,6686400,True,False,True
364951.5,6686479.5,23.549999237060547,21.780000686645508,1.769998550415039,0.14749987920125326,364900,6686400,False,False,False
364341.5,6686478.5,16.3799991607666,11.260000228881836,5.119998931884766,0.4266665776570638,364300,6686400,False,False,False
364586.5,6686478.5,28.829999923706055,27.399999618530273,1.4300003051757812,0.11916669209798177,364500,6686400,True,True,False
364000.5,6686477.5,27.989999771118164,27.43000030517578,0.5599994659423828,0.046666622161865234,364000,6686400,False,False,False
364030.5,6686477.5,25.059999465942383,23.530000686645508,1.529998779296875,0.1274998982747396,364000,6686400,False,False,False
364101.5,6686477.5,23.670000076293945,21.549999237060547,2.1200008392333984,0.1766667366027832,364100,6686400,False,False,False
364188.5,6686477.5,37.56999969482422,35.099998474121094,2.470001220703125,0.20583343505859375,364100,6686400,False,False,False
364217.5,6686477.5,32.959999084472656,30.18000030517578,2.779998779296875,0.23166656494140625,364200,6686400,False,False,False
364367.5,6686477.5,18.84000015258789,11.399999618530273,7.440000534057617,0.6200000445048014,364300,6686400,False,False,False
364661.5,6686477.5,27.920000076293945,25.860000610351562,2.059999465942383,0.17166662216186523,364600,6686400,True,False,True
364200.5,6686476.5,36.75,34.189998626708984,2.5600013732910156,0.2133334477742513,364200,6686400,False,False,False
364333.5,6686476.5,21.729999542236328,14.4399995803833,7.289999961853027,0.6074999968210856,364300,6686400,False,False,False
364354.5,6686476.5,19.600000381469727,14.229999542236328,5.370000839233398,0.4475000699361165,364300,6686400,False,False,False
364438.5,6686476.5,24.1200008392334,23.229999542236328,0.8900012969970703,0.07416677474975586,364400,6686400,False,False,False
364533.5,6686476.5,27.0,24.239999771118164,2.760000228881836,0.23000001907348633,364500,6686400,True,False,True
364615.5,6686476.5,32.47999954223633,29.969999313354492,2.510000228881836,0.20916668574015299,364600,6686400,True,True,False
364671.5,6686476.5,27.510000228881836,24.520000457763672,2.989999771118164,0.24916664759318033,364600,6686400,True,False,True
364718.5,6686476.5,5.260000228881836,0.7099999785423279,4.550000250339508,0.37916668752829236,364700,6686400,False,False,False
364972.5,6686476.5,21.56999969482422,20.389999389648438,1.1800003051757812,0.09833335876464844,364900,6686400,False,False,False
364983.5,6686476.5,24.260000228881836,19.670000076293945,4.590000152587891,0.38250001271565753,364900,6686400,False,False,False
364447.5,6686475.5,21.709999084472656,18.559999465942383,3.1499996185302734,0.26249996821085614,364400,6686400,False,False,False
364506.5,6686475.5,26.239999771118164,20.350000381469727,5.8899993896484375,0.4908332824707031,364500,6686400,True,False,True
364596.5,6686475.5,29.1200008392334,27.110000610351562,2.010000228881836,0.16750001907348633,364500,6686400,True,True,False
364918.5,6686475.5,20.040000915527344,17.43000030517578,2.6100006103515625,0.21750005086263022,364900,6686400,False,False,False
364116.5,6686474.5,22.399999618530273,20.90999984741211,1.489999771118164,0.12416664759318034,364100,6686400,False,False,False
364555.5,6686474.5,29.219999313354492,25.969999313354492,3.25,0.2708333333333333,364500,6686400,True,True,False
364631.5,6686474.5,27.850000381469727,25.979999542236328,1.8700008392333984,0.15583340326944986,364600,6686400,True,False,True
364936.5,6686474.5,25.6299991607666,23.549999237060547,2.0799999237060547,0.17333332697550455,364900,6686400,False,False,False
364058.5,6686473.5,21.649999618530273,19.190000534057617,2.4599990844726562,0.2049999237060547,364000,6686400,False,False,False
364090.5,6686473.5,24.639999389648438,21.200000762939453,3.4399986267089844,0.2866665522257487,364000,6686400,False,False,False
364152.5,6686473.5,29.420000076293945,27.549999237060547,1.8700008392333984,0.15583340326944986,364100,6686400,False,False,False
364233.5,6686473.5,31.790000915527344,29.969999313354492,1.8200016021728516,0.15166680018107095,364200,6686400,False,False,False
364420.5,6686473.5,24.780000686645508,22.139999389648438,2.6400012969970703,0.2200001080830892,364400,6686400,False,False,False
364425.5,6686473.5,24.770000457763672,22.479999542236328,2.2900009155273438,0.19083340962727866,364400,6686400,False,False,False
364489.5,6686473.5,22.170000076293945,17.969999313354492,4.200000762939453,0.3500000635782878,364400,6686400,False,False,False
364577.5,6686473.5,28.25,26.469999313354492,1.7800006866455078,0.14833339055379233,364500,6686400,True,False,True
364652.5,6686473.5,29.770000457763672,28.170000076293945,1.6000003814697266,0.1333333651224772,364600,6686400,True,False,True
364680.5,6686473.5,28.219999313354492,26.34000015258789,1.8799991607666016,0.15666659673055014,364600,6686400,True,False,True
364694.5,6686473.5,26.329999923706055,25.309999465942383,1.0200004577636719,0.08500003814697266,364600,6686400,True,False,True
364961.5,6686473.5,23.299999237060547,18.559999465942383,4.739999771118164,0.39499998092651367,364900,6686400,False,False,False
364130.5,6686472.5,21.709999084472656,20.889999389648438,0.8199996948242188,0.06833330790201823,364100,6686400,False,False,False
364268.5,6686472.5,23.719999313354492,16.350000381469727,7.369998931884766,0.6141665776570638,364200,6686400,False,False,False
364397.5,6686472.5,7.71999979019165,0.0,7.71999979019165,0.6433333158493042,364300,6686400,False,False,False
364543.5,6686472.5,26.040000915527344,24.049999237060547,1.9900016784667969,0.1658334732055664,364500,6686400,True,False,True
364570.5,6686472.5,25.65999984741211,24.079999923706055,1.5799999237060547,0.1316666603088379,364500,6686400,True,False,True
364624.5,6686472.5,29.059999465942383,27.770000457763672,1.289999008178711,0.1074999173482259,364600,6686400,True,False,True
364078.5,6686471.5,26.93000030517578,24.90999984741211,2.020000457763672,0.168333371480306,364000,6686400,False,False,False
364318.5,6686471.5,21.540000915527344,16.700000762939453,4.840000152587891,0.4033333460489909,364300,6686400,False,False,False
364329.5,6686471.5,22.959999084472656,16.989999771118164,5.969999313354492,0.497499942779541,364300,6686400,False,False,False
364358.5,6686471.5,19.219999313354492,13.970000267028809,5.249999046325684,0.4374999205271403,364300,6686400,False,False,False
364525.5,6686471.5,28.729999542236328,26.31999969482422,2.4099998474121094,0.20083332061767578,364500,6686400,True,True,False
364285.5,6686470.5,23.049999237060547,16.93000030517578,6.119998931884766,0.5099999109903971,364200,6686400,False,False,False
364018.5,6686469.5,24.440000534057617,23.420000076293945,1.0200004577636719,0.08500003814697266,364000,6686400,False,False,False
364047.5,6686469.5,29.149999618530273,24.43000030517578,4.719999313354492,0.39333327611287433,364000,6686400,False,False,False
364067.5,6686469.5,23.729999542236328,21.3799991607666,2.3500003814697266,0.1958333651224772,364000,6686400,False,False,False
364103.5,6686469.5,22.309999465942383,19.739999771118164,2.5699996948242188,0.21416664123535156,364100,6686400,False,False,False
364136.5,6686469.5,19.93000030517578,20.969999313354492,-1.039999008178711,-0.08666658401489258,364100,6686400,False,False,False
364248.5,6686469.5,32.90999984741211,28.739999771118164,4.170000076293945,0.3475000063578288,364200,6686400,False,False,False
364450.5,6686469.5,23.75,20.020000457763672,3.729999542236328,0.31083329518636066,364400,6686400,False,False,False
364477.5,6686469.5,19.549999237060547,17.360000610351562,2.1899986267089844,0.18249988555908203,364400,6686400,False,False,False
364644.5,6686469.5,29.799999237060547,27.260000228881836,2.539999008178711,0.21166658401489258,364600,6686400,True,False,True
364167.5,6686468.5,31.889999389648438,27.520000457763672,4.369998931884766,0.3641665776570638,364100,6686400,False,False,False
364339.5,6686468.5,21.959999084472656,15.6899995803833,6.2699995040893555,0.5224999586741129,364300,6686400,False,False,False
364027.5,6686467.5,26.1299991607666,25.309999465942383,0.8199996948242188,0.06833330790201823,364000,6686400,False,False,False
364241.5,6686467.5,32.41999816894531,29.65999984741211,2.759998321533203,0.22999986012776694,364200,6686400,False,False,False
364278.5,6686467.5,20.940000534057617,14.229999542236328,6.710000991821289,0.5591667493184408,364200,6686400,False,False,False
364413.5,6686467.5,10.069999694824219,0.0,10.069999694824219,0.8391666412353516,364400,6686400,False,False,False
364632.5,6686467.5,28.790000915527344,26.149999618530273,2.6400012969970703,0.2200001080830892,364600,6686400,True,False,True
364925.5,6686467.5,19.809999465942383,17.440000534057617,2.3699989318847656,0.19749991099039713,364900,6686400,False,False,False
364954.5,6686467.5,24.920000076293945,23.34000015258789,1.5799999237060547,0.1316666603088379,364900,6686400,False,False,False
364179.5,6686466.5,33.66999816894531,28.979999542236328,4.689998626708984,0.39083321889241535,364100,6686400,False,False,False
364561.5,6686466.5,28.420000076293945,26.290000915527344,2.1299991607666016,0.17749993006388345,364500,6686400,True,True,False
364675.5,6686466.5,27.739999771118164,26.219999313354492,1.5200004577636719,0.1266667048136393,364600,6686400,True,False,True
364040.5,6686465.5,24.489999771118164,22.479999542236328,2.010000228881836,0.16750001907348633,364000,6686400,False,False,False
364125.5,6686465.5,16.360000610351562,16.979999542236328,-0.6199989318847656,-0.051666577657063804,364100,6686400,False,False,False
364151.5,6686465.5,27.09000015258789,20.1299991607666,6.960000991821289,0.580000082651774,364100,6686400,False,False,False
364185.5,6686465.5,33.810001373291016,32.04999923706055,1.7600021362304688,0.1466668446858724,364100,6686400,False,False,False
364406.5,6686465.5,9.779999732971191,0.0,9.779999732971191,0.8149999777475992,364400,6686400,False,False,False
364443.5,6686465.5,24.040000915527344,19.209999084472656,4.8300018310546875,0.4025001525878906,364400,6686400,False,False,False
364540.5,6686465.5,27.760000228881836,24.100000381469727,3.6599998474121094,0.30499998728434247,364500,6686400,True,False,True
364572.5,6686465.5,29.540000915527344,27.65999984741211,1.8800010681152344,0.15666675567626953,364500,6686400,True,True,False
364599.5,6686465.5,28.170000076293945,25.0,3.1700000762939453,0.2641666730244954,364500,6686400,True,False,True
364666.5,6686465.5,29.809999465942383,26.25,3.559999465942383,0.29666662216186523,364600,6686400,True,False,True
364298.5,6686464.5,24.56999969482422,17.200000762939453,7.369998931884766,0.6141665776570638,364200,6686400,False,False,False
364348.5,6686464.5,22.31999969482422,15.729999542236328,6.590000152587891,0.5491666793823242,364300,6686400,False,False,False
364435.5,6686464.5,24.860000610351562,19.809999465942383,5.05000114440918,0.42083342870076496,364400,6686400,False,False,False
364512.5,6686464.5,23.860000610351562,22.239999771118164,1.6200008392333984,0.13500006993611655,364500,6686400,True,False,True
364332.5,6686463.5,21.899999618530273,17.850000381469727,4.049999237060547,0.3374999364217122,364300,6686400,False,False,False
364722.5,6686463.5,21.139999389648438,20.25,0.8899993896484375,0.07416661580403645,364700,6686400,False,False,False
364971.5,6686463.5,24.190000534057617,22.079999923706055,2.1100006103515625,0.17583338419596353,364900,6686400,False,False,False
364249.5,6686462.5,32.380001068115234,29.3799991607666,3.000001907348633,0.2500001589457194,364200,6686400,False,False,False
364276.5,6686462.5,21.93000030517578,14.65999984741211,7.270000457763672,0.605833371480306,364200,6686400,False,False,False
364359.5,6686462.5,21.850000381469727,15.239999771118164,6.6100006103515625,0.5508333841959635,364300,6686400,False,False,False
364934.5,6686462.5,22.829999923706055,21.350000381469727,1.4799995422363281,0.12333329518636067,364900,6686400,False,False,False
364990.5,6686462.5,24.969999313354492,23.670000076293945,1.2999992370605469,0.10833326975504558,364900,6686400,False,False,False
364221.5,6686461.5,36.95000076293945,33.439998626708984,3.5100021362304688,0.29250017801920575,364200,6686400,False,False,False
364657.5,6686461.5,31.34000015258789,28.190000534057617,3.1499996185302734,0.26249996821085614,364600,6686400,True,True,False
364944.5,6686461.5,23.579999923706055,0.0,23.579999923706055,1.9649999936421711,364900,6686400,False,False,False
364092.5,6686460.5,18.75,18.049999237060547,0.7000007629394531,0.058333396911621094,364000,6686400,False,False,False
364553.5,6686460.5,27.479999542236328,25.18000030517578,2.299999237060547,0.1916666030883789,364500,6686400,True,False,True
364106.5,6686459.5,17.170000076293945,15.710000038146973,1.4600000381469727,0.12166666984558105,364100,6686400,False,False,False
364120.5,6686459.5,18.399999618530273,17.81999969482422,0.5799999237060547,0.048333326975504555,364100,6686400,False,False,False
364161.5,6686459.5,29.420000076293945,27.649999618530273,1.7700004577636719,0.14750003814697266,364100,6686400,False,False,False
364237.5,6686459.5,32.91999816894531,29.239999771118164,3.6799983978271484,0.3066665331522624,364200,6686400,False,False,False
364258.5,6686459.5,29.5,27.030000686645508,2.469999313354492,0.20583327611287436,364200,6686400,False,False,False
364428.5,6686459.5,19.229999542236328,13.789999961853027,5.439999580383301,0.4533332983652751,364400,6686400,False,False,False
364623.5,6686459.5,27.31999969482422,25.790000915527344,1.529998779296875,0.1274998982747396,364600,6686400,True,False,True
364674.5,6686459.5,26.579999923706055,25.3799991607666,1.2000007629394531,0.10000006357828777,364600,6686400,True,False,True
364025.5,6686458.5,25.489999771118164,25.549999237060547,-0.05999946594238281,-0.004999955495198567,364000,6686400,False,False,False
364067.5,6686458.5,21.790000915527344,19.8700008392334,1.9200000762939453,0.16000000635782877,364000,6686400,False,False,False
364082.5,6686458.5,9.199999809265137,15.489999771118164,-6.289999961853027,-0.5241666634877523,364000,6686400,False,False,False
364324.5,6686458.5,24.030000686645508,16.559999465942383,7.470001220703125,0.6225001017252604,364300,6686400,False,False,False
364579.5,6686458.5,26.770000457763672,23.75,3.020000457763672,0.25166670481363934,364500,6686400,True,False,True
364032.5,6686457.5,24.489999771118164,22.290000915527344,2.1999988555908203,0.1833332379659017,364000,6686400,False,False,False
364060.5,6686457.5,16.690000534057617,10.760000228881836,5.930000305175781,0.49416669209798175,364000,6686400,False,False,False
364115.5,6686457.5,18.90999984741211,18.030000686645508,0.8799991607666016,0.0733332633972168,364100,6686400,False,False,False
364960.5,6686457.5,26.809999465942383,25.729999542236328,1.0799999237060547,0.08999999364217122,364900,6686400,False,False,False
364169.5,6686456.5,26.8700008392334,24.940000534057617,1.9300003051757812,0.16083335876464844,364100,6686400,False,False,False
364284.5,6686456.5,18.68000030517578,11.09000015258789,7.590000152587891,0.6325000127156576,364200,6686400,False,False,False
364291.5,6686456.5,21.399999618530273,15.699999809265137,5.699999809265137,0.47499998410542804,364200,6686400,False,False,False
364300.5,6686456.5,20.739999771118164,16.049999237060547,4.690000534057617,0.39083337783813477,364300,6686400,False,False,False
364732.5,6686456.5,16.889999389648438,14.270000457763672,2.6199989318847656,0.21833324432373047,364700,6686400,False,False,False
364128.5,6686455.5,19.5,16.530000686645508,2.969999313354492,0.24749994277954102,364100,6686400,False,False,False
364210.5,6686455.5,20.6200008392334,15.550000190734863,5.070000648498535,0.4225000540415446,364200,6686400,False,False,False
364506.5,6686455.5,22.81999969482422,17.90999984741211,4.909999847412109,0.4091666539510091,364500,6686400,True,False,True
364970.5,6686455.5,25.299999237060547,23.979999542236328,1.3199996948242188,0.10999997456868489,364900,6686400,False,False,False
364999.5,6686455.5,24.790000915527344,24.190000534057617,0.6000003814697266,0.05000003178914388,364900,6686400,False,False,False
364003.5,6686454.5,29.270000457763672,26.610000610351562,2.6599998474121094,0.22166665395100912,364000,6686400,False,False,False
364267.5,6686454.5,29.420000076293945,20.329999923706055,9.09000015258789,0.7575000127156576,364200,6686400,False,False,False
364311.5,6686454.5,21.459999084472656,12.630000114440918,8.829998970031738,0.7358332475026449,364300,6686400,False,False,False
364385.5,6686454.5,9.449999809265137,5.159999847412109,4.289999961853027,0.35749999682108563,364300,6686400,False,False,False
364529.5,6686454.5,20.1299991607666,19.559999465942383,0.5699996948242188,0.0474999745686849,364500,6686400,True,False,True
364588.5,6686454.5,24.739999771118164,21.760000228881836,2.979999542236328,0.2483332951863607,364500,6686400,True,False,True
364936.5,6686454.5,19.84000015258789,17.979999542236328,1.8600006103515625,0.15500005086263022,364900,6686400,False,False,False
364094.5,6686453.5,18.030000686645508,13.180000305175781,4.850000381469727,0.40416669845581055,364000,6686400,False,False,False
364186.5,6686453.5,29.06999969482422,25.649999618530273,3.4200000762939453,0.2850000063578288,364100,6686400,False,False,False
364540.5,6686453.5,22.59000015258789,17.5,5.090000152587891,0.4241666793823242,364500,6686400,True,False,True
364662.5,6686453.5,31.5,29.43000030517578,2.0699996948242188,0.1724999745686849,364600,6686400,True,True,False
364712.5,6686453.5,29.229999542236328,28.15999984741211,1.0699996948242188,0.08916664123535156,364700,6686400,False,False,False
364324.5,6686452.5,21.850000381469727,15.260000228881836,6.590000152587891,0.5491666793823242,364300,6686400,False,False,False
364340.5,6686452.5,21.540000915527344,14.100000381469727,7.440000534057617,0.6200000445048014,364300,6686400,False,False,False
364607.5,6686452.5,24.6200008392334,21.31999969482422,3.3000011444091797,0.27500009536743164,364600,6686400,True,False,True
364642.5,6686452.5,31.959999084472656,29.190000534057617,2.769998550415039,0.23083321253458658,364600,6686400,True,True,False
364986.5,6686452.5,24.170000076293945,21.600000381469727,2.5699996948242188,0.21416664123535156,364900,6686400,False,False,False
364067.5,6686451.5,20.940000534057617,17.90999984741211,3.030000686645508,0.252500057220459,364000,6686400,False,False,False
364074.5,6686451.5,21.959999084472656,16.790000915527344,5.1699981689453125,0.4308331807454427,364000,6686400,False,False,False
364028.5,6686450.5,22.93000030517578,20.59000015258789,2.3400001525878906,0.19500001271565756,364000,6686400,False,False,False
364372.5,6686450.5,21.420000076293945,13.239999771118164,8.180000305175781,0.6816666920979818,364300,6686400,False,False,False
364568.5,6686450.5,24.770000457763672,23.5,1.2700004577636719,0.10583337148030598,364500,6686400,True,False,True
364615.5,6686450.5,26.3799991607666,22.110000610351562,4.269998550415039,0.3558332125345866,364600,6686400,True,False,True
364977.5,6686450.5,24.700000762939453,24.1200008392334,0.5799999237060547,0.048333326975504555,364900,6686400,False,False,False
364086.5,6686449.5,19.670000076293945,18.389999389648438,1.2800006866455078,0.10666672388712566,364000,6686400,False,False,False
364112.5,6686449.5,15.34000015258789,9.59000015258789,5.75,0.4791666666666667,364100,6686400,False,False,False
364123.5,6686449.5,20.280000686645508,16.440000534057617,3.8400001525878906,0.32000001271565753,364100,6686400,False,False,False
364142.5,6686449.5,18.3700008392334,16.06999969482422,2.3000011444091797,0.1916667620340983,364100,6686400,False,False,False
364500.5,6686449.5,22.639999389648438,19.219999313354492,3.4200000762939453,0.2850000063578288,364500,6686400,True,False,True
364698.5,6686449.5,31.59000015258789,29.68000030517578,1.9099998474121094,0.15916665395100912,364600,6686400,True,True,False
364726.5,6686449.5,25.610000610351562,22.8799991607666,2.730001449584961,0.22750012079874674,364700,6686400,False,False,False
364734.5,6686449.5,12.869999885559082,12.239999771118164,0.630000114440918,0.052500009536743164,364700,6686400,False,False,False
364945.5,6686449.5,17.149999618530273,14.300000190734863,2.84999942779541,0.23749995231628418,364900,6686400,False,False,False
364129.5,6686448.5,20.479999542236328,16.940000534057617,3.539999008178711,0.2949999173482259,364100,6686400,False,False,False
364212.5,6686448.5,23.31999969482422,17.899999618530273,5.420000076293945,0.4516666730244954,364200,6686400,False,False,False
364553.5,6686448.5,24.329999923706055,19.6299991607666,4.700000762939453,0.3916667302449544,364500,6686400,True,False,True
364623.5,6686448.5,27.0,26.049999237060547,0.9500007629394531,0.07916673024495442,364600,6686400,True,False,True
364954.5,6686448.5,24.59000015258789,19.549999237060547,5.040000915527344,0.4200000762939453,364900,6686400,False,False,False
364242.5,6686447.5,25.299999237060547,2.8299999237060547,22.469999313354492,1.872499942779541,364200,6686400,False,False,False
364526.5,6686447.5,23.899999618530273,18.459999084472656,5.440000534057617,0.45333337783813477,364500,6686400,True,False,True
364999.5,6686447.5,26.440000534057617,22.809999465942383,3.6300010681152344,0.30250008900960285,364900,6686400,False,False,False
364258.5,6686446.5,29.700000762939453,26.75,2.950000762939453,0.2458333969116211,364200,6686400,False,False,False
364427.5,6686446.5,9.050000190734863,4.380000114440918,4.670000076293945,0.3891666730244954,364400,6686400,False,False,False
364969.5,6686446.5,27.59000015258789,26.25,1.3400001525878906,0.11166667938232422,364900,6686400,False,False,False
364041.5,6686445.5,14.600000381469727,14.729999542236328,-0.12999916076660156,-0.010833263397216797,364000,6686400,False,False,False
364098.5,6686445.5,19.549999237060547,17.34000015258789,2.2099990844726562,0.18416659037272134,364000,6686400,False,False,False
364148.5,6686445.5,18.84000015258789,15.329999923706055,3.510000228881836,0.29250001907348633,364100,6686400,False,False,False
364164.5,6686445.5,20.540000915527344,18.670000076293945,1.8700008392333984,0.15583340326944986,364100,6686400,False,False,False
364371.5,6686445.5,20.559999465942383,13.140000343322754,7.419999122619629,0.6183332602183024,364300,6686400,False,False,False
364651.5,6686445.5,27.040000915527344,19.709999084472656,7.3300018310546875,0.610833485921224,364600,6686400,True,False,True
364052.5,6686444.5,20.700000762939453,18.309999465942383,2.3900012969970703,0.19916677474975586,364000,6686400,False,False,False
364059.5,6686444.5,20.489999771118164,19.280000686645508,1.2099990844726562,0.10083325703938802,364000,6686400,False,False,False
364513.5,6686444.5,23.34000015258789,16.81999969482422,6.520000457763672,0.543333371480306,364500,6686400,True,False,True
364746.5,6686444.5,8.760000228881836,7.840000152587891,0.9200000762939453,0.07666667302449544,364700,6686400,False,False,False
364993.5,6686444.5,21.34000015258789,17.09000015258789,4.25,0.3541666666666667,364900,6686400,False,False,False
364288.5,6686443.5,26.1299991607666,10.25,15.879999160766602,1.3233332633972168,364200,6686400,False,False,False
364361.5,6686443.5,17.270000457763672,13.130000114440918,4.140000343322754,0.3450000286102295,364300,6686400,False,False,False
364669.5,6686443.5,29.940000534057617,28.549999237060547,1.3900012969970703,0.11583344141642253,364600,6686400,True,False,True
364692.5,6686443.5,31.809999465942383,30.799999237060547,1.010000228881836,0.084166685740153,364600,6686400,True,True,False
364075.5,6686442.5,23.360000610351562,20.81999969482422,2.5400009155273438,0.21166674296061197,364000,6686400,False,False,False
364092.5,6686442.5,17.299999237060547,11.329999923706055,5.969999313354492,0.497499942779541,364000,6686400,False,False,False
364106.5,6686442.5,18.1299991607666,16.31999969482422,1.8099994659423828,0.1508332888285319,364100,6686400,False,False,False
364231.5,6686442.5,30.440000534057617,27.540000915527344,2.8999996185302734,0.2416666348775228,364200,6686400,False,False,False
364298.5,6686442.5,21.56999969482422,13.640000343322754,7.929999351501465,0.6608332792917887,364200,6686400,False,False,False
364503.5,6686442.5,21.489999771118164,18.959999084472656,2.530000686645508,0.21083339055379233,364500,6686400,True,False,True
364549.5,6686442.5,26.079999923706055,21.139999389648438,4.940000534057617,0.4116667111714681,364500,6686400,True,False,True
364601.5,6686442.5,26.110000610351562,24.770000457763672,1.3400001525878906,0.11166667938232422,364600,6686400,True,False,True
364618.5,6686442.5,25.270000457763672,23.93000030517578,1.3400001525878906,0.11166667938232422,364600,6686400,True,False,True
364707.5,6686442.5,30.200000762939453,26.829999923706055,3.3700008392333984,0.2808334032694499,364700,6686400,False,False,False
364084.5,6686441.5,21.549999237060547,19.790000915527344,1.7599983215332031,0.1466665267944336,364000,6686400,False,False,False
364115.5,6686441.5,19.469999313354492,18.1299991607666,1.3400001525878906,0.11166667938232422,364100,6686400,False,False,False
364192.5,6686441.5,28.600000381469727,22.770000457763672,5.829999923706055,0.4858333269755046,364100,6686400,False,False,False
364004.5,6686440.5,25.25,18.940000534057617,6.309999465942383,0.5258332888285319,364000,6686400,False,False,False
364127.5,6686440.5,22.43000030517578,17.850000381469727,4.579999923706055,0.3816666603088379,364100,6686400,False,False,False
364272.5,6686440.5,27.8799991607666,26.889999389648438,0.9899997711181641,0.08249998092651367,364200,6686400,False,False,False
364565.5,6686440.5,25.559999465942383,24.059999465942383,1.5,0.125,364500,6686400,True,False,True
364611.5,6686440.5,25.280000686645508,23.149999618530273,2.1300010681152344,0.17750008900960287,364600,6686400,True,False,True
364995.5,6686440.5,21.15999984741211,19.809999465942383,1.3500003814697266,0.11250003178914388,364900,6686400,False,False,False
364014.5,6686439.5,23.3700008392334,18.549999237060547,4.820001602172852,0.401666800181071,364000,6686400,False,False,False
364055.5,6686439.5,21.459999084472656,15.399999618530273,6.059999465942383,0.5049999554951986,364000,6686400,False,False,False
364155.5,6686438.5,22.149999618530273,20.65999984741211,1.489999771118164,0.12416664759318034,364100,6686400,False,False,False
364594.5,6686438.5,26.790000915527344,25.84000015258789,0.9500007629394531,0.07916673024495442,364500,6686400,True,False,True
364040.5,6686437.5,22.6299991607666,19.200000762939453,3.4299983978271484,0.285833199818929,364000,6686400,False,False,False
364135.5,6686437.5,19.110000610351562,16.459999084472656,2.6500015258789062,0.22083346048990884,364100,6686400,False,False,False
364166.5,6686437.5,18.530000686645508,15.09000015258789,3.440000534057617,0.2866667111714681,364100,6686400,False,False,False
364524.5,6686437.5,23.860000610351562,17.170000076293945,6.690000534057617,0.5575000445048014,364500,6686400,True,False,True
364600.5,6686437.5,26.110000610351562,24.739999771118164,1.3700008392333984,0.1141667366027832,364600,6686400,True,False,True
364636.5,6686437.5,28.850000381469727,26.329999923706055,2.520000457763672,0.21000003814697266,364600,6686400,True,False,True
364978.5,6686437.5,27.530000686645508,26.309999465942383,1.220001220703125,0.10166676839192708,364900,6686400,False,False,False
364141.5,6686436.5,21.200000762939453,16.579999923706055,4.620000839233398,0.3850000699361165,364100,6686400,False,False,False
364510.5,6686436.5,22.3799991607666,20.5,1.8799991607666016,0.15666659673055014,364500,6686400,True,False,True
364116.5,6686435.5,21.829999923706055,19.479999542236328,2.3500003814697266,0.1958333651224772,364100,6686400,False,False,False
364351.5,6686435.5,24.049999237060547,17.18000030517578,6.869998931884766,0.5724999109903971,364300,6686400,False,False,False
364371.5,6686435.5,16.6200008392334,9.239999771118164,7.380001068115234,0.6150000890096029,364300,6686400,False,False,False
364019.5,6686434.5,21.260000228881836,15.079999923706055,6.180000305175781,0.5150000254313151,364000,6686400,False,False,False
364102.5,6686434.5,21.280000686645508,20.6200008392334,0.6599998474121094,0.054999987284342446,364100,6686400,False,False,False
364276.5,6686434.5,21.229999542236328,17.850000381469727,3.3799991607666016,0.2816665967305501,364200,6686400,False,False,False
364287.5,6686434.5,16.049999237060547,9.399999618530273,6.649999618530273,0.5541666348775228,364200,6686400,False,False,False
364382.5,6686434.5,22.1299991607666,14.15999984741211,7.969999313354492,0.6641666094462076,364300,6686400,False,False,False
364568.5,6686434.5,26.399999618530273,24.329999923706055,2.0699996948242188,0.1724999745686849,364500,6686400,True,False,True
364589.5,6686434.5,26.8799991607666,25.65999984741211,1.2199993133544922,0.10166660944620769,364500,6686400,True,False,True
364653.5,6686434.5,31.239999771118164,29.65999984741211,1.5799999237060547,0.1316666603088379,364600,6686400,True,True,False
364093.5,6686433.5,22.709999084472656,20.690000534057617,2.019998550415039,0.16833321253458658,364000,6686400,False,False,False
364252.5,6686433.5,25.860000610351562,22.709999084472656,3.1500015258789062,0.2625001271565755,364200,6686400,False,False,False
364969.5,6686433.5,22.06999969482422,20.34000015258789,1.7299995422363281,0.144166628519694,364900,6686400,False,False,False
364172.5,6686432.5,19.600000381469727,13.199999809265137,6.40000057220459,0.5333333810170492,364100,6686400,False,False,False
364236.5,6686432.5,27.3799991607666,24.239999771118164,3.1399993896484375,0.26166661580403644,364200,6686400,False,False,False
364516.5,6686432.5,24.450000762939453,18.979999542236328,5.470001220703125,0.45583343505859375,364500,6686400,True,False,True
364621.5,6686432.5,26.239999771118164,22.84000015258789,3.3999996185302734,0.28333330154418945,364600,6686400,True,False,True
364752.5,6686432.5,20.889999389648438,18.709999084472656,2.1800003051757812,0.18166669209798178,364700,6686400,False,False,False
364990.5,6686432.5,25.989999771118164,24.360000610351562,1.6299991607666016,0.1358332633972168,364900,6686400,False,False,False
364211.5,6686431.5,35.599998474121094,30.65999984741211,4.939998626708984,0.4116665522257487,364200,6686400,False,False,False
364538.5,6686431.5,24.239999771118164,22.950000762939453,1.289999008178711,0.1074999173482259,364500,6686400,True,False,True
364552.5,6686431.5,25.670000076293945,21.829999923706055,3.8400001525878906,0.32000001271565753,364500,6686400,True,False,True
364318.5,6686430.5,22.110000610351562,15.770000457763672,6.340000152587891,0.5283333460489908,364300,6686400,False,False,False
364401.5,6686430.5,21.81999969482422,15.930000305175781,5.8899993896484375,0.4908332824707031,364400,6686400,False,False,False
364525.5,6686430.5,24.729999542236328,20.479999542236328,4.25,0.3541666666666667,364500,6686400,True,False,True
364035.5,6686429.5,20.25,18.479999542236328,1.7700004577636719,0.14750003814697266,364000,6686400,False,False,False
364072.5,6686429.5,18.920000076293945,16.170000076293945,2.75,0.22916666666666666,364000,6686400,False,False,False
364148.5,6686429.5,17.0,14.670000076293945,2.3299999237060547,0.1941666603088379,364100,6686400,False,False,False
364159.5,6686429.5,16.549999237060547,12.079999923706055,4.469999313354492,0.372499942779541,364100,6686400,False,False,False
364241.5,6686429.5,27.209999084472656,24.1200008392334,3.089998245239258,0.25749985376993817,364200,6686400,False,False,False
364263.5,6686429.5,20.6299991607666,15.359999656677246,5.2699995040893555,0.4391666253407796,364200,6686400,False,False,False
364546.5,6686429.5,25.6200008392334,23.860000610351562,1.760000228881836,0.14666668574015299,364500,6686400,True,False,True
364614.5,6686429.5,26.530000686645508,25.040000915527344,1.489999771118164,0.12416664759318034,364600,6686400,True,False,True
364669.5,6686429.5,32.43000030517578,30.8799991607666,1.5500011444091797,0.1291667620340983,364600,6686400,True,True,False
364728.5,6686429.5,22.06999969482422,19.06999969482422,3.0,0.25,364700,6686400,False,False,False
364977.5,6686429.5,20.959999084472656,20.56999969482422,0.3899993896484375,0.03249994913736979,364900,6686400,False,False,False
364178.5,6686428.5,18.610000610351562,15.239999771118164,3.3700008392333984,0.2808334032694499,364100,6686400,False,False,False
364281.5,6686428.5,29.739999771118164,26.25,3.489999771118164,0.290833314259847,364200,6686400,False,False,False
364292.5,6686428.5,12.039999961853027,0.0,12.039999961853027,1.003333330154419,364200,6686400,False,False,False
364572.5,6686428.5,26.530000686645508,25.239999771118164,1.2900009155273438,0.10750007629394531,364500,6686400,True,False,True
364740.5,6686428.5,21.479999542236328,20.25,1.2299995422363281,0.10249996185302734,364700,6686400,False,False,False
364102.5,6686427.5,20.93000030517578,19.920000076293945,1.010000228881836,0.084166685740153,364100,6686400,False,False,False
364139.5,6686427.5,24.09000015258789,19.690000534057617,4.399999618530273,0.36666663487752277,364100,6686400,False,False,False
364227.5,6686427.5,20.149999618530273,11.3100004196167,8.839999198913574,0.7366665999094645,364200,6686400,False,False,False
364011.5,6686426.5,25.530000686645508,23.8700008392334,1.6599998474121094,0.13833332061767578,364000,6686400,False,False,False
364055.5,6686426.5,15.680000305175781,6.349999904632568,9.330000400543213,0.7775000333786011,364000,6686400,False,False,False
364090.5,6686426.5,22.290000915527344,18.399999618530273,3.8900012969970703,0.32416677474975586,364000,6686400,False,False,False
364116.5,6686426.5,21.959999084472656,19.6299991607666,2.3299999237060547,0.1941666603088379,364100,6686400,False,False,False
364153.5,6686426.5,18.899999618530273,13.90999984741211,4.989999771118164,0.415833314259847,364100,6686400,False,False,False
364580.5,6686426.5,28.31999969482422,26.350000381469727,1.9699993133544922,0.16416660944620767,364500,6686400,True,False,True
364597.5,6686426.5,26.309999465942383,20.280000686645508,6.029998779296875,0.5024998982747396,364500,6686400,True,False,True
364000.5,6686425.5,25.299999237060547,23.170000076293945,2.1299991607666016,0.17749993006388345,364000,6686400,False,False,False
364020.5,6686425.5,23.360000610351562,17.760000228881836,5.600000381469727,0.46666669845581055,364000,6686400,False,False,False
364060.5,6686425.5,16.450000762939453,11.25,5.200000762939453,0.4333333969116211,364000,6686400,False,False,False
364127.5,6686425.5,14.75,9.960000038146973,4.789999961853027,0.39916666348775226,364100,6686400,False,False,False
364166.5,6686425.5,18.290000915527344,16.709999084472656,1.5800018310546875,0.13166681925455728,364100,6686400,False,False,False
364556.5,6686425.5,25.6299991607666,21.989999771118164,3.6399993896484375,0.3033332824707031,364500,6686400,True,False,True
364620.5,6686425.5,26.440000534057617,22.829999923706055,3.6100006103515625,0.30083338419596356,364600,6686400,True,False,True
364680.5,6686425.5,32.06999969482422,29.329999923706055,2.739999771118164,0.22833331425984701,364600,6686400,True,True,False
364378.5,6686424.5,24.989999771118164,14.3100004196167,10.679999351501465,0.8899999459584554,364300,6686400,False,False,False
364438.5,6686424.5,7.570000171661377,0.009999999776482582,7.560000171884894,0.6300000143237412,364400,6686400,False,False,False
364605.5,6686424.5,28.100000381469727,25.299999237060547,2.8000011444091797,0.23333342870076498,364600,6686400,True,False,True
364080.5,6686423.5,18.979999542236328,15.670000076293945,3.309999465942383,0.2758332888285319,364000,6686400,False,False,False
364313.5,6686423.5,24.31999969482422,19.149999618530273,5.170000076293945,0.4308333396911621,364300,6686400,False,False,False
364744.5,6686423.5,21.360000610351562,21.649999618530273,-0.28999900817871094,-0.024166584014892578,364700,6686400,False,False,False
364998.5,6686423.5,26.90999984741211,25.559999465942383,1.3500003814697266,0.11250003178914388,364900,6686400,False,False,False
364070.5,6686422.5,24.709999084472656,21.68000030517578,3.029998779296875,0.25249989827473956,364000,6686400,False,False,False
364242.5,6686422.5,30.549999237060547,26.3799991607666,4.170000076293945,0.3475000063578288,364200,6686400,False,False,False
364644.5,6686422.5,29.260000228881836,27.790000915527344,1.4699993133544922,0.12249994277954102,364600,6686400,True,False,True
364284.5,6686421.5,29.219999313354492,25.809999465942383,3.4099998474121094,0.2841666539510091,364200,6686400,False,False,False
364564.5,6686421.5,24.40999984741211,19.829999923706055,4.579999923706055,0.3816666603088379,364500,6686400,True,False,True
364634.5,6686421.5,21.860000610351562,17.850000381469727,4.010000228881836,0.334166685740153,364600,6686400,True,False,True
364159.5,6686420.5,16.329999923706055,12.789999961853027,3.5399999618530273,0.29499999682108563,364100,6686400,False,False,False
364198.5,6686420.5,21.780000686645508,18.299999237060547,3.480001449584961,0.29000012079874676,364100,6686400,False,False,False
364250.5,6686420.5,29.799999237060547,26.540000915527344,3.259998321533203,0.2716665267944336,364200,6686400,False,False,False
364370.5,6686420.5,25.479999542236328,20.059999465942383,5.420000076293945,0.4516666730244954,364300,6686400,False,False,False
364411.5,6686420.5,8.739999771118164,2.009999990463257,6.729999780654907,0.5608333150545756,364400,6686400,False,False,False
364528.5,6686420.5,25.229999542236328,20.6299991607666,4.600000381469727,0.38333336512247723,364500,6686400,True,False,True
364663.5,6686420.5,32.119998931884766,30.6299991607666,1.489999771118164,0.12416664759318034,364600,6686400,True,True,False
364982.5,6686420.5,20.829999923706055,19.93000030517578,0.8999996185302734,0.07499996821085612,364900,6686400,False,False,False
364274.5,6686419.5,25.299999237060547,22.959999084472656,2.3400001525878906,0.19500001271565756,364200,6686400,False,False,False
364337.5,6686419.5,5.929999828338623,0.0,5.929999828338623,0.49416665236155194,364300,6686400,False,False,False
364346.5,6686419.5,5.460000038146973,0.0,5.460000038146973,0.45500000317891437,364300,6686400,False,False,False
364537.5,6686419.5,26.329999923706055,24.790000915527344,1.539999008178711,0.12833325068155924,364500,6686400,True,False,True
364733.5,6686419.5,20.31999969482422,19.729999542236328,0.5900001525878906,0.04916667938232422,364700,6686400,False,False,False
364757.5,6686419.5,9.220000267028809,0.0,9.220000267028809,0.768333355585734,364700,6686400,False,False,False
364042.5,6686418.5,24.020000457763672,21.979999542236328,2.0400009155273438,0.1700000762939453,364000,6686400,False,False,False
364177.5,6686418.5,23.68000030517578,22.020000457763672,1.6599998474121094,0.13833332061767578,364100,6686400,False,False,False
364218.5,6686418.5,20.450000762939453,13.800000190734863,6.65000057220459,0.5541667143503824,364200,6686400,False,False,False
364397.5,6686418.5,7.619999885559082,0.0,7.619999885559082,0.6349999904632568,364300,6686400,False,False,False
364584.5,6686418.5,26.309999465942383,23.139999389648438,3.1700000762939453,0.2641666730244954,364500,6686400,True,False,True
364030.5,6686417.5,17.959999084472656,15.399999618530273,2.559999465942383,0.2133332888285319,364000,6686400,False,False,False
364094.5,6686417.5,21.1299991607666,15.369999885559082,5.7599992752075195,0.47999993960062665,364000,6686400,False,False,False
364102.5,6686417.5,21.639999389648438,18.559999465942383,3.0799999237060547,0.2566666603088379,364100,6686400,False,False,False
364143.5,6686417.5,21.079999923706055,17.5,3.5799999237060547,0.2983333269755046,364100,6686400,False,False,False
364149.5,6686417.5,21.399999618530273,17.450000762939453,3.9499988555908203,0.32916657129923504,364100,6686400,False,False,False
364267.5,6686417.5,25.350000381469727,11.869999885559082,13.480000495910645,1.1233333746592205,364200,6686400,False,False,False
364554.5,6686417.5,24.670000076293945,22.809999465942383,1.8600006103515625,0.15500005086263022,364500,6686400,True,False,True
364299.5,6686416.5,30.280000686645508,27.229999542236328,3.0500011444091797,0.2541667620340983,364200,6686400,False,False,False
364405.5,6686416.5,7.460000038146973,0.0,7.460000038146973,0.621666669845581,364400,6686400,False,False,False
364388.5,6686415.5,8.739999771118164,0.0,8.739999771118164,0.728333314259847,364300,6686400,False,False,False
364166.5,6686414.5,22.079999923706055,17.260000228881836,4.819999694824219,0.40166664123535156,364100,6686400,False,False,False
364744.5,6686414.5,21.979999542236328,21.200000762939453,0.779998779296875,0.06499989827473958,364700,6686400,False,False,False
364756.5,6686414.5,15.270000457763672,12.640000343322754,2.630000114440918,0.21916667620340982,364700,6686400,False,False,False
364077.5,6686413.5,24.649999618530273,22.489999771118164,2.1599998474121094,0.17999998728434244,364000,6686400,False,False,False
364128.5,6686413.5,22.350000381469727,19.940000534057617,2.4099998474121094,0.20083332061767578,364100,6686400,False,False,False
364137.5,6686413.5,9.109999656677246,6.179999828338623,2.929999828338623,0.2441666523615519,364100,6686400,False,False,False
364225.5,6686413.5,29.06999969482422,26.56999969482422,2.5,0.20833333333333334,364200,6686400,False,False,False
364414.5,6686413.5,5.900000095367432,0.10000000149011612,5.8000000938773155,0.48333334115644294,364400,6686400,False,False,False
364686.5,6686413.5,30.3799991607666,28.559999465942383,1.8199996948242188,0.15166664123535156,364600,6686400,True,False,True
364054.5,6686412.5,21.6299991607666,19.649999618530273,1.9799995422363281,0.16499996185302734,364000,6686400,False,False,False
364196.5,6686412.5,24.639999389648438,18.65999984741211,5.979999542236328,0.49833329518636066,364100,6686400,False,False,False
364362.5,6686412.5,24.229999542236328,16.020000457763672,8.209999084472656,0.6841665903727213,364300,6686400,False,False,False
364433.5,6686412.5,7.789999961853027,0.4000000059604645,7.389999955892563,0.6158333296577135,364400,6686400,False,False,False
364575.5,6686412.5,26.989999771118164,26.049999237060547,0.9400005340576172,0.07833337783813477,364500,6686400,True,False,True
364001.5,6686411.5,24.8799991607666,23.299999237060547,1.5799999237060547,0.1316666603088379,364000,6686400,False,False,False
364035.5,6686411.5,18.799999237060547,14.460000038146973,4.339999198913574,0.36166659990946454,364000,6686400,False,False,False
364095.5,6686411.5,23.610000610351562,19.260000228881836,4.350000381469727,0.36250003178914386,364000,6686400,False,False,False
364184.5,6686411.5,25.850000381469727,23.280000686645508,2.5699996948242188,0.21416664123535156,364100,6686400,False,False,False
364242.5,6686411.5,34.15999984741211,31.299999237060547,2.8600006103515625,0.23833338419596353,364200,6686400,False,False,False
364308.5,6686411.5,29.389999389648438,26.739999771118164,2.6499996185302734,0.22083330154418945,364300,6686400,False,False,False
364538.5,6686411.5,26.68000030517578,25.959999084472656,0.720001220703125,0.060000101725260414,364500,6686400,True,False,True
364583.5,6686411.5,24.290000915527344,23.15999984741211,1.1300010681152344,0.09416675567626953,364500,6686400,True,False,True
364696.5,6686411.5,30.760000228881836,30.0,0.7600002288818359,0.06333335240681966,364600,6686400,True,False,True
364101.5,6686410.5,21.360000610351562,17.899999618530273,3.460000991821289,0.2883334159851074,364100,6686400,False,False,False
364115.5,6686410.5,21.389999389648438,19.09000015258789,2.299999237060547,0.1916666030883789,364100,6686400,False,False,False
364179.5,6686410.5,25.770000457763672,22.979999542236328,2.7900009155273438,0.2325000762939453,364100,6686400,False,False,False
364281.5,6686410.5,26.93000030517578,19.260000228881836,7.670000076293945,0.6391666730244955,364200,6686400,False,False,False
364629.5,6686410.5,7.949999809265137,13.800000190734863,-5.850000381469727,-0.48750003178914386,364600,6686400,True,False,True
364019.5,6686409.5,28.229999542236328,26.360000610351562,1.8699989318847656,0.15583324432373047,364000,6686400,False,False,False
364315.5,6686409.5,28.700000762939453,26.280000686645508,2.4200000762939453,0.20166667302449545,364300,6686400,False,False,False
364446.5,6686409.5,6.260000228881836,0.11999999731779099,6.140000231564045,0.5116666859636704,364400,6686400,False,False,False
364046.5,6686408.5,21.780000686645508,20.25,1.5300006866455078,0.12750005722045898,364000,6686400,False,False,False
364148.5,6686408.5,20.979999542236328,19.809999465942383,1.1700000762939453,0.09750000635782878,364100,6686400,False,False,False
364296.5,6686408.5,32.13999938964844,31.43000030517578,0.7099990844726562,0.05916659037272135,364200,6686400,False,False,False
364354.5,6686408.5,23.399999618530273,16.219999313354492,7.180000305175781,0.5983333587646484,364300,6686400,False,False,False
364394.5,6686408.5,19.56999969482422,10.229999542236328,9.34000015258789,0.7783333460489908,364300,6686400,False,False,False
364565.5,6686408.5,25.350000381469727,20.270000457763672,5.079999923706055,0.4233333269755046,364500,6686400,True,False,True
364668.5,6686408.5,27.25,26.81999969482422,0.43000030517578125,0.03583335876464844,364600,6686400,True,False,True
364260.5,6686407.5,26.1299991607666,22.68000030517578,3.4499988555908203,0.28749990463256836,364200,6686400,False,False,False
364728.5,6686407.5,6.739999771118164,0.05999999865889549,6.679999772459269,0.556666647704939,364700,6686400,False,False,False
364752.5,6686407.5,17.100000381469727,16.34000015258789,0.7600002288818359,0.06333335240681966,364700,6686400,False,False,False
364158.5,6686406.5,22.43000030517578,20.530000686645508,1.8999996185302734,0.15833330154418945,364100,6686400,False,False,False
364191.5,6686406.5,23.600000381469727,20.600000381469727,3.0,0.25,364100,6686400,False,False,False
364591.5,6686406.5,27.600000381469727,22.56999969482422,5.030000686645508,0.41916672388712567,364500,6686400,True,False,True
364761.5,6686406.5,19.350000381469727,17.18000030517578,2.1700000762939453,0.1808333396911621,364700,6686400,False,False,False
364028.5,6686405.5,22.15999984741211,16.68000030517578,5.479999542236328,0.45666662851969403,364000,6686400,False,False,False
364090.5,6686405.5,20.43000030517578,19.75,0.6800003051757812,0.05666669209798177,364000,6686400,False,False,False
364373.5,6686405.5,21.3700008392334,12.1899995803833,9.180001258850098,0.7650001049041748,364300,6686400,False,False,False
364696.5,6686405.5,27.799999237060547,26.90999984741211,0.8899993896484375,0.07416661580403645,364600,6686400,True,False,True
364731.5,6686405.5,6.440000057220459,5.340000152587891,1.0999999046325684,0.09166665871938069,364700,6686400,False,False,False
364083.5,6686404.5,22.139999389648438,21.209999084472656,0.9300003051757812,0.07750002543131511,364000,6686400,False,False,False
364100.5,6686404.5,19.15999984741211,16.1200008392334,3.039999008178711,0.25333325068155926,364100,6686400,False,False,False
364573.5,6686404.5,25.940000534057617,23.649999618530273,2.2900009155273438,0.19083340962727866,364500,6686400,True,False,True
364687.5,6686404.5,30.950000762939453,29.360000610351562,1.5900001525878906,0.13250001271565756,364600,6686400,True,False,True
364065.5,6686403.5,20.889999389648438,17.920000076293945,2.969999313354492,0.24749994277954102,364000,6686400,False,False,False
364341.5,6686403.5,20.239999771118164,12.819999694824219,7.420000076293945,0.6183333396911621,364300,6686400,False,False,False
364390.5,6686403.5,21.799999237060547,10.40999984741211,11.389999389648438,0.9491666158040365,364300,6686400,False,False,False
364398.5,6686403.5,21.719999313354492,11.619999885559082,10.09999942779541,0.8416666189829508,364300,6686400,False,False,False
364412.5,6686403.5,11.65999984741211,0.6499999761581421,11.009999871253967,0.9174999892711639,364400,6686400,False,False,False
364556.5,6686403.5,24.030000686645508,20.559999465942383,3.470001220703125,0.28916676839192706,364500,6686400,True,False,True
364658.5,6686403.5,27.68000030517578,27.15999984741211,0.5200004577636719,0.04333337148030599,364600,6686400,True,False,True
364010.5,6686402.5,23.600000381469727,21.829999923706055,1.7700004577636719,0.14750003814697266,364000,6686400,False,False,False
364040.5,6686402.5,26.969999313354492,24.450000762939453,2.519998550415039,0.20999987920125326,364000,6686400,False,False,False
364313.5,6686402.5,29.579999923706055,27.040000915527344,2.539999008178711,0.21166658401489258,364300,6686400,False,False,False
364326.5,6686402.5,27.639999389648438,23.6299991607666,4.010000228881836,0.334166685740153,364300,6686400,False,False,False
364565.5,6686402.5,26.010000228881836,19.59000015258789,6.420000076293945,0.5350000063578287,364500,6686400,True,False,True
364207.5,6686401.5,28.850000381469727,25.170000076293945,3.6800003051757812,0.30666669209798175,364200,6686400,False,False,False
364304.5,6686401.5,29.06999969482422,30.479999542236328,-1.4099998474121094,-0.11749998728434245,364300,6686400,False,False,False
364363.5,6686401.5,18.979999542236328,9.359999656677246,9.619999885559082,0.8016666571299235,364300,6686400,False,False,False
364384.5,6686401.5,21.299999237060547,12.569999694824219,8.729999542236328,0.7274999618530273,364300,6686400,False,False,False
364071.5,6686400.5,23.59000015258789,20.899999618530273,2.690000534057617,0.2241667111714681,364000,6686400,False,False,False
364237.5,6686400.5,33.130001068115234,31.149999618530273,1.980001449584961,0.16500012079874674,364200,6686400,False,False,False
364085.5,6686399.5,21.010000228881836,20.360000610351562,0.6499996185302734,0.05416663487752279,364000,6686300,True,False,True
364122.5,6686399.5,21.440000534057617,17.93000030517578,3.510000228881836,0.29250001907348633,364100,6686300,False,False,False
364131.5,6686399.5,20.040000915527344,16.829999923706055,3.210000991821289,0.2675000826517741,364100,6686300,False,False,False
364137.5,6686399.5,22.790000915527344,20.489999771118164,2.3000011444091797,0.1916667620340983,364100,6686300,False,False,False
364218.5,6686399.5,33.880001068115234,30.0,3.8800010681152344,0.3233334223429362,364200,6686300,False,False,False
364285.5,6686398.5,31.149999618530273,25.899999618530273,5.25,0.4375,364200,6686300,False,False,False
364012.5,6686397.5,23.989999771118164,21.520000457763672,2.469999313354492,0.20583327611287436,364000,6686300,True,False,True
364092.5,6686397.5,20.200000762939453,16.059999465942383,4.14000129699707,0.3450001080830892,364000,6686300,True,False,True
364097.5,6686397.5,21.209999084472656,18.1299991607666,3.0799999237060547,0.2566666603088379,364000,6686300,True,False,True
364261.5,6686397.5,28.760000228881836,25.59000015258789,3.1700000762939453,0.2641666730244954,364200,6686300,False,False,False
364576.5,6686397.5,25.510000228881836,20.65999984741211,4.850000381469727,0.40416669845581055,364500,6686300,False,False,False
364724.5,6686397.5,7.159999847412109,5.380000114440918,1.7799997329711914,0.14833331108093262,364700,6686300,False,False,False
364055.5,6686396.5,19.6299991607666,18.610000610351562,1.019998550415039,0.08499987920125325,364000,6686300,True,False,True
364194.5,6686396.5,22.889999389648438,17.889999389648438,5.0,0.4166666666666667,364100,6686300,False,False,False
364272.5,6686396.5,30.190000534057617,24.780000686645508,5.409999847412109,0.4508333206176758,364200,6686300,False,False,False
364371.5,6686396.5,5.679999828338623,0.0,5.679999828338623,0.47333331902821857,364300,6686300,False,False,False
364661.5,6686396.5,25.350000381469727,24.75,0.6000003814697266,0.05000003178914388,364600,6686300,False,False,False
364671.5,6686396.5,26.59000015258789,25.600000381469727,0.9899997711181641,0.08249998092651367,364600,6686300,False,False,False
364717.5,6686396.5,10.369999885559082,10.380000114440918,-0.010000228881835938,-0.0008333524068196615,364700,6686300,False,False,False
364747.5,6686396.5,23.31999969482422,22.350000381469727,0.9699993133544922,0.08083327611287434,364700,6686300,False,False,False
364102.5,6686395.5,19.690000534057617,15.149999618530273,4.540000915527344,0.3783334096272786,364100,6686300,False,False,False
364156.5,6686395.5,23.8799991607666,21.450000762939453,2.4299983978271484,0.2024998664855957,364100,6686300,False,False,False
364032.5,6686393.5,19.309999465942383,17.760000228881836,1.5499992370605469,0.1291666030883789,364000,6686300,True,False,True
364106.5,6686393.5,19.8799991607666,15.850000381469727,4.029998779296875,0.33583323160807294,364100,6686300,False,False,False
364138.5,6686393.5,23.1299991607666,21.479999542236328,1.6499996185302734,0.1374999682108561,364100,6686300,False,False,False
364170.5,6686393.5,19.06999969482422,18.3700008392334,0.6999988555908203,0.058333237965901695,364100,6686300,False,False,False
364419.5,6686393.5,11.34000015258789,0.029999999329447746,11.310000153258443,0.9425000127715369,364400,6686300,False,False,False
364558.5,6686393.5,25.5,24.709999084472656,0.7900009155273438,0.06583340962727864,364500,6686300,False,False,False
364565.5,6686393.5,25.6299991607666,21.18000030517578,4.44999885559082,0.3708332379659017,364500,6686300,False,False,False
364770.5,6686393.5,26.90999984741211,22.93000030517578,3.979999542236328,0.33166662851969403,364700,6686300,False,False,False
364005.5,6686392.5,26.31999969482422,23.15999984741211,3.1599998474121094,0.2633333206176758,364000,6686300,True,False,True
364088.5,6686392.5,22.700000762939453,20.610000610351562,2.0900001525878906,0.17416667938232422,364000,6686300,True,False,True
364116.5,6686392.5,20.809999465942383,19.59000015258789,1.2199993133544922,0.10166660944620769,364100,6686300,False,False,False
364330.5,6686392.5,25.93000030517578,23.010000228881836,2.9200000762939453,0.2433333396911621,364300,6686300,False,False,False
364390.5,6686392.5,20.049999237060547,10.319999694824219,9.729999542236328,0.8108332951863607,364300,6686300,False,False,False
364414.5,6686391.5,11.470000267028809,3.0399999618530273,8.430000305175781,0.7025000254313151,364400,6686300,False,False,False
364670.5,6686391.5,27.030000686645508,26.079999923706055,0.9500007629394531,0.07916673024495442,364600,6686300,False,False,False
364128.5,6686390.5,21.709999084472656,20.079999923706055,1.6299991607666016,0.1358332633972168,364100,6686300,False,False,False
364038.5,6686389.5,19.389999389648438,15.100000381469727,4.289999008178711,0.3574999173482259,364000,6686300,True,False,True
364202.5,6686389.5,20.530000686645508,18.079999923706055,2.450000762939453,0.20416673024495444,364200,6686300,False,False,False
364252.5,6686389.5,34.79999923706055,30.139999389648438,4.659999847412109,0.3883333206176758,364200,6686300,False,False,False
364341.5,6686389.5,28.670000076293945,24.459999084472656,4.210000991821289,0.3508334159851074,364300,6686300,False,False,False
364399.5,6686389.5,20.1299991607666,10.800000190734863,9.329998970031738,0.7774999141693115,364300,6686300,False,False,False
364716.5,6686389.5,7.130000114440918,7.699999809265137,-0.5699996948242188,-0.0474999745686849,364700,6686300,False,False,False
364015.5,6686388.5,27.1200008392334,25.420000076293945,1.7000007629394531,0.14166673024495444,364000,6686300,True,False,True
364070.5,6686388.5,23.790000915527344,20.43000030517578,3.3600006103515625,0.2800000508626302,364000,6686300,True,False,True
364292.5,6686388.5,27.540000915527344,24.329999923706055,3.210000991821289,0.2675000826517741,364200,6686300,False,False,False
364306.5,6686388.5,32.59000015258789,29.850000381469727,2.739999771118164,0.22833331425984701,364300,6686300,False,False,False
364656.5,6686388.5,22.979999542236328,21.68000030517578,1.2999992370605469,0.10833326975504558,364600,6686300,False,False,False
364241.5,6686387.5,32.040000915527344,28.6200008392334,3.4200000762939453,0.2850000063578288,364200,6686300,False,False,False
364690.5,6686387.5,27.31999969482422,27.020000457763672,0.2999992370605469,0.02499993642171224,364600,6686300,False,False,False
364142.5,6686386.5,23.6299991607666,23.040000915527344,0.5899982452392578,0.04916652043660482,364100,6686300,False,False,False
364410.5,6686386.5,14.420000076293945,0.03999999910593033,14.380000077188015,1.198333339765668,364400,6686300,False,False,False
364089.5,6686385.5,22.280000686645508,20.170000076293945,2.1100006103515625,0.17583338419596353,364000,6686300,True,False,True
364116.5,6686385.5,20.350000381469727,14.489999771118164,5.8600006103515625,0.48833338419596356,364100,6686300,False,False,False
364121.5,6686385.5,20.309999465942383,15.819999694824219,4.489999771118164,0.37416664759318036,364100,6686300,False,False,False
364185.5,6686385.5,18.110000610351562,13.130000114440918,4.9800004959106445,0.415000041325887,364100,6686300,False,False,False
364272.5,6686385.5,26.25,23.809999465942383,2.440000534057617,0.20333337783813477,364200,6686300,False,False,False
364313.5,6686385.5,32.93000030517578,28.8700008392334,4.059999465942383,0.3383332888285319,364300,6686300,False,False,False
364365.5,6686385.5,6.980000019073486,0.0,6.980000019073486,0.5816666682561239,364300,6686300,False,False,False
364371.5,6686385.5,5.989999771118164,0.0,5.989999771118164,0.49916664759318036,364300,6686300,False,False,False
364384.5,6686385.5,14.9399995803833,0.0,14.9399995803833,1.2449999650319417,364300,6686300,False,False,False
364749.5,6686385.5,25.84000015258789,23.700000762939453,2.1399993896484375,0.17833328247070312,364700,6686300,False,False,False
364771.5,6686385.5,24.989999771118164,22.209999084472656,2.780000686645508,0.23166672388712564,364700,6686300,False,False,False
364003.5,6686384.5,28.149999618530273,25.780000686645508,2.3699989318847656,0.19749991099039713,364000,6686300,True,False,True
364100.5,6686384.5,22.950000762939453,22.270000457763672,0.6800003051757812,0.05666669209798177,364100,6686300,False,False,False
364378.5,6686384.5,7.900000095367432,0.0,7.900000095367432,0.6583333412806193,364300,6686300,False,False,False
364420.5,6686384.5,11.630000114440918,1.840000033378601,9.790000081062317,0.8158333400885264,364400,6686300,False,False,False
364204.5,6686383.5,22.56999969482422,16.40999984741211,6.159999847412109,0.5133333206176758,364200,6686300,False,False,False
364214.5,6686383.5,23.510000228881836,23.299999237060547,0.21000099182128906,0.01750008265177409,364200,6686300,False,False,False
364404.5,6686383.5,15.989999771118164,5.260000228881836,10.729999542236328,0.894166628519694,364400,6686300,False,False,False
364083.5,6686382.5,22.420000076293945,20.90999984741211,1.510000228881836,0.12583335240681967,364000,6686300,True,False,True
364134.5,6686382.5,23.760000228881836,21.0,2.760000228881836,0.23000001907348633,364100,6686300,False,False,False
364166.5,6686382.5,18.700000762939453,15.329999923706055,3.3700008392333984,0.2808334032694499,364100,6686300,False,False,False
364232.5,6686382.5,23.18000030517578,29.510000228881836,-6.329999923706055,-0.5274999936421713,364200,6686300,False,False,False
364282.5,6686382.5,16.190000534057617,14.880000114440918,1.3100004196166992,0.10916670163472493,364200,6686300,False,False,False
364296.5,6686382.5,26.670000076293945,21.829999923706055,4.840000152587891,0.4033333460489909,364200,6686300,False,False,False
364030.5,6686381.5,22.729999542236328,20.860000610351562,1.8699989318847656,0.15583324432373047,364000,6686300,True,False,True
364105.5,6686381.5,22.860000610351562,18.739999771118164,4.120000839233398,0.3433334032694499,364100,6686300,False,False,False
364158.5,6686381.5,20.81999969482422,15.899999618530273,4.920000076293945,0.4100000063578288,364100,6686300,False,False,False
364175.5,6686381.5,12.119999885559082,11.390000343322754,0.7299995422363281,0.06083329518636068,364100,6686300,False,False,False
364249.5,6686381.5,32.11000061035156,30.149999618530273,1.960000991821289,0.16333341598510742,364200,6686300,False,False,False
364366.5,6686381.5,7.139999866485596,0.0,7.139999866485596,0.5949999888737997,364300,6686300,False,False,False
364148.5,6686380.5,24.600000381469727,22.670000076293945,1.9300003051757812,0.16083335876464844,364100,6686300,False,False,False
364327.5,6686380.5,29.1299991607666,23.610000610351562,5.519998550415039,0.45999987920125324,364300,6686300,False,False,False
364350.5,6686380.5,25.360000610351562,20.81999969482422,4.540000915527344,0.3783334096272786,364300,6686300,False,False,False
364395.5,6686380.5,14.640000343322754,4.980000019073486,9.660000324249268,0.8050000270207723,364300,6686300,False,False,False
364410.5,6686380.5,14.520000457763672,4.269999980926514,10.250000476837158,0.8541667064030966,364400,6686300,False,False,False
364074.5,6686379.5,23.299999237060547,20.0,3.299999237060547,0.2749999364217122,364000,6686300,True,False,True
364111.5,6686379.5,21.229999542236328,18.15999984741211,3.0699996948242188,0.25583330790201825,364100,6686300,False,False,False
364128.5,6686379.5,24.610000610351562,23.270000457763672,1.3400001525878906,0.11166667938232422,364100,6686300,False,False,False
364184.5,6686379.5,17.15999984741211,13.449999809265137,3.7100000381469727,0.30916666984558105,364100,6686300,False,False,False
364422.5,6686379.5,12.680000305175781,1.5,11.180000305175781,0.9316666920979818,364400,6686300,False,False,False
364445.5,6686379.5,12.079999923706055,3.7100000381469727,8.369999885559082,0.6974999904632568,364400,6686300,False,False,False
364697.5,6686378.5,27.34000015258789,26.18000030517578,1.1599998474121094,0.09666665395100911,364600,6686300,False,False,False
364060.5,6686377.5,21.3799991607666,19.56999969482422,1.8099994659423828,0.1508332888285319,364000,6686300,True,False,True
364189.5,6686377.5,14.039999961853027,6.0,8.039999961853027,0.6699999968210856,364100,6686300,False,False,False
364241.5,6686377.5,32.90999984741211,29.68000030517578,3.229999542236328,0.26916662851969403,364200,6686300,False,False,False
364264.5,6686377.5,28.18000030517578,24.399999618530273,3.780000686645508,0.315000057220459,364200,6686300,False,False,False
364552.5,6686377.5,6.21999979019165,0.25999999046325684,5.9599997997283936,0.49666664997736615,364500,6686300,False,False,False
364668.5,6686377.5,9.430000305175781,6.989999771118164,2.440000534057617,0.20333337783813477,364600,6686300,False,False,False
364041.5,6686376.5,23.59000015258789,21.600000381469727,1.989999771118164,0.16583331425984701,364000,6686300,True,False,True
364052.5,6686376.5,24.56999969482422,22.260000228881836,2.309999465942383,0.19249995549519858,364000,6686300,True,False,True
364215.5,6686376.5,20.309999465942383,15.649999618530273,4.659999847412109,0.3883333206176758,364200,6686300,False,False,False
364359.5,6686376.5,26.670000076293945,18.979999542236328,7.690000534057617,0.6408333778381348,364300,6686300,False,False,False
364439.5,6686376.5,9.050000190734863,0.05999999865889549,8.990000192075968,0.7491666826729974,364400,6686300,False,False,False
364762.5,6686376.5,26.40999984741211,24.239999771118164,2.1700000762939453,0.1808333396911621,364700,6686300,False,False,False
364773.5,6686376.5,23.110000610351562,22.5,0.6100006103515625,0.05083338419596354,364700,6686300,False,False,False
364179.5,6686375.5,17.84000015258789,15.649999618530273,2.190000534057617,0.18250004450480142,364100,6686300,False,False,False
364284.5,6686375.5,13.6899995803833,4.269999980926514,9.419999599456787,0.7849999666213989,364200,6686300,False,False,False
364372.5,6686375.5,21.850000381469727,15.84000015258789,6.010000228881836,0.5008333524068197,364300,6686300,False,False,False
364397.5,6686375.5,15.260000228881836,5.289999961853027,9.970000267028809,0.830833355585734,364300,6686300,False,False,False
364549.5,6686375.5,7.340000152587891,0.14000000059604645,7.200000151991844,0.600000012665987,364500,6686300,False,False,False
364008.5,6686374.5,26.6200008392334,22.75,3.8700008392333984,0.3225000699361165,364000,6686300,True,False,True
364066.5,6686374.5,19.690000534057617,17.530000686645508,2.1599998474121094,0.17999998728434244,364000,6686300,True,False,True
364137.5,6686374.5,19.90999984741211,13.550000190734863,6.359999656677246,0.5299999713897705,364100,6686300,False,False,False
364173.5,6686374.5,18.729999542236328,15.15999984741211,3.5699996948242188,0.2974999745686849,364100,6686300,False,False,False
364409.5,6686374.5,13.770000457763672,5.510000228881836,8.260000228881836,0.6883333524068197,364400,6686300,False,False,False
364255.5,6686373.5,30.09000015258789,28.479999542236328,1.6100006103515625,0.13416671752929688,364200,6686300,False,False,False
364451.5,6686373.5,8.569999694824219,0.1599999964237213,8.409999698400497,0.7008333082000414,364400,6686300,False,False,False
364124.5,6686372.5,20.799999237060547,18.420000076293945,2.3799991607666016,0.1983332633972168,364100,6686300,False,False,False
364230.5,6686372.5,29.459999084472656,26.719999313354492,2.739999771118164,0.22833331425984701,364200,6686300,False,False,False
364090.5,6686371.5,23.34000015258789,20.15999984741211,3.1800003051757812,0.2650000254313151,364000,6686300,True,False,True
364106.5,6686371.5,23.989999771118164,23.049999237060547,0.9400005340576172,0.07833337783813477,364100,6686300,False,False,False
364130.5,6686371.5,21.149999618530273,16.0,5.149999618530273,0.42916663487752277,364100,6686300,False,False,False
364144.5,6686371.5,23.899999618530273,20.739999771118164,3.1599998474121094,0.2633333206176758,364100,6686300,False,False,False
364168.5,6686371.5,18.440000534057617,14.140000343322754,4.300000190734863,0.3583333492279053,364100,6686300,False,False,False
364386.5,6686371.5,6.849999904632568,0.0,6.849999904632568,0.5708333253860474,364300,6686300,False,False,False
364660.5,6686371.5,11.890000343322754,8.239999771118164,3.65000057220459,0.3041667143503825,364600,6686300,False,False,False
364018.5,6686370.5,27.90999984741211,25.110000610351562,2.799999237060547,0.23333326975504556,364000,6686300,True,False,True
364118.5,6686370.5,19.8799991607666,17.860000610351562,2.019998550415039,0.16833321253458658,364100,6686300,False,False,False
364264.5,6686370.5,27.06999969482422,20.059999465942383,7.010000228881836,0.584166685740153,364200,6686300,False,False,False
364307.5,6686370.5,24.959999084472656,18.68000030517578,6.279998779296875,0.5233332316080729,364300,6686300,False,False,False
364462.5,6686370.5,6.559999942779541,0.05999999865889549,6.4999999441206455,0.5416666620100538,364400,6686300,False,False,False
364670.5,6686370.5,9.520000457763672,5.130000114440918,4.390000343322754,0.3658333619435628,364600,6686300,False,False,False
364723.5,6686370.5,26.459999084472656,25.729999542236328,0.7299995422363281,0.06083329518636068,364700,6686300,False,False,False
364076.5,6686369.5,21.8799991607666,19.959999084472656,1.9200000762939453,0.16000000635782877,364000,6686300,True,False,True
364338.5,6686369.5,23.440000534057617,19.940000534057617,3.5,0.2916666666666667,364300,6686300,False,False,False
364346.5,6686369.5,18.309999465942383,14.100000381469727,4.209999084472656,0.350833257039388,364300,6686300,False,False,False
364397.5,6686369.5,13.4399995803833,5.019999980926514,8.419999599456787,0.7016666332880656,364300,6686300,False,False,False
364666.5,6686369.5,9.25,5.150000095367432,4.099999904632568,0.3416666587193807,364600,6686300,False,False,False
364043.5,6686368.5,24.610000610351562,23.309999465942383,1.3000011444091797,0.10833342870076497,364000,6686300,True,False,True
364197.5,6686368.5,19.40999984741211,16.93000030517578,2.479999542236328,0.206666628519694,364100,6686300,False,False,False
364367.5,6686368.5,21.299999237060547,16.59000015258789,4.709999084472656,0.3924999237060547,364300,6686300,False,False,False
364744.5,6686368.5,28.040000915527344,27.280000686645508,0.7600002288818359,0.06333335240681966,364700,6686300,False,False,False
364753.5,6686368.5,26.8799991607666,26.520000457763672,0.3599987030029297,0.02999989191691081,364700,6686300,False,False,False
364051.5,6686367.5,28.700000762939453,26.25,2.450000762939453,0.20416673024495444,364000,6686300,True,False,True
364150.5,6686367.5,23.729999542236328,21.520000457763672,2.2099990844726562,0.18416659037272134,364100,6686300,False,False,False
364185.5,6686367.5,20.479999542236328,17.65999984741211,2.8199996948242188,0.2349999745686849,364100,6686300,False,False,False
364715.5,6686367.5,26.18000030517578,25.25,0.9300003051757812,0.07750002543131511,364700,6686300,False,False,False
364061.5,6686366.5,20.450000762939453,19.690000534057617,0.7600002288818359,0.06333335240681966,364000,6686300,True,False,True
364319.5,6686366.5,27.940000534057617,25.40999984741211,2.530000686645508,0.21083339055379233,364300,6686300,False,False,False
364360.5,6686366.5,21.84000015258789,17.219999313354492,4.620000839233398,0.3850000699361165,364300,6686300,False,False,False
364464.5,6686366.5,6.03000020980835,0.0,6.03000020980835,0.5025000174840292,364400,6686300,False,False,False
364767.5,6686366.5,22.520000457763672,20.290000915527344,2.229999542236328,0.1858332951863607,364700,6686300,False,False,False
364080.5,6686365.5,20.649999618530273,18.940000534057617,1.7099990844726562,0.1424999237060547,364000,6686300,True,False,True
364160.5,6686365.5,18.530000686645508,13.989999771118164,4.540000915527344,0.3783334096272786,364100,6686300,False,False,False
364252.5,6686365.5,32.0,28.219999313354492,3.780000686645508,0.315000057220459,364200,6686300,False,False,False
364670.5,6686365.5,9.25,3.2300000190734863,6.019999980926514,0.5016666650772095,364600,6686300,False,False,False
364682.5,6686365.5,8.220000267028809,1.940000057220459,6.28000020980835,0.5233333508173624,364600,6686300,False,False,False
364070.5,6686364.5,20.989999771118164,19.200000762939453,1.789999008178711,0.14916658401489258,364000,6686300,True,False,True
364098.5,6686364.5,21.399999618530273,19.81999969482422,1.5799999237060547,0.1316666603088379,364000,6686300,True,False,True
364175.5,6686364.5,21.979999542236328,17.809999465942383,4.170000076293945,0.3475000063578288,364100,6686300,False,False,False
364651.5,6686364.5,6.25,0.10000000149011612,6.149999998509884,0.5124999998758236,364600,6686300,False,False,False
364776.5,6686364.5,26.760000228881836,23.770000457763672,2.989999771118164,0.24916664759318033,364700,6686300,False,False,False
364001.5,6686363.5,28.809999465942383,27.299999237060547,1.510000228881836,0.12583335240681967,364000,6686300,True,False,True
364037.5,6686363.5,19.56999969482422,16.90999984741211,2.6599998474121094,0.22166665395100912,364000,6686300,True,False,True
364091.5,6686363.5,18.469999313354492,14.399999618530273,4.069999694824219,0.33916664123535156,364000,6686300,True,False,True
364181.5,6686363.5,20.510000228881836,15.720000267028809,4.789999961853027,0.39916666348775226,364100,6686300,False,False,False
364375.5,6686363.5,19.889999389648438,19.020000457763672,0.8699989318847656,0.07249991099039714,364300,6686300,False,False,False
364417.5,6686363.5,10.699999809265137,0.009999999776482582,10.689999809488654,0.8908333174573878,364400,6686300,False,False,False
364114.5,6686362.5,18.540000915527344,13.680000305175781,4.8600006103515625,0.4050000508626302,364100,6686300,False,False,False
364226.5,6686362.5,21.780000686645508,19.290000915527344,2.489999771118164,0.20749998092651367,364200,6686300,False,False,False
364334.5,6686362.5,26.56999969482422,23.950000762939453,2.6199989318847656,0.21833324432373047,364300,6686300,False,False,False
364104.5,6686361.5,21.860000610351562,20.549999237060547,1.3100013732910156,0.10916678110758464,364100,6686300,False,False,False
364202.5,6686361.5,16.100000381469727,20.40999984741211,-4.309999465942383,-0.35916662216186523,364200,6686300,False,False,False
364291.5,6686361.5,27.469999313354492,22.469999313354492,5.0,0.4166666666666667,364200,6686300,False,False,False
364368.5,6686361.5,19.40999984741211,16.600000381469727,2.809999465942383,0.23416662216186523,364300,6686300,False,False,False
364400.5,6686361.5,18.639999389648438,9.3100004196167,9.329998970031738,0.7774999141693115,364400,6686300,False,False,False
364016.5,6686360.5,31.670000076293945,28.829999923706055,2.8400001525878906,0.23666667938232422,364000,6686300,True,True,False
364131.5,6686360.5,21.969999313354492,18.520000457763672,3.4499988555908203,0.28749990463256836,364100,6686300,False,False,False
364175.5,6686360.5,21.809999465942383,17.510000228881836,4.299999237060547,0.3583332697550456,364100,6686300,False,False,False
364386.5,6686360.5,19.739999771118164,10.930000305175781,8.809999465942383,0.7341666221618652,364300,6686300,False,False,False
364047.5,6686359.5,27.0,23.889999389648438,3.1100006103515625,0.2591667175292969,364000,6686300,True,False,True
364138.5,6686359.5,19.079999923706055,13.430000305175781,5.649999618530273,0.47083330154418945,364100,6686300,False,False,False
364729.5,6686359.5,27.3799991607666,26.200000762939453,1.1799983978271484,0.09833319981892903,364700,6686300,False,False,False
364056.5,6686358.5,26.6299991607666,22.920000076293945,3.7099990844726562,0.3091665903727214,364000,6686300,True,False,True
364163.5,6686358.5,21.5,17.209999084472656,4.290000915527344,0.3575000762939453,364100,6686300,False,False,False
364219.5,6686358.5,22.809999465942383,19.65999984741211,3.1499996185302734,0.26249996821085614,364200,6686300,False,False,False
364317.5,6686358.5,26.549999237060547,25.06999969482422,1.4799995422363281,0.12333329518636067,364300,6686300,False,False,False
364326.5,6686358.5,28.3799991607666,21.280000686645508,7.099998474121094,0.5916665395100912,364300,6686300,False,False,False
364121.5,6686357.5,22.690000534057617,17.25,5.440000534057617,0.45333337783813477,364100,6686300,False,False,False
364146.5,6686356.5,21.93000030517578,19.610000610351562,2.3199996948242188,0.19333330790201822,364100,6686300,False,False,False
364114.5,6686355.5,21.959999084472656,19.510000228881836,2.4499988555908203,0.20416657129923502,364100,6686300,False,False,False
364203.5,6686355.5,19.389999389648438,17.979999542236328,1.4099998474121094,0.11749998728434245,364200,6686300,False,False,False
364233.5,6686355.5,24.799999237060547,22.239999771118164,2.559999465942383,0.2133332888285319,364200,6686300,False,False,False
364286.5,6686355.5,28.84000015258789,23.8700008392334,4.969999313354492,0.4141666094462077,364200,6686300,False,False,False
364095.5,6686354.5,18.649999618530273,14.220000267028809,4.429999351501465,0.36916661262512207,364000,6686300,True,False,True
364309.5,6686354.5,27.06999969482422,17.81999969482422,9.25,0.7708333333333334,364300,6686300,False,False,False
364416.5,6686354.5,9.739999771118164,0.07000000029802322,9.66999977082014,0.8058333142350117,364400,6686300,False,False,False
364455.5,6686354.5,7.639999866485596,0.0,7.639999866485596,0.6366666555404663,364400,6686300,False,False,False
364720.5,6686354.5,7.159999847412109,5.079999923706055,2.0799999237060547,0.17333332697550455,364700,6686300,False,False,False
364066.5,6686353.5,20.68000030517578,18.75,1.9300003051757812,0.16083335876464844,364000,6686300,True,False,True
364185.5,6686353.5,18.3799991607666,14.920000076293945,3.4599990844726562,0.288333257039388,364100,6686300,False,False,False
364260.5,6686353.5,26.719999313354492,24.799999237060547,1.9200000762939453,0.16000000635782877,364200,6686300,False,False,False
364422.5,6686353.5,13.34000015258789,0.05000000074505806,13.290000151842833,1.1075000126535695,364400,6686300,False,False,False
364461.5,6686353.5,9.760000228881836,0.6200000047683716,9.140000224113464,0.7616666853427887,364400,6686300,False,False,False
364061.5,6686352.5,19.549999237060547,18.329999923706055,1.2199993133544922,0.10166660944620769,364000,6686300,True,False,True
364172.5,6686352.5,18.940000534057617,16.809999465942383,2.1300010681152344,0.17750008900960287,364100,6686300,False,False,False
364737.5,6686352.5,26.559999465942383,26.309999465942383,0.25,0.020833333333333332,364700,6686300,False,False,False
364021.5,6686351.5,29.360000610351562,30.209999084472656,-0.8499984741210938,-0.07083320617675781,364000,6686300,True,True,False
364160.5,6686351.5,20.56999969482422,16.969999313354492,3.6000003814697266,0.30000003178914386,364100,6686300,False,False,False
364226.5,6686351.5,20.579999923706055,16.170000076293945,4.409999847412109,0.36749998728434247,364200,6686300,False,False,False
364377.5,6686351.5,24.540000915527344,22.190000534057617,2.3500003814697266,0.1958333651224772,364300,6686300,False,False,False
364748.5,6686351.5,27.040000915527344,26.610000610351562,0.43000030517578125,0.03583335876464844,364700,6686300,False,False,False
364051.5,6686350.5,22.68000030517578,19.6200008392334,3.059999465942383,0.25499995549519855,364000,6686300,True,False,True
364124.5,6686350.5,21.450000762939453,17.93000030517578,3.520000457763672,0.29333337148030597,364100,6686300,False,False,False
364129.5,6686350.5,21.559999465942383,20.110000610351562,1.4499988555908203,0.12083323796590169,364100,6686300,False,False,False
364152.5,6686350.5,22.670000076293945,20.6299991607666,2.0400009155273438,0.1700000762939453,364100,6686300,False,False,False
364194.5,6686350.5,23.190000534057617,21.450000762939453,1.739999771118164,0.14499998092651367,364100,6686300,False,False,False
364218.5,6686350.5,20.31999969482422,17.010000228881836,3.309999465942383,0.2758332888285319,364200,6686300,False,False,False
364358.5,6686350.5,23.15999984741211,18.200000762939453,4.959999084472656,0.413333257039388,364300,6686300,False,False,False
364441.5,6686350.5,5.510000228881836,0.029999999329447746,5.480000229552388,0.45666668579603237,364400,6686300,False,False,False
364445.5,6686350.5,5.690000057220459,0.0,5.690000057220459,0.47416667143503827,364400,6686300,False,False,False
364090.5,6686349.5,17.770000457763672,16.540000915527344,1.2299995422363281,0.10249996185302734,364000,6686300,True,False,True
364206.5,6686349.5,23.850000381469727,24.020000457763672,-0.1700000762939453,-0.014166673024495443,364200,6686300,False,False,False
364319.5,6686349.5,28.610000610351562,23.850000381469727,4.760000228881836,0.396666685740153,364300,6686300,False,False,False
364334.5,6686349.5,21.170000076293945,23.280000686645508,-2.1100006103515625,-0.17583338419596353,364300,6686300,False,False,False
364341.5,6686349.5,21.8799991607666,14.899999618530273,6.979999542236328,0.581666628519694,364300,6686300,False,False,False
364290.5,6686347.5,32.209999084472656,29.809999465942383,2.3999996185302734,0.1999999682108561,364200,6686300,False,False,False
364305.5,6686347.5,27.079999923706055,19.440000534057617,7.6399993896484375,0.6366666158040365,364300,6686300,False,False,False
364413.5,6686347.5,8.029999732971191,0.23999999463558197,7.789999738335609,0.6491666448613008,364400,6686300,False,False,False
364726.5,6686347.5,24.440000534057617,18.190000534057617,6.25,0.5208333333333334,364700,6686300,False,False,False
364083.5,6686346.5,22.360000610351562,20.34000015258789,2.020000457763672,0.168333371480306,364000,6686300,True,False,True
364394.5,6686346.5,22.969999313354492,18.290000915527344,4.679998397827148,0.3899998664855957,364300,6686300,False,False,False
364037.5,6686345.5,24.579999923706055,22.209999084472656,2.3700008392333984,0.19750006993611655,364000,6686300,True,False,True
364179.5,6686345.5,9.4399995803833,3.9800000190734863,5.4599995613098145,0.45499996344248456,364100,6686300,False,False,False
364349.5,6686345.5,27.06999969482422,22.190000534057617,4.879999160766602,0.4066665967305501,364300,6686300,False,False,False
364101.5,6686344.5,21.459999084472656,19.149999618530273,2.309999465942383,0.19249995549519858,364100,6686300,False,False,False
364217.5,6686344.5,18.790000915527344,16.739999771118164,2.0500011444091797,0.17083342870076498,364200,6686300,False,False,False
364383.5,6686344.5,23.959999084472656,19.6200008392334,4.339998245239258,0.3616665204366048,364300,6686300,False,False,False
364498.5,6686344.5,6.079999923706055,0.15000000596046448,5.92999991774559,0.49416665981213254,364400,6686300,False,False,False
364009.5,6686343.5,29.459999084472656,26.079999923706055,3.3799991607666016,0.2816665967305501,364000,6686300,True,True,False
364024.5,6686343.5,34.290000915527344,28.510000228881836,5.780000686645508,0.48166672388712567,364000,6686300,True,True,False
364473.5,6686343.5,5.730000019073486,0.10999999940395355,5.620000019669533,0.46833333497246105,364400,6686300,False,False,False
364066.5,6686342.5,21.610000610351562,19.809999465942383,1.8000011444091797,0.15000009536743164,364000,6686300,True,False,True
364165.5,6686342.5,21.850000381469727,20.459999084472656,1.3900012969970703,0.11583344141642253,364100,6686300,False,False,False
364323.5,6686342.5,28.65999984741211,24.31999969482422,4.340000152587891,0.3616666793823242,364300,6686300,False,False,False
364120.5,6686341.5,21.450000762939453,20.65999984741211,0.7900009155273438,0.06583340962727864,364100,6686300,False,False,False
364236.5,6686341.5,26.610000610351562,25.530000686645508,1.0799999237060547,0.08999999364217122,364200,6686300,False,False,False
364364.5,6686341.5,27.829999923706055,23.489999771118164,4.340000152587891,0.3616666793823242,364300,6686300,False,False,False
364468.5,6686341.5,8.510000228881836,0.3700000047683716,8.140000224113464,0.6783333520094553,364400,6686300,False,False,False
364157.5,6686340.5,21.719999313354492,18.170000076293945,3.549999237060547,0.2958332697550456,364100,6686300,False,False,False
364751.5,6686340.5,26.850000381469727,25.90999984741211,0.9400005340576172,0.07833337783813477,364700,6686300,False,False,False
364109.5,6686339.5,24.389999389648438,21.559999465942383,2.8299999237060547,0.23583332697550455,364100,6686300,False,False,False
364197.5,6686339.5,10.0600004196167,9.989999771118164,0.07000064849853516,0.00583338737487793,364100,6686300,False,False,False
364305.5,6686339.5,29.790000915527344,26.950000762939453,2.8400001525878906,0.23666667938232422,364300,6686300,False,False,False
364259.5,6686338.5,29.8700008392334,28.260000228881836,1.6100006103515625,0.13416671752929688,364200,6686300,False,False,False
364017.5,6686337.5,27.979999542236328,25.100000381469727,2.8799991607666016,0.23999993006388345,364000,6686300,True,False,True
364207.5,6686337.5,23.530000686645508,22.139999389648438,1.3900012969970703,0.11583344141642253,364200,6686300,False,False,False
364218.5,6686337.5,18.75,16.3799991607666,2.3700008392333984,0.19750006993611655,364200,6686300,False,False,False
364355.5,6686337.5,22.280000686645508,20.459999084472656,1.8200016021728516,0.15166680018107095,364300,6686300,False,False,False
364471.5,6686337.5,7.369999885559082,0.3100000023841858,7.059999883174896,0.588333323597908,364400,6686300,False,False,False
364725.5,6686337.5,19.940000534057617,8.770000457763672,11.170000076293945,0.9308333396911621,364700,6686300,False,False,False
364765.5,6686337.5,24.979999542236328,23.3700008392334,1.6099987030029297,0.13416655858357748,364700,6686300,False,False,False
364187.5,6686336.5,22.8799991607666,17.450000762939453,5.429998397827148,0.4524998664855957,364100,6686300,False,False,False
364248.5,6686336.5,28.06999969482422,25.360000610351562,2.7099990844726562,0.22583325703938803,364200,6686300,False,False,False
364296.5,6686336.5,31.56999969482422,29.8700008392334,1.6999988555908203,0.14166657129923502,364200,6686300,False,False,False
364343.5,6686336.5,9.970000267028809,6.150000095367432,3.820000171661377,0.31833334763844806,364300,6686300,False,False,False
364054.5,6686335.5,22.15999984741211,17.170000076293945,4.989999771118164,0.415833314259847,364000,6686300,True,False,True
364133.5,6686335.5,24.360000610351562,22.950000762939453,1.4099998474121094,0.11749998728434245,364100,6686300,False,False,False
364328.5,6686335.5,18.649999618530273,21.530000686645508,-2.8800010681152344,-0.24000008900960287,364300,6686300,False,False,False
364374.5,6686335.5,28.649999618530273,24.920000076293945,3.729999542236328,0.31083329518636066,364300,6686300,False,False,False
364446.5,6686335.5,6.21999979019165,0.05000000074505806,6.169999789446592,0.5141666491205493,364400,6686300,False,False,False
364476.5,6686334.5,6.96999979019165,0.1599999964237213,6.809999793767929,0.567499982813994,364400,6686300,False,False,False
364000.5,6686333.5,24.899999618530273,23.3700008392334,1.529998779296875,0.1274998982747396,364000,6686300,True,False,True
364063.5,6686333.5,18.139999389648438,16.079999923706055,2.059999465942383,0.17166662216186523,364000,6686300,True,False,True
364069.5,6686333.5,18.1200008392334,14.800000190734863,3.320000648498535,0.27666672070821124,364000,6686300,True,False,True
364091.5,6686333.5,22.450000762939453,18.65999984741211,3.7900009155273438,0.3158334096272786,364000,6686300,True,False,True
364096.5,6686333.5,21.90999984741211,18.5,3.4099998474121094,0.2841666539510091,364000,6686300,True,False,True
364221.5,6686333.5,18.739999771118164,8.369999885559082,10.369999885559082,0.8641666571299235,364200,6686300,False,False,False
364407.5,6686333.5,18.56999969482422,14.199999809265137,4.369999885559082,0.3641666571299235,364400,6686300,False,False,False
364121.5,6686332.5,20.950000762939453,19.8700008392334,1.0799999237060547,0.08999999364217122,364100,6686300,False,False,False
364153.5,6686332.5,26.399999618530273,25.229999542236328,1.1700000762939453,0.09750000635782878,364100,6686300,False,False,False
364214.5,6686332.5,13.880000114440918,5.630000114440918,8.25,0.6875,364200,6686300,False,False,False
364272.5,6686332.5,31.360000610351562,26.850000381469727,4.510000228881836,0.37583335240681964,364200,6686300,False,False,False
364284.5,6686332.5,27.440000534057617,23.540000915527344,3.8999996185302734,0.32499996821085614,364200,6686300,False,False,False
364382.5,6686332.5,26.450000762939453,15.25,11.200000762939453,0.9333333969116211,364300,6686300,False,False,False
364159.5,6686331.5,25.809999465942383,23.670000076293945,2.1399993896484375,0.17833328247070312,364100,6686300,False,False,False
364174.5,6686331.5,22.079999923706055,20.06999969482422,2.010000228881836,0.16750001907348633,364100,6686300,False,False,False
364256.5,6686331.5,29.729999542236328,24.700000762939453,5.029998779296875,0.41916656494140625,364200,6686300,False,False,False
364346.5,6686331.5,9.289999961853027,5.949999809265137,3.3400001525878906,0.2783333460489909,364300,6686300,False,False,False
364426.5,6686331.5,6.090000152587891,0.05999999865889549,6.030000153928995,0.5025000128274163,364400,6686300,False,False,False
364734.5,6686331.5,23.239999771118164,16.450000762939453,6.789999008178711,0.5658332506815592,364700,6686300,False,False,False
364020.5,6686330.5,24.420000076293945,21.43000030517578,2.989999771118164,0.24916664759318033,364000,6686300,True,False,True
364359.5,6686330.5,24.899999618530273,22.229999542236328,2.6700000762939453,0.22250000635782877,364300,6686300,False,False,False
364392.5,6686330.5,29.3799991607666,24.309999465942383,5.069999694824219,0.4224999745686849,364300,6686300,False,False,False
364746.5,6686330.5,22.459999084472656,19.100000381469727,3.3599987030029297,0.2799998919169108,364700,6686300,False,False,False
364230.5,6686329.5,20.649999618530273,22.530000686645508,-1.8800010681152344,-0.15666675567626953,364200,6686300,False,False,False
364652.5,6686329.5,9.3100004196167,9.300000190734863,0.010000228881835938,0.0008333524068196615,364600,6686300,False,False,False
364140.5,6686328.5,24.040000915527344,22.65999984741211,1.3800010681152344,0.11500008900960286,364100,6686300,False,False,False
364765.5,6686328.5,25.6299991607666,20.549999237060547,5.079999923706055,0.4233333269755046,364700,6686300,False,False,False
364000.5,6686327.5,25.049999237060547,23.34000015258789,1.7099990844726562,0.1424999237060547,364000,6686300,True,False,True
364223.5,6686327.5,14.880000114440918,7.599999904632568,7.28000020980835,0.6066666841506958,364200,6686300,False,False,False
364319.5,6686327.5,23.540000915527344,20.790000915527344,2.75,0.22916666666666666,364300,6686300,False,False,False
364352.5,6686327.5,21.729999542236328,18.110000610351562,3.6199989318847656,0.3016665776570638,364300,6686300,False,False,False
364717.5,6686327.5,15.420000076293945,11.539999961853027,3.880000114440918,0.3233333428700765,364700,6686300,False,False,False
364121.5,6686326.5,21.059999465942383,19.969999313354492,1.0900001525878906,0.09083334604899089,364100,6686300,False,False,False
364247.5,6686326.5,26.540000915527344,23.229999542236328,3.3100013732910156,0.2758334477742513,364200,6686300,False,False,False
364037.5,6686325.5,31.100000381469727,26.520000457763672,4.579999923706055,0.3816666603088379,364000,6686300,True,True,False
364087.5,6686325.5,24.309999465942383,22.440000534057617,1.8699989318847656,0.15583324432373047,364000,6686300,True,False,True
364109.5,6686325.5,25.59000015258789,23.350000381469727,2.239999771118164,0.18666664759318033,364100,6686300,False,False,False
364376.5,6686325.5,29.030000686645508,24.530000686645508,4.5,0.375,364300,6686300,False,False,False
364699.5,6686325.5,19.940000534057617,18.6200008392334,1.3199996948242188,0.10999997456868489,364600,6686300,False,False,False
364342.5,6686324.5,24.510000228881836,22.920000076293945,1.5900001525878906,0.13250001271565756,364300,6686300,False,False,False
364458.5,6686324.5,5.389999866485596,0.03999999910593033,5.349999867379665,0.4458333222816388,364400,6686300,False,False,False
364074.5,6686323.5,22.09000015258789,20.809999465942383,1.2800006866455078,0.10666672388712566,364000,6686300,True,False,True
364154.5,6686323.5,26.559999465942383,24.469999313354492,2.0900001525878906,0.17416667938232422,364100,6686300,False,False,False
364229.5,6686323.5,21.90999984741211,18.079999923706055,3.8299999237060547,0.3191666603088379,364200,6686300,False,False,False
364335.5,6686323.5,26.420000076293945,25.030000686645508,1.3899993896484375,0.11583328247070312,364300,6686300,False,False,False
364366.5,6686323.5,29.75,27.139999389648438,2.6100006103515625,0.21750005086263022,364300,6686300,False,False,False
364411.5,6686323.5,18.440000534057617,10.329999923706055,8.110000610351562,0.6758333841959635,364400,6686300,False,False,False
364472.5,6686323.5,5.690000057220459,0.1899999976158142,5.500000059604645,0.4583333383003871,364400,6686300,False,False,False
364748.5,6686323.5,23.559999465942383,19.110000610351562,4.44999885559082,0.3708332379659017,364700,6686300,False,False,False
364094.5,6686322.5,19.950000762939453,18.920000076293945,1.0300006866455078,0.08583339055379231,364000,6686300,True,False,True
364162.5,6686322.5,25.469999313354492,23.540000915527344,1.9299983978271484,0.16083319981892905,364100,6686300,False,False,False
364126.5,6686321.5,26.559999465942383,23.6299991607666,2.9300003051757812,0.24416669209798178,364100,6686300,False,False,False
364015.5,6686320.5,29.219999313354492,25.469999313354492,3.75,0.3125,364000,6686300,True,False,True
364245.5,6686320.5,28.170000076293945,23.5,4.670000076293945,0.3891666730244954,364200,6686300,False,False,False
364322.5,6686320.5,26.8700008392334,23.670000076293945,3.200000762939453,0.2666667302449544,364300,6686300,False,False,False
364704.5,6686320.5,21.040000915527344,15.520000457763672,5.520000457763672,0.46000003814697266,364700,6686300,False,False,False
364293.5,6686319.5,30.600000381469727,27.15999984741211,3.440000534057617,0.2866667111714681,364200,6686300,False,False,False
364397.5,6686319.5,20.75,17.899999618530273,2.8500003814697266,0.2375000317891439,364300,6686300,False,False,False
364136.5,6686318.5,22.56999969482422,21.020000457763672,1.5499992370605469,0.1291666030883789,364100,6686300,False,False,False
364152.5,6686318.5,26.579999923706055,24.5,2.0799999237060547,0.17333332697550455,364100,6686300,False,False,False
364193.5,6686318.5,20.770000457763672,16.540000915527344,4.229999542236328,0.35249996185302734,364100,6686300,False,False,False
364206.5,6686318.5,23.450000762939453,21.459999084472656,1.9900016784667969,0.1658334732055664,364200,6686300,False,False,False
364346.5,6686318.5,24.020000457763672,22.829999923706055,1.1900005340576172,0.0991667111714681,364300,6686300,False,False,False
364355.5,6686318.5,26.059999465942383,22.81999969482422,3.239999771118164,0.26999998092651367,364300,6686300,False,False,False
364433.5,6686318.5,8.59000015258789,2.7300000190734863,5.860000133514404,0.4883333444595337,364400,6686300,False,False,False
364039.5,6686317.5,31.600000381469727,28.309999465942383,3.2900009155273438,0.274166742960612,364000,6686300,True,True,False
364180.5,6686317.5,26.420000076293945,24.260000228881836,2.1599998474121094,0.17999998728434244,364100,6686300,False,False,False
364269.5,6686317.5,28.299999237060547,26.030000686645508,2.269998550415039,0.18916654586791992,364200,6686300,False,False,False
364663.5,6686317.5,6.170000076293945,0.05000000074505806,6.120000075548887,0.5100000062957406,364600,6686300,False,False,False
364161.5,6686316.5,26.200000762939453,22.610000610351562,3.5900001525878906,0.2991666793823242,364100,6686300,False,False,False
364216.5,6686316.5,24.139999389648438,22.489999771118164,1.6499996185302734,0.1374999682108561,364200,6686300,False,False,False
364280.5,6686316.5,32.58000183105469,31.489999771118164,1.0900020599365234,0.09083350499471028,364200,6686300,False,False,False
364301.5,6686315.5,27.190000534057617,24.270000457763672,2.9200000762939453,0.2433333396911621,364300,6686300,False,False,False
364053.5,6686314.5,30.450000762939453,27.760000228881836,2.690000534057617,0.2241667111714681,364000,6686300,True,True,False
364063.5,6686314.5,32.150001525878906,28.90999984741211,3.240001678466797,0.2700001398722331,364000,6686300,True,True,False
364030.5,6686313.5,34.099998474121094,31.65999984741211,2.4399986267089844,0.20333321889241537,364000,6686300,True,True,False
364010.5,6686312.5,25.8700008392334,23.479999542236328,2.3900012969970703,0.19916677474975586,364000,6686300,True,False,True
364123.5,6686312.5,26.559999465942383,23.84000015258789,2.719999313354492,0.22666660944620767,364100,6686300,False,False,False
364171.5,6686312.5,24.84000015258789,22.579999923706055,2.260000228881836,0.18833335240681967,364100,6686300,False,False,False
364224.5,6686312.5,26.389999389648438,12.739999771118164,13.649999618530273,1.1374999682108562,364200,6686300,False,False,False
364338.5,6686312.5,29.06999969482422,27.5,1.5699996948242188,0.13083330790201822,364300,6686300,False,False,False
364363.5,6686312.5,10.979999542236328,4.210000038146973,6.7699995040893555,0.5641666253407797,364300,6686300,False,False,False
364667.5,6686312.5,5.800000190734863,0.12999999523162842,5.670000195503235,0.4725000162919362,364600,6686300,False,False,False
364136.5,6686311.5,25.059999465942383,23.450000762939453,1.6099987030029297,0.13416655858357748,364100,6686300,False,False,False
364154.5,6686311.5,27.0,24.280000686645508,2.719999313354492,0.22666660944620767,364100,6686300,False,False,False
364198.5,6686311.5,23.81999969482422,17.579999923706055,6.239999771118164,0.5199999809265137,364100,6686300,False,False,False
364326.5,6686311.5,23.559999465942383,23.399999618530273,0.15999984741210938,0.013333320617675781,364300,6686300,False,False,False
364424.5,6686311.5,14.0600004196167,8.670000076293945,5.390000343322754,0.4491666952768962,364400,6686300,False,False,False
364020.5,6686310.5,26.010000228881836,22.479999542236328,3.530000686645508,0.29416672388712567,364000,6686300,True,False,True
364443.5,6686310.5,5.739999771118164,0.05999999865889549,5.679999772459269,0.4733333143716057,364400,6686300,False,False,False
364460.5,6686310.5,8.039999961853027,0.05000000074505806,7.989999961107969,0.6658333300923308,364400,6686300,False,False,False
364678.5,6686310.5,14.579999923706055,10.789999961853027,3.7899999618530273,0.31583333015441895,364600,6686300,False,False,False
364038.5,6686309.5,34.150001525878906,30.190000534057617,3.960000991821289,0.3300000826517741,364000,6686300,True,True,False
364100.5,6686309.5,23.690000534057617,20.559999465942383,3.1300010681152344,0.2608334223429362,364100,6686300,False,False,False
364447.5,6686309.5,5.800000190734863,1.6100000143051147,4.1900001764297485,0.3491666813691457,364400,6686300,False,False,False
364469.5,6686309.5,6.559999942779541,0.14000000059604645,6.419999942183495,0.5349999951819578,364400,6686300,False,False,False
364772.5,6686309.5,29.950000762939453,29.06999969482422,0.8800010681152344,0.0733334223429362,364700,6686300,False,False,False
364003.5,6686308.5,28.950000762939453,25.1200008392334,3.8299999237060547,0.3191666603088379,364000,6686300,True,False,True
364209.5,6686308.5,27.6299991607666,24.170000076293945,3.4599990844726562,0.288333257039388,364200,6686300,False,False,False
364072.5,6686307.5,28.979999542236328,26.920000076293945,2.059999465942383,0.17166662216186523,364000,6686300,True,False,True
364189.5,6686307.5,24.889999389648438,22.56999969482422,2.3199996948242188,0.19333330790201822,364100,6686300,False,False,False
364238.5,6686307.5,25.969999313354492,24.1200008392334,1.8499984741210938,0.15416653951009116,364200,6686300,False,False,False
364349.5,6686307.5,23.34000015258789,12.25,11.09000015258789,0.9241666793823242,364300,6686300,False,False,False
364115.5,6686306.5,22.56999969482422,21.0,1.5699996948242188,0.13083330790201822,364100,6686300,False,False,False
364168.5,6686306.5,27.049999237060547,23.6200008392334,3.4299983978271484,0.285833199818929,364100,6686300,False,False,False
364396.5,6686306.5,27.93000030517578,19.739999771118164,8.190000534057617,0.6825000445048014,364300,6686300,False,False,False
364018.5,6686305.5,26.06999969482422,23.06999969482422,3.0,0.25,364000,6686300,True,False,True
364176.5,6686305.5,29.219999313354492,26.8799991607666,2.3400001525878906,0.19500001271565756,364100,6686300,False,False,False
364331.5,6686305.5,24.280000686645508,22.459999084472656,1.8200016021728516,0.15166680018107095,364300,6686300,False,False,False
364465.5,6686305.5,6.090000152587891,0.0,6.090000152587891,0.5075000127156576,364400,6686300,False,False,False
364313.5,6686304.5,27.1200008392334,24.5,2.6200008392333984,0.21833340326944986,364300,6686300,False,False,False
364374.5,6686304.5,18.690000534057617,13.550000190734863,5.140000343322754,0.4283333619435628,364300,6686300,False,False,False
364325.5,6686301.5,25.440000534057617,23.0,2.440000534057617,0.20333337783813477,364300,6686300,False,False,False
364418.5,6686301.5,27.860000610351562,19.670000076293945,8.190000534057617,0.6825000445048014,364400,6686300,False,False,False
364463.5,6686301.5,7.050000190734863,0.0,7.050000190734863,0.5875000158945719,364400,6686300,False,False,False
364677.5,6686301.5,7.96999979019165,0.07999999821186066,7.88999979197979,0.6574999826649824,364600,6686300,False,False,False
364020.5,6686300.5,26.030000686645508,23.950000762939453,2.0799999237060547,0.17333332697550455,364000,6686300,True,False,True
364048.5,6686300.5,27.579999923706055,19.549999237060547,8.030000686645508,0.6691667238871256,364000,6686300,True,False,True
364138.5,6686300.5,28.790000915527344,24.399999618530273,4.39000129699707,0.36583344141642254,364100,6686300,False,False,False
364158.5,6686300.5,30.420000076293945,27.18000030517578,3.239999771118164,0.26999998092651367,364100,6686300,False,False,False
364168.5,6686300.5,27.170000076293945,23.950000762939453,3.219999313354492,0.26833327611287433,364100,6686300,False,False,False
364224.5,6686300.5,24.56999969482422,19.06999969482422,5.5,0.4583333333333333,364200,6686300,False,False,False
364244.5,6686300.5,28.850000381469727,26.489999771118164,2.3600006103515625,0.19666671752929688,364200,6686300,False,False,False
364435.5,6686300.5,19.90999984741211,12.930000305175781,6.979999542236328,0.581666628519694,364400,6686300,False,False,False
364008.5,6686299.5,26.579999923706055,24.190000534057617,2.3899993896484375,0.19916661580403647,364000,6686200,True,False,True
364366.5,6686299.5,14.949999809265137,8.270000457763672,6.679999351501465,0.5566666126251221,364300,6686200,False,False,False
364194.5,6686297.5,26.229999542236328,21.6200008392334,4.60999870300293,0.38416655858357746,364100,6686200,False,False,False
364291.5,6686297.5,27.65999984741211,24.219999313354492,3.440000534057617,0.2866667111714681,364200,6686200,True,False,True
364299.5,6686297.5,29.670000076293945,27.549999237060547,2.1200008392333984,0.1766667366027832,364200,6686200,True,False,True
364376.5,6686297.5,19.700000762939453,15.899999618530273,3.8000011444091797,0.3166667620340983,364300,6686200,False,False,False
364109.5,6686296.5,25.200000762939453,21.90999984741211,3.2900009155273438,0.274166742960612,364100,6686200,False,False,False
364130.5,6686296.5,28.809999465942383,27.030000686645508,1.779998779296875,0.1483332316080729,364100,6686200,False,False,False
364215.5,6686296.5,18.020000457763672,11.65999984741211,6.3600006103515625,0.5300000508626302,364200,6686200,True,False,True
364270.5,6686296.5,29.399999618530273,26.049999237060547,3.3500003814697266,0.27916669845581055,364200,6686200,True,False,True
364410.5,6686296.5,23.719999313354492,21.469999313354492,2.25,0.1875,364400,6686200,False,False,False
364443.5,6686296.5,20.579999923706055,11.770000457763672,8.809999465942383,0.7341666221618652,364400,6686200,False,False,False
364032.5,6686295.5,32.40999984741211,28.40999984741211,4.0,0.3333333333333333,364000,6686200,True,True,False
364081.5,6686295.5,33.099998474121094,28.969999313354492,4.129999160766602,0.3441665967305501,364000,6686200,True,True,False
364435.5,6686295.5,19.760000228881836,8.210000038146973,11.550000190734863,0.9625000158945719,364400,6686200,False,False,False
364767.5,6686295.5,19.299999237060547,11.819999694824219,7.479999542236328,0.6233332951863607,364700,6686200,False,False,False
364779.5,6686295.5,26.200000762939453,25.899999618530273,0.3000011444091797,0.02500009536743164,364700,6686200,False,False,False
364001.5,6686294.5,27.170000076293945,26.170000076293945,1.0,0.08333333333333333,364000,6686200,True,False,True
364020.5,6686294.5,26.43000030517578,25.610000610351562,0.8199996948242188,0.06833330790201823,364000,6686200,True,False,True
364040.5,6686294.5,25.100000381469727,22.610000610351562,2.489999771118164,0.20749998092651367,364000,6686200,True,False,True
364137.5,6686294.5,27.950000762939453,26.290000915527344,1.6599998474121094,0.13833332061767578,364100,6686200,False,False,False
364061.5,6686293.5,29.190000534057617,25.93000030517578,3.260000228881836,0.271666685740153,364000,6686200,True,False,True
364068.5,6686293.5,24.420000076293945,22.459999084472656,1.960000991821289,0.16333341598510742,364000,6686200,True,False,True
364460.5,6686293.5,8.8100004196167,0.029999999329447746,8.780000420287251,0.7316667016906043,364400,6686200,False,False,False
364148.5,6686292.5,24.829999923706055,24.18000030517578,0.6499996185302734,0.05416663487752279,364100,6686200,False,False,False
364350.5,6686292.5,11.4399995803833,4.139999866485596,7.299999713897705,0.6083333094914755,364300,6686200,False,False,False
364394.5,6686292.5,28.5,24.920000076293945,3.5799999237060547,0.2983333269755046,364300,6686200,False,False,False
364401.5,6686292.5,31.100000381469727,24.399999618530273,6.700000762939453,0.5583333969116211,364400,6686200,False,False,False
364252.5,6686291.5,27.06999969482422,24.950000762939453,2.1199989318847656,0.1766665776570638,364200,6686200,True,False,True
364279.5,6686291.5,29.40999984741211,27.229999542236328,2.1800003051757812,0.18166669209798178,364200,6686200,True,False,True
364630.5,6686291.5,9.729999542236328,0.0,9.729999542236328,0.8108332951863607,364600,6686200,False,False,False
364787.5,6686291.5,19.09000015258789,16.100000381469727,2.989999771118164,0.24916664759318033,364700,6686200,False,False,False
364120.5,6686290.5,24.920000076293945,21.170000076293945,3.75,0.3125,364100,6686200,False,False,False
364164.5,6686290.5,26.8700008392334,25.030000686645508,1.8400001525878906,0.15333334604899088,364100,6686200,False,False,False
364188.5,6686290.5,19.280000686645508,20.260000228881836,-0.9799995422363281,-0.08166662851969402,364100,6686200,False,False,False
364230.5,6686290.5,20.049999237060547,15.40999984741211,4.6399993896484375,0.38666661580403644,364200,6686200,True,False,True
364471.5,6686290.5,5.309999942779541,0.029999999329447746,5.279999943450093,0.4399999952875078,364400,6686200,False,False,False
364241.5,6686289.5,20.209999084472656,15.079999923706055,5.129999160766602,0.4274999300638835,364200,6686200,True,False,True
364370.5,6686289.5,19.239999771118164,16.719999313354492,2.520000457763672,0.21000003814697266,364300,6686200,False,False,False
364331.5,6686288.5,23.719999313354492,19.170000076293945,4.549999237060547,0.3791666030883789,364300,6686200,False,False,False
364431.5,6686288.5,22.3799991607666,16.0,6.379999160766602,0.5316665967305502,364400,6686200,False,False,False
364766.5,6686288.5,19.420000076293945,15.0600004196167,4.359999656677246,0.3633333047231038,364700,6686200,False,False,False
364133.5,6686287.5,21.299999237060547,21.579999923706055,-0.2800006866455078,-0.023333390553792317,364100,6686200,False,False,False
364198.5,6686287.5,23.84000015258789,23.09000015258789,0.75,0.0625,364100,6686200,False,False,False
364317.5,6686287.5,26.790000915527344,23.670000076293945,3.1200008392333984,0.2600000699361165,364300,6686200,False,False,False
364008.5,6686286.5,29.989999771118164,25.5,4.489999771118164,0.37416664759318036,364000,6686200,True,False,True
364293.5,6686286.5,27.489999771118164,25.709999084472656,1.7800006866455078,0.14833339055379233,364200,6686200,True,False,True
364303.5,6686286.5,27.239999771118164,25.399999618530273,1.8400001525878906,0.15333334604899088,364300,6686200,False,False,False
364029.5,6686285.5,29.059999465942383,25.239999771118164,3.8199996948242188,0.31833330790201825,364000,6686200,True,False,True
364127.5,6686285.5,17.959999084472656,13.899999618530273,4.059999465942383,0.3383332888285319,364100,6686200,False,False,False
364356.5,6686285.5,17.360000610351562,13.9399995803833,3.4200010299682617,0.2850000858306885,364300,6686200,False,False,False
364059.5,6686284.5,29.18000030517578,24.979999542236328,4.200000762939453,0.3500000635782878,364000,6686200,True,False,True
364092.5,6686284.5,33.5099983215332,28.770000457763672,4.739997863769531,0.39499982198079425,364000,6686200,True,True,False
364222.5,6686284.5,20.489999771118164,14.869999885559082,5.619999885559082,0.46833332379659015,364200,6686200,True,False,True
364310.5,6686284.5,27.520000457763672,24.5,3.020000457763672,0.25166670481363934,364300,6686200,False,False,False
364180.5,6686283.5,18.600000381469727,13.0600004196167,5.539999961853027,0.46166666348775226,364100,6686200,False,False,False
364332.5,6686283.5,23.540000915527344,18.110000610351562,5.430000305175781,0.4525000254313151,364300,6686200,False,False,False
364459.5,6686283.5,19.65999984741211,13.979999542236328,5.680000305175781,0.47333335876464844,364400,6686200,False,False,False
364254.5,6686282.5,24.260000228881836,19.040000915527344,5.219999313354492,0.434999942779541,364200,6686200,True,False,True
364368.5,6686282.5,20.149999618530273,16.3799991607666,3.770000457763672,0.31416670481363934,364300,6686200,False,False,False
364140.5,6686281.5,18.8700008392334,8.760000228881836,10.110000610351562,0.8425000508626302,364100,6686200,False,False,False
364167.5,6686281.5,24.290000915527344,22.469999313354492,1.8200016021728516,0.15166680018107095,364100,6686200,False,False,False
364411.5,6686281.5,27.170000076293945,23.200000762939453,3.969999313354492,0.33083327611287433,364400,6686200,False,False,False
364185.5,6686280.5,18.84000015258789,15.119999885559082,3.7200002670288086,0.3100000222524007,364100,6686200,False,False,False
364194.5,6686280.5,24.6299991607666,23.459999084472656,1.1700000762939453,0.09750000635782878,364100,6686200,False,False,False
364292.5,6686280.5,29.459999084472656,28.020000457763672,1.4399986267089844,0.11999988555908203,364200,6686200,True,False,True
364430.5,6686280.5,23.690000534057617,24.31999969482422,-0.6299991607666016,-0.05249993006388346,364400,6686200,False,False,False
364450.5,6686280.5,23.06999969482422,17.75,5.319999694824219,0.44333330790201825,364400,6686200,False,False,False
364050.5,6686279.5,27.709999084472656,23.25,4.459999084472656,0.3716665903727214,364000,6686200,True,False,True
364738.5,6686279.5,13.3100004196167,8.720000267028809,4.590000152587891,0.38250001271565753,364700,6686200,False,False,False
364067.5,6686278.5,31.260000228881836,25.170000076293945,6.090000152587891,0.5075000127156576,364000,6686200,True,False,True
364232.5,6686278.5,17.18000030517578,16.729999542236328,0.4500007629394531,0.03750006357828776,364200,6686200,True,False,True
364264.5,6686278.5,25.190000534057617,22.739999771118164,2.450000762939453,0.20416673024495444,364200,6686200,True,False,True
364324.5,6686278.5,29.25,26.90999984741211,2.3400001525878906,0.19500001271565756,364300,6686200,False,False,False
364382.5,6686278.5,27.170000076293945,23.030000686645508,4.1399993896484375,0.3449999491373698,364300,6686200,False,False,False
364426.5,6686278.5,21.420000076293945,18.559999465942383,2.8600006103515625,0.23833338419596353,364400,6686200,False,False,False
364460.5,6686278.5,21.239999771118164,15.270000457763672,5.969999313354492,0.497499942779541,364400,6686200,False,False,False
364491.5,6686278.5,5.329999923706055,0.03999999910593033,5.289999924600124,0.4408333270500104,364400,6686200,False,False,False
364754.5,6686278.5,8.329999923706055,0.25999999046325684,8.069999933242798,0.6724999944368998,364700,6686200,False,False,False
364765.5,6686278.5,7.349999904632568,11.65999984741211,-4.309999942779541,-0.3591666618982951,364700,6686200,False,False,False
364028.5,6686277.5,31.020000457763672,27.799999237060547,3.220001220703125,0.26833343505859375,364000,6686200,True,False,True
364282.5,6686277.5,19.360000610351562,12.710000038146973,6.65000057220459,0.5541667143503824,364200,6686200,True,False,True
364800.5,6686277.5,26.81999969482422,25.639999389648438,1.1800003051757812,0.09833335876464844,364800,6686200,False,False,False
364245.5,6686276.5,23.93000030517578,19.889999389648438,4.040000915527344,0.336666742960612,364200,6686200,True,False,True
364202.5,6686275.5,24.8700008392334,22.049999237060547,2.8200016021728516,0.2350001335144043,364200,6686200,True,False,True
364106.5,6686274.5,35.29999923706055,31.209999084472656,4.090000152587891,0.3408333460489909,364100,6686200,False,False,False
364237.5,6686274.5,8.039999961853027,0.9599999785423279,7.0799999833106995,0.5899999986092249,364200,6686200,True,False,True
364173.5,6686273.5,22.860000610351562,21.860000610351562,1.0,0.08333333333333333,364100,6686200,False,False,False
364265.5,6686273.5,25.25,23.760000228881836,1.489999771118164,0.12416664759318034,364200,6686200,True,False,True
364396.5,6686273.5,32.09000015258789,27.149999618530273,4.940000534057617,0.4116667111714681,364300,6686200,False,False,False
364701.5,6686273.5,7.78000020980835,0.07999999821186066,7.700000211596489,0.6416666842997074,364700,6686200,False,False,False
364744.5,6686273.5,14.170000076293945,5.340000152587891,8.829999923706055,0.7358333269755045,364700,6686200,False,False,False
364787.5,6686273.5,24.90999984741211,23.010000228881836,1.8999996185302734,0.15833330154418945,364700,6686200,False,False,False
364008.5,6686272.5,32.970001220703125,28.84000015258789,4.130001068115234,0.34416675567626953,364000,6686200,True,True,False
364086.5,6686272.5,25.520000457763672,22.229999542236328,3.2900009155273438,0.274166742960612,364000,6686200,True,False,True
364163.5,6686272.5,21.510000228881836,16.510000228881836,5.0,0.4166666666666667,364100,6686200,False,False,False
364253.5,6686272.5,7.300000190734863,0.0,7.300000190734863,0.6083333492279053,364200,6686200,True,False,True
364355.5,6686272.5,16.229999542236328,8.020000457763672,8.209999084472656,0.6841665903727213,364300,6686200,False,False,False
364360.5,6686272.5,18.18000030517578,13.75,4.430000305175781,0.36916669209798175,364300,6686200,False,False,False
364807.5,6686272.5,25.270000457763672,21.190000534057617,4.079999923706055,0.3399999936421712,364800,6686200,False,False,False
364121.5,6686271.5,35.77000045776367,31.1299991607666,4.64000129699707,0.38666677474975586,364100,6686200,False,False,False
364212.5,6686271.5,25.450000762939453,23.350000381469727,2.1000003814697266,0.1750000317891439,364200,6686200,True,False,True
364288.5,6686271.5,21.020000457763672,20.940000534057617,0.07999992370605469,0.006666660308837891,364200,6686200,True,False,True
364300.5,6686271.5,26.540000915527344,23.75,2.7900009155273438,0.2325000762939453,364300,6686200,False,False,False
364465.5,6686271.5,24.209999084472656,16.739999771118164,7.469999313354492,0.622499942779541,364400,6686200,False,False,False
364495.5,6686271.5,6.409999847412109,2.7200000286102295,3.68999981880188,0.3074999849001567,364400,6686200,False,False,False
364016.5,6686270.5,32.369998931884766,27.239999771118164,5.129999160766602,0.4274999300638835,364000,6686200,True,True,False
364320.5,6686270.5,27.239999771118164,24.670000076293945,2.5699996948242188,0.21416664123535156,364300,6686200,False,False,False
364459.5,6686270.5,23.780000686645508,15.989999771118164,7.790000915527344,0.6491667429606119,364400,6686200,False,False,False
364115.5,6686269.5,34.810001373291016,30.6299991607666,4.180002212524414,0.34833351771036786,364100,6686200,False,False,False
364132.5,6686269.5,27.93000030517578,23.34000015258789,4.590000152587891,0.38250001271565753,364100,6686200,False,False,False
364035.5,6686268.5,32.849998474121094,27.770000457763672,5.079998016357422,0.42333316802978516,364000,6686200,True,True,False
364279.5,6686268.5,28.110000610351562,25.290000915527344,2.8199996948242188,0.2349999745686849,364200,6686200,True,False,True
364201.5,6686267.5,26.770000457763672,24.899999618530273,1.8700008392333984,0.15583340326944986,364200,6686200,True,False,True
364227.5,6686267.5,18.8799991607666,17.010000228881836,1.8699989318847656,0.15583324432373047,364200,6686200,True,False,True
364640.5,6686267.5,8.520000457763672,0.05000000074505806,8.470000457018614,0.7058333714182178,364600,6686200,False,False,False
364753.5,6686267.5,6.010000228881836,5.769999980926514,0.24000024795532227,0.020000020662943523,364700,6686200,False,False,False
364800.5,6686267.5,24.030000686645508,22.799999237060547,1.230001449584961,0.10250012079874675,364800,6686200,False,False,False
364441.5,6686266.5,20.260000228881836,17.389999389648438,2.8700008392333984,0.2391667366027832,364400,6686200,False,False,False
364479.5,6686266.5,21.34000015258789,14.229999542236328,7.1100006103515625,0.5925000508626302,364400,6686200,False,False,False
364189.5,6686265.5,19.969999313354492,15.960000038146973,4.0099992752075195,0.3341666062672933,364100,6686200,False,False,False
364346.5,6686264.5,24.420000076293945,20.860000610351562,3.559999465942383,0.29666662216186523,364300,6686200,False,False,False
364429.5,6686264.5,28.360000610351562,23.549999237060547,4.810001373291016,0.4008334477742513,364400,6686200,False,False,False
364027.5,6686263.5,30.989999771118164,26.8700008392334,4.119998931884766,0.34333324432373047,364000,6686200,True,False,True
364043.5,6686263.5,32.279998779296875,28.3799991607666,3.8999996185302734,0.32499996821085614,364000,6686200,True,False,True
364068.5,6686263.5,31.079999923706055,27.709999084472656,3.3700008392333984,0.2808334032694499,364000,6686200,True,False,True
364244.5,6686263.5,22.229999542236328,21.170000076293945,1.0599994659423828,0.0883332888285319,364200,6686200,True,False,True
364715.5,6686263.5,6.480000019073486,0.09000000357627869,6.390000015497208,0.5325000012914339,364700,6686200,False,False,False
364758.5,6686263.5,14.640000343322754,3.549999952316284,11.09000039100647,0.9241666992505392,364700,6686200,False,False,False
364106.5,6686262.5,26.829999923706055,22.90999984741211,3.9200000762939453,0.3266666730244954,364100,6686200,False,False,False
364140.5,6686262.5,33.310001373291016,23.309999465942383,10.000001907348633,0.8333334922790527,364100,6686200,False,False,False
364722.5,6686262.5,7.320000171661377,0.12999999523162842,7.1900001764297485,0.5991666813691457,364700,6686200,False,False,False
364767.5,6686262.5,7.849999904632568,22.729999542236328,-14.87999963760376,-1.2399999698003132,364700,6686200,False,False,False
364808.5,6686262.5,26.040000915527344,24.81999969482422,1.220001220703125,0.10166676839192708,364800,6686200,False,False,False
364286.5,6686261.5,31.979999542236328,29.670000076293945,2.309999465942383,0.19249995549519858,364200,6686200,True,True,False
364294.5,6686261.5,27.079999923706055,24.1299991607666,2.950000762939453,0.2458333969116211,364200,6686200,True,False,True
364273.5,6686260.5,25.670000076293945,21.719999313354492,3.950000762939453,0.3291667302449544,364200,6686200,True,False,True
364400.5,6686260.5,31.8799991607666,23.610000610351562,8.269998550415039,0.6891665458679199,364400,6686200,False,False,False
364057.5,6686259.5,34.689998626708984,30.139999389648438,4.549999237060547,0.3791666030883789,364000,6686200,True,True,False
364173.5,6686259.5,27.780000686645508,22.520000457763672,5.260000228881836,0.43833335240681964,364100,6686200,False,False,False
364194.5,6686259.5,23.81999969482422,22.06999969482422,1.75,0.14583333333333334,364100,6686200,False,False,False
364391.5,6686259.5,32.9900016784668,27.010000228881836,5.980001449584961,0.4983334541320801,364300,6686200,False,False,False
364713.5,6686259.5,9.40999984741211,0.09000000357627869,9.31999984383583,0.7766666536529859,364700,6686200,False,False,False
364220.5,6686258.5,24.469999313354492,22.889999389648438,1.5799999237060547,0.1316666603088379,364200,6686200,True,False,True
364475.5,6686258.5,24.979999542236328,16.690000534057617,8.289999008178711,0.6908332506815592,364400,6686200,False,False,False
364732.5,6686258.5,5.409999847412109,0.029999999329447746,5.379999848082662,0.44833332067355514,364700,6686200,False,False,False
364236.5,6686257.5,15.850000381469727,12.380000114440918,3.4700002670288086,0.2891666889190674,364200,6686200,True,False,True
364436.5,6686257.5,22.709999084472656,19.700000762939453,3.009998321533203,0.2508331934611003,364400,6686200,False,False,False
364746.5,6686257.5,5.579999923706055,0.0,5.579999923706055,0.4649999936421712,364700,6686200,False,False,False
364085.5,6686256.5,32.5,29.920000076293945,2.5799999237060547,0.21499999364217123,364000,6686200,True,True,False
364349.5,6686256.5,25.239999771118164,21.670000076293945,3.5699996948242188,0.2974999745686849,364300,6686200,False,False,False
364026.5,6686255.5,30.530000686645508,27.040000915527344,3.489999771118164,0.290833314259847,364000,6686200,True,False,True
364378.5,6686255.5,28.850000381469727,25.989999771118164,2.8600006103515625,0.23833338419596353,364300,6686200,False,False,False
364455.5,6686255.5,22.549999237060547,20.209999084472656,2.3400001525878906,0.19500001271565756,364400,6686200,False,False,False
364791.5,6686255.5,22.670000076293945,20.690000534057617,1.9799995422363281,0.16499996185302734,364700,6686200,False,False,False
364004.5,6686254.5,32.59000015258789,27.920000076293945,4.670000076293945,0.3891666730244954,364000,6686200,True,True,False
364264.5,6686254.5,25.81999969482422,23.989999771118164,1.8299999237060547,0.15249999364217123,364200,6686200,True,False,True
364495.5,6686254.5,25.049999237060547,17.979999542236328,7.069999694824219,0.5891666412353516,364400,6686200,False,False,False
364119.5,6686253.5,28.360000610351562,24.229999542236328,4.130001068115234,0.34416675567626953,364100,6686200,False,False,False
364272.5,6686253.5,30.059999465942383,27.229999542236328,2.8299999237060547,0.23583332697550455,364200,6686200,True,True,False
364724.5,6686253.5,9.399999618530273,0.05999999865889549,9.339999619871378,0.7783333016559482,364700,6686200,False,False,False
364733.5,6686253.5,6.670000076293945,2.7200000286102295,3.950000047683716,0.32916667064030963,364700,6686200,False,False,False
364165.5,6686252.5,33.439998626708984,29.780000686645508,3.6599979400634766,0.30499982833862305,364100,6686200,False,False,False
364299.5,6686252.5,29.600000381469727,27.190000534057617,2.4099998474121094,0.20083332061767578,364200,6686200,True,False,True
364756.5,6686252.5,17.520000457763672,15.579999923706055,1.9400005340576172,0.1616667111714681,364700,6686200,False,False,False
364820.5,6686252.5,20.18000030517578,19.079999923706055,1.1000003814697266,0.09166669845581055,364800,6686200,False,False,False
364215.5,6686251.5,21.149999618530273,17.170000076293945,3.979999542236328,0.33166662851969403,364200,6686200,True,False,True
364469.5,6686251.5,23.829999923706055,20.020000457763672,3.809999465942383,0.31749995549519855,364400,6686200,False,False,False
364484.5,6686251.5,23.8700008392334,16.18000030517578,7.690000534057617,0.6408333778381348,364400,6686200,False,False,False
364777.5,6686251.5,24.15999984741211,21.31999969482422,2.8400001525878906,0.23666667938232422,364700,6686200,False,False,False
364036.5,6686250.5,26.510000228881836,23.84000015258789,2.6700000762939453,0.22250000635782877,364000,6686200,True,False,True
364339.5,6686250.5,23.84000015258789,20.170000076293945,3.6700000762939453,0.3058333396911621,364300,6686200,False,False,False
364358.5,6686250.5,28.850000381469727,25.40999984741211,3.440000534057617,0.2866667111714681,364300,6686200,False,False,False
364419.5,6686250.5,31.760000228881836,27.709999084472656,4.05000114440918,0.33750009536743164,364400,6686200,False,False,False
364792.5,6686250.5,22.540000915527344,18.3700008392334,4.170000076293945,0.3475000063578288,364700,6686200,False,False,False
364012.5,6686249.5,29.790000915527344,25.920000076293945,3.8700008392333984,0.3225000699361165,364000,6686200,True,False,True
364068.5,6686249.5,35.529998779296875,31.56999969482422,3.9599990844726562,0.3299999237060547,364000,6686200,True,True,False
364317.5,6686249.5,30.559999465942383,28.15999984741211,2.3999996185302734,0.1999999682108561,364300,6686200,False,False,False
364440.5,6686249.5,22.959999084472656,21.729999542236328,1.2299995422363281,0.10249996185302734,364400,6686200,False,False,False
364826.5,6686249.5,18.479999542236328,16.229999542236328,2.25,0.1875,364800,6686200,False,False,False
364023.5,6686248.5,31.979999542236328,26.5,5.479999542236328,0.45666662851969403,364000,6686200,True,False,True
364379.5,6686248.5,29.440000534057617,25.639999389648438,3.8000011444091797,0.3166667620340983,364300,6686200,False,False,False
364051.5,6686247.5,31.100000381469727,27.139999389648438,3.960000991821289,0.3300000826517741,364000,6686200,True,False,True
364240.5,6686247.5,23.790000915527344,21.06999969482422,2.720001220703125,0.2266667683919271,364200,6686200,True,False,True
364290.5,6686247.5,34.689998626708984,31.06999969482422,3.6199989318847656,0.3016665776570638,364200,6686200,True,True,False
364308.5,6686247.5,31.440000534057617,29.670000076293945,1.7700004577636719,0.14750003814697266,364300,6686200,False,False,False
364000.5,6686246.5,27.65999984741211,25.3799991607666,2.280000686645508,0.19000005722045898,364000,6686200,True,False,True
364101.5,6686246.5,32.54999923706055,29.809999465942383,2.739999771118164,0.22833331425984701,364100,6686200,False,False,False
364120.5,6686246.5,25.059999465942383,21.579999923706055,3.479999542236328,0.28999996185302734,364100,6686200,False,False,False
364154.5,6686246.5,25.719999313354492,21.110000610351562,4.60999870300293,0.38416655858357746,364100,6686200,False,False,False
364184.5,6686246.5,29.309999465942383,26.68000030517578,2.6299991607666016,0.21916659673055014,364100,6686200,False,False,False
364204.5,6686246.5,26.190000534057617,23.239999771118164,2.950000762939453,0.2458333969116211,364200,6686200,True,False,True
364270.5,6686246.5,28.809999465942383,25.670000076293945,3.1399993896484375,0.26166661580403644,364200,6686200,True,False,True
364332.5,6686245.5,27.75,22.450000762939453,5.299999237060547,0.4416666030883789,364300,6686200,False,False,False
364398.5,6686245.5,31.31999969482422,25.709999084472656,5.6100006103515625,0.4675000508626302,364300,6686200,False,False,False
364134.5,6686244.5,25.84000015258789,21.950000762939453,3.8899993896484375,0.32416661580403644,364100,6686200,False,False,False
364251.5,6686244.5,23.65999984741211,22.610000610351562,1.0499992370605469,0.08749993642171223,364200,6686200,True,False,True
364458.5,6686244.5,27.079999923706055,24.25,2.8299999237060547,0.23583332697550455,364400,6686200,False,False,False
364740.5,6686244.5,10.369999885559082,8.59000015258789,1.7799997329711914,0.14833331108093262,364700,6686200,False,False,False
364754.5,6686244.5,14.109999656677246,11.6899995803833,2.4200000762939453,0.20166667302449545,364700,6686200,False,False,False
364006.5,6686243.5,29.760000228881836,26.780000686645508,2.979999542236328,0.2483332951863607,364000,6686200,True,False,True
364113.5,6686243.5,24.219999313354492,20.549999237060547,3.6700000762939453,0.3058333396911621,364100,6686200,False,False,False
364142.5,6686242.5,25.40999984741211,22.18000030517578,3.229999542236328,0.26916662851969403,364100,6686200,False,False,False
364218.5,6686242.5,27.520000457763672,25.09000015258789,2.4300003051757812,0.2025000254313151,364200,6686200,True,False,True
364198.5,6686241.5,29.110000610351562,25.5,3.6100006103515625,0.30083338419596356,364100,6686200,False,False,False
364440.5,6686241.5,26.469999313354492,21.950000762939453,4.519998550415039,0.3766665458679199,364400,6686200,False,False,False
364475.5,6686241.5,24.200000762939453,18.940000534057617,5.260000228881836,0.43833335240681964,364400,6686200,False,False,False
364021.5,6686240.5,29.8700008392334,26.579999923706055,3.2900009155273438,0.274166742960612,364000,6686200,True,False,True
364341.5,6686240.5,18.299999237060547,17.440000534057617,0.8599987030029297,0.07166655858357747,364300,6686200,False,False,False
364424.5,6686240.5,26.440000534057617,21.420000076293945,5.020000457763672,0.41833337148030597,364400,6686200,False,False,False
364733.5,6686240.5,9.460000038146973,5.730000019073486,3.7300000190734863,0.3108333349227905,364700,6686200,False,False,False
364284.5,6686239.5,30.889999389648438,27.829999923706055,3.059999465942383,0.25499995549519855,364200,6686200,True,True,False
364492.5,6686239.5,21.899999618530273,17.989999771118164,3.9099998474121094,0.3258333206176758,364400,6686200,False,False,False
364000.5,6686238.5,27.600000381469727,25.389999389648438,2.210000991821289,0.18416674931844076,364000,6686200,True,False,True
364157.5,6686238.5,27.049999237060547,24.309999465942383,2.739999771118164,0.22833331425984701,364100,6686200,False,False,False
364368.5,6686238.5,29.940000534057617,27.68000030517578,2.260000228881836,0.18833335240681967,364300,6686200,False,False,False
364027.5,6686237.5,29.40999984741211,26.729999542236328,2.6800003051757812,0.22333335876464844,364000,6686200,True,False,True
364257.5,6686237.5,23.729999542236328,17.1200008392334,6.60999870300293,0.5508332252502441,364200,6686200,True,False,True
364792.5,6686237.5,14.880000114440918,6.150000095367432,8.730000019073486,0.7275000015894572,364700,6686200,False,False,False
364036.5,6686236.5,27.670000076293945,23.469999313354492,4.200000762939453,0.3500000635782878,364000,6686200,True,False,True
364047.5,6686236.5,29.889999389648438,27.309999465942383,2.5799999237060547,0.21499999364217123,364000,6686200,True,False,True
364275.5,6686236.5,30.18000030517578,27.09000015258789,3.0900001525878906,0.25750001271565753,364200,6686200,True,True,False
364779.5,6686236.5,14.210000038146973,13.0600004196167,1.1499996185302734,0.09583330154418945,364700,6686200,False,False,False
364831.5,6686236.5,23.979999542236328,22.920000076293945,1.0599994659423828,0.0883332888285319,364800,6686200,False,False,False
364339.5,6686235.5,9.850000381469727,15.569999694824219,-5.719999313354492,-0.4766666094462077,364300,6686200,False,False,False
364014.5,6686234.5,31.34000015258789,25.299999237060547,6.040000915527344,0.5033334096272787,364000,6686200,True,False,True
364094.5,6686234.5,32.33000183105469,28.0,4.3300018310546875,0.36083348592122394,364000,6686200,True,False,True
364148.5,6686234.5,30.139999389648438,26.299999237060547,3.8400001525878906,0.32000001271565753,364100,6686200,False,False,False
364200.5,6686234.5,28.110000610351562,26.290000915527344,1.8199996948242188,0.15166664123535156,364200,6686200,True,False,True
364215.5,6686234.5,29.940000534057617,28.0,1.9400005340576172,0.1616667111714681,364200,6686200,True,False,True
364300.5,6686234.5,29.90999984741211,28.260000228881836,1.6499996185302734,0.1374999682108561,364300,6686200,False,False,False
364355.5,6686234.5,25.56999969482422,18.899999618530273,6.670000076293945,0.5558333396911621,364300,6686200,False,False,False
364193.5,6686233.5,27.489999771118164,25.299999237060547,2.190000534057617,0.18250004450480142,364100,6686200,False,False,False
364319.5,6686233.5,31.139999389648438,27.780000686645508,3.3599987030029297,0.2799998919169108,364300,6686200,False,False,False
364415.5,6686233.5,23.790000915527344,17.389999389648438,6.400001525878906,0.5333334604899088,364400,6686200,False,False,False
364284.5,6686232.5,27.600000381469727,25.43000030517578,2.1700000762939453,0.1808333396911621,364200,6686200,True,False,True
364428.5,6686232.5,25.030000686645508,21.6200008392334,3.4099998474121094,0.2841666539510091,364400,6686200,False,False,False
364753.5,6686232.5,18.739999771118164,16.81999969482422,1.9200000762939453,0.16000000635782877,364700,6686200,False,False,False
364125.5,6686231.5,27.739999771118164,25.510000228881836,2.229999542236328,0.1858332951863607,364100,6686200,False,False,False
364226.5,6686231.5,29.260000228881836,25.229999542236328,4.030000686645508,0.3358333905537923,364200,6686200,True,False,True
364407.5,6686231.5,26.389999389648438,16.6200008392334,9.769998550415039,0.8141665458679199,364400,6686200,False,False,False
364113.5,6686230.5,34.09000015258789,29.84000015258789,4.25,0.3541666666666667,364100,6686200,False,False,False
364139.5,6686230.5,24.90999984741211,22.030000686645508,2.8799991607666016,0.23999993006388345,364100,6686200,False,False,False
364463.5,6686230.5,25.280000686645508,24.280000686645508,1.0,0.08333333333333333,364400,6686200,False,False,False
364537.5,6686230.5,5.590000152587891,0.05999999865889549,5.530000153928995,0.4608333461607496,364500,6686200,False,False,False
364175.5,6686229.5,24.389999389648438,21.0,3.3899993896484375,0.2824999491373698,364100,6686200,False,False,False
364497.5,6686229.5,19.479999542236328,14.850000381469727,4.629999160766602,0.3858332633972168,364400,6686200,False,False,False
364791.5,6686229.5,8.529999732971191,3.319999933242798,5.2099997997283936,0.43416664997736615,364700,6686200,False,False,False
364340.5,6686228.5,27.510000228881836,25.360000610351562,2.1499996185302734,0.1791666348775228,364300,6686200,False,False,False
364358.5,6686228.5,25.56999969482422,23.8799991607666,1.6900005340576172,0.14083337783813477,364300,6686200,False,False,False
364488.5,6686228.5,16.459999084472656,14.0,2.4599990844726562,0.2049999237060547,364400,6686200,False,False,False
364033.5,6686227.5,29.149999618530273,26.770000457763672,2.3799991607666016,0.1983332633972168,364000,6686200,True,False,True
364086.5,6686227.5,30.350000381469727,26.56999969482422,3.780000686645508,0.315000057220459,364000,6686200,True,False,True
364390.5,6686227.5,31.690000534057617,28.920000076293945,2.770000457763672,0.230833371480306,364300,6686200,False,False,False
364436.5,6686227.5,26.209999084472656,19.100000381469727,7.10999870300293,0.5924998919169108,364400,6686200,False,False,False
364451.5,6686227.5,27.299999237060547,26.010000228881836,1.289999008178711,0.1074999173482259,364400,6686200,False,False,False
364523.5,6686227.5,5.730000019073486,0.0,5.730000019073486,0.4775000015894572,364500,6686200,False,False,False
364251.5,6686226.5,29.1299991607666,28.040000915527344,1.0899982452392578,0.09083318710327148,364200,6686200,True,False,True
364443.5,6686226.5,25.459999084472656,23.700000762939453,1.7599983215332031,0.1466665267944336,364400,6686200,False,False,False
364012.5,6686225.5,27.049999237060547,23.15999984741211,3.8899993896484375,0.32416661580403644,364000,6686200,True,False,True
364019.5,6686225.5,13.270000457763672,25.760000228881836,-12.489999771118164,-1.040833314259847,364000,6686200,True,False,True
364381.5,6686225.5,28.15999984741211,24.399999618530273,3.760000228881836,0.31333335240681964,364300,6686200,False,False,False
364430.5,6686225.5,25.459999084472656,19.690000534057617,5.769998550415039,0.4808332125345866,364400,6686200,False,False,False
364478.5,6686225.5,25.0,23.079999923706055,1.9200000762939453,0.16000000635782877,364400,6686200,False,False,False
364000.5,6686224.5,28.299999237060547,24.940000534057617,3.3599987030029297,0.2799998919169108,364000,6686200,True,False,True
364064.5,6686224.5,27.950000762939453,24.329999923706055,3.6200008392333984,0.3016667366027832,364000,6686200,True,False,True
364798.5,6686224.5,6.710000038146973,0.07000000029802322,6.640000037848949,0.5533333364874125,364700,6686200,False,False,False
364124.5,6686223.5,23.530000686645508,21.260000228881836,2.270000457763672,0.1891667048136393,364100,6686200,False,False,False
364272.5,6686223.5,32.38999938964844,28.18000030517578,4.209999084472656,0.350833257039388,364200,6686200,True,True,False
364096.5,6686222.5,31.440000534057617,28.030000686645508,3.4099998474121094,0.2841666539510091,364000,6686200,True,False,True
364298.5,6686222.5,32.75,30.690000534057617,2.059999465942383,0.17166662216186523,364200,6686200,True,True,False
364340.5,6686222.5,24.350000381469727,21.84000015258789,2.510000228881836,0.20916668574015299,364300,6686200,False,False,False
364486.5,6686222.5,20.850000381469727,20.260000228881836,0.5900001525878906,0.04916667938232422,364400,6686200,False,False,False
364165.5,6686221.5,27.040000915527344,23.3799991607666,3.660001754760742,0.30500014623006183,364100,6686200,False,False,False
364350.5,6686221.5,26.770000457763672,26.100000381469727,0.6700000762939453,0.05583333969116211,364300,6686200,False,False,False
364822.5,6686221.5,25.670000076293945,21.360000610351562,4.309999465942383,0.35916662216186523,364800,6686200,False,False,False
364316.5,6686220.5,30.850000381469727,26.790000915527344,4.059999465942383,0.3383332888285319,364300,6686200,False,False,False
364404.5,6686219.5,28.3700008392334,26.290000915527344,2.0799999237060547,0.17333332697550455,364400,6686200,False,False,False
364468.5,6686219.5,23.639999389648438,25.40999984741211,-1.7700004577636719,-0.14750003814697266,364400,6686200,False,False,False
364479.5,6686219.5,21.540000915527344,18.1299991607666,3.410001754760742,0.2841668128967285,364400,6686200,False,False,False
364047.5,6686218.5,28.899999618530273,25.940000534057617,2.9599990844726562,0.24666659037272134,364000,6686200,True,False,True
364172.5,6686217.5,27.610000610351562,25.3799991607666,2.230001449584961,0.18583345413208008,364100,6686200,False,False,False
364202.5,6686217.5,26.100000381469727,23.649999618530273,2.450000762939453,0.20416673024495444,364200,6686200,True,False,True
364444.5,6686217.5,24.649999618530273,19.530000686645508,5.119998931884766,0.4266665776570638,364400,6686200,False,False,False
364144.5,6686216.5,32.38999938964844,28.270000457763672,4.119998931884766,0.34333324432373047,364100,6686200,False,False,False
364191.5,6686216.5,27.540000915527344,23.56999969482422,3.970001220703125,0.33083343505859375,364100,6686200,False,False,False
364236.5,6686216.5,33.83000183105469,29.68000030517578,4.150001525878906,0.3458334604899089,364200,6686200,True,True,False
364376.5,6686216.5,25.6200008392334,23.399999618530273,2.220001220703125,0.1850001017252604,364300,6686200,False,False,False
364033.5,6686215.5,29.100000381469727,26.489999771118164,2.6100006103515625,0.21750005086263022,364000,6686200,True,False,True
364107.5,6686214.5,29.889999389648438,27.81999969482422,2.0699996948242188,0.1724999745686849,364100,6686200,False,False,False
364120.5,6686214.5,31.739999771118164,28.979999542236328,2.760000228881836,0.23000001907348633,364100,6686200,False,False,False
364287.5,6686214.5,31.790000915527344,29.649999618530273,2.1400012969970703,0.17833344141642252,364200,6686200,True,True,False
364305.5,6686214.5,31.950000762939453,27.479999542236328,4.470001220703125,0.37250010172526044,364300,6686200,False,False,False
364368.5,6686214.5,28.8700008392334,29.170000076293945,-0.2999992370605469,-0.02499993642171224,364300,6686200,False,False,False
364451.5,6686214.5,23.450000762939453,17.989999771118164,5.460000991821289,0.4550000826517741,364400,6686200,False,False,False
364487.5,6686214.5,28.110000610351562,26.690000534057617,1.4200000762939453,0.11833333969116211,364400,6686200,False,False,False
364015.5,6686213.5,24.5,20.84000015258789,3.6599998474121094,0.30499998728434247,364000,6686200,True,False,True
364252.5,6686213.5,31.440000534057617,28.84000015258789,2.6000003814697266,0.21666669845581055,364200,6686200,True,True,False
364428.5,6686213.5,24.31999969482422,15.600000381469727,8.719999313354492,0.7266666094462076,364400,6686200,False,False,False
364460.5,6686213.5,26.579999923706055,21.920000076293945,4.659999847412109,0.3883333206176758,364400,6686200,False,False,False
364568.5,6686213.5,7.130000114440918,0.07000000029802322,7.060000114142895,0.5883333428452412,364500,6686200,False,False,False
364184.5,6686211.5,26.469999313354492,21.040000915527344,5.429998397827148,0.4524998664855957,364100,6686200,False,False,False
364413.5,6686211.5,25.329999923706055,18.729999542236328,6.600000381469727,0.5500000317891439,364400,6686200,False,False,False
364798.5,6686211.5,22.219999313354492,15.15999984741211,7.059999465942383,0.5883332888285319,364700,6686200,False,False,False
364501.5,6686210.5,30.389999389648438,24.989999771118164,5.399999618530273,0.44999996821085614,364500,6686200,False,False,False
364053.5,6686209.5,26.1200008392334,22.979999542236328,3.1400012969970703,0.26166677474975586,364000,6686200,True,False,True
364060.5,6686209.5,8.050000190734863,5.550000190734863,2.5,0.20833333333333334,364000,6686200,True,False,True
364356.5,6686209.5,32.119998931884766,27.799999237060547,4.319999694824219,0.3599999745686849,364300,6686200,False,False,False
364572.5,6686209.5,7.480000019073486,0.07999999821186066,7.400000020861626,0.6166666684051355,364500,6686200,False,False,False
364604.5,6686209.5,6.199999809265137,0.029999999329447746,6.169999809935689,0.5141666508279741,364600,6686200,False,False,False
364779.5,6686209.5,5.559999942779541,0.3799999952316284,5.179999947547913,0.43166666229565936,364700,6686200,False,False,False
364003.5,6686208.5,19.889999389648438,17.06999969482422,2.8199996948242188,0.2349999745686849,364000,6686200,True,False,True
364045.5,6686208.5,24.510000228881836,23.0,1.510000228881836,0.12583335240681967,364000,6686200,True,False,True
364277.5,6686208.5,20.299999237060547,18.479999542236328,1.8199996948242188,0.15166664123535156,364200,6686200,True,False,True
364569.5,6686208.5,8.149999618530273,0.07999999821186066,8.069999620318413,0.6724999683598677,364500,6686200,False,False,False
364020.5,6686207.5,20.520000457763672,13.970000267028809,6.550000190734863,0.5458333492279053,364000,6686200,True,False,True
364334.5,6686207.5,24.75,20.760000228881836,3.989999771118164,0.33249998092651367,364300,6686200,False,False,False
364467.5,6686207.5,25.75,19.84000015258789,5.909999847412109,0.49249998728434247,364400,6686200,False,False,False
364577.5,6686207.5,5.360000133514404,3.7100000381469727,1.6500000953674316,0.13750000794728598,364500,6686200,False,False,False
364582.5,6686207.5,5.739999771118164,0.07000000029802322,5.669999770820141,0.4724999809016784,364500,6686200,False,False,False
364592.5,6686207.5,5.489999771118164,2.690000057220459,2.799999713897705,0.23333330949147543,364500,6686200,False,False,False
364090.5,6686206.5,31.829999923706055,28.790000915527344,3.039999008178711,0.25333325068155926,364000,6686200,True,False,True
364242.5,6686206.5,25.209999084472656,24.25,0.9599990844726562,0.07999992370605469,364200,6686200,True,False,True
364270.5,6686206.5,29.1200008392334,26.8799991607666,2.240001678466797,0.18666680653889975,364200,6686200,True,False,True
364294.5,6686206.5,28.40999984741211,28.010000228881836,0.39999961853027344,0.03333330154418945,364200,6686200,True,False,True
364305.5,6686206.5,30.670000076293945,26.34000015258789,4.329999923706055,0.3608333269755046,364300,6686200,False,False,False
364370.5,6686206.5,29.649999618530273,22.989999771118164,6.659999847412109,0.5549999872843424,364300,6686200,False,False,False
364384.5,6686206.5,27.010000228881836,25.219999313354492,1.7900009155273438,0.14916674296061197,364300,6686200,False,False,False
364809.5,6686206.5,23.579999923706055,20.719999313354492,2.8600006103515625,0.23833338419596353,364800,6686200,False,False,False
364107.5,6686205.5,27.6299991607666,25.209999084472656,2.4200000762939453,0.20166667302449545,364100,6686200,False,False,False
364136.5,6686205.5,28.8700008392334,25.309999465942383,3.5600013732910156,0.29666678110758465,364100,6686200,False,False,False
364563.5,6686205.5,5.590000152587891,2.950000047683716,2.640000104904175,0.22000000874201456,364500,6686200,False,False,False
364026.5,6686204.5,20.479999542236328,16.950000762939453,3.529998779296875,0.29416656494140625,364000,6686200,True,False,True
364066.5,6686204.5,26.559999465942383,24.950000762939453,1.6099987030029297,0.13416655858357748,364000,6686200,True,False,True
364120.5,6686204.5,28.899999618530273,25.68000030517578,3.219999313354492,0.26833327611287433,364100,6686200,False,False,False
364207.5,6686204.5,28.1299991607666,26.75,1.3799991607666016,0.11499993006388347,364200,6686200,True,False,True
364457.5,6686204.5,19.969999313354492,15.3100004196167,4.659998893737793,0.3883332411448161,364400,6686200,False,False,False
364529.5,6686204.5,5.650000095367432,0.20000000298023224,5.450000092387199,0.45416667436559993,364500,6686200,False,False,False
364144.5,6686203.5,30.389999389648438,26.93000030517578,3.4599990844726562,0.288333257039388,364100,6686200,False,False,False
364328.5,6686203.5,26.270000457763672,24.280000686645508,1.989999771118164,0.16583331425984701,364300,6686200,False,False,False
364827.5,6686203.5,19.510000228881836,14.170000076293945,5.340000152587891,0.44500001271565753,364800,6686200,False,False,False
364079.5,6686202.5,24.389999389648438,23.450000762939453,0.9399986267089844,0.07833321889241536,364000,6686200,True,False,True
364217.5,6686202.5,28.43000030517578,25.34000015258789,3.0900001525878906,0.25750001271565753,364200,6686200,True,False,True
364391.5,6686202.5,29.270000457763672,25.18000030517578,4.090000152587891,0.3408333460489909,364300,6686200,False,False,False
364011.5,6686201.5,17.610000610351562,15.739999771118164,1.8700008392333984,0.15583340326944986,364000,6686200,True,False,True
364056.5,6686201.5,24.649999618530273,22.420000076293945,2.229999542236328,0.1858332951863607,364000,6686200,True,False,True
364161.5,6686201.5,31.700000762939453,28.809999465942383,2.8900012969970703,0.24083344141642252,364100,6686200,False,False,False
364260.5,6686201.5,26.549999237060547,25.059999465942383,1.489999771118164,0.12416664759318034,364200,6686200,True,False,True
364405.5,6686201.5,26.649999618530273,18.700000762939453,7.94999885559082,0.6624999046325684,364400,6686200,False,False,False
364037.5,6686200.5,20.90999984741211,17.06999969482422,3.8400001525878906,0.32000001271565753,364000,6686200,True,False,True
364565.5,6686200.5,7.639999866485596,0.0,7.639999866485596,0.6366666555404663,364500,6686200,False,False,False
364024.5,6686199.5,20.979999542236328,18.969999313354492,2.010000228881836,0.16750001907348633,364000,6686100,False,False,False
364105.5,6686199.5,29.139999389648438,23.729999542236328,5.409999847412109,0.4508333206176758,364100,6686100,True,False,True
364274.5,6686199.5,29.110000610351562,26.719999313354492,2.3900012969970703,0.19916677474975586,364200,6686100,False,False,False
364584.5,6686199.5,7.039999961853027,0.10000000149011612,6.939999960362911,0.5783333300302426,364500,6686100,False,False,False
364600.5,6686199.5,5.090000152587891,3.240000009536743,1.8500001430511475,0.1541666785875956,364600,6686100,False,False,False
364126.5,6686198.5,27.18000030517578,23.290000915527344,3.8899993896484375,0.32416661580403644,364100,6686100,True,False,True
364191.5,6686198.5,27.43000030517578,25.049999237060547,2.3800010681152344,0.1983334223429362,364100,6686100,True,False,True
364480.5,6686198.5,29.020000457763672,24.670000076293945,4.350000381469727,0.36250003178914386,364400,6686100,False,False,False
364500.5,6686198.5,28.540000915527344,26.610000610351562,1.9300003051757812,0.16083335876464844,364500,6686100,False,False,False
364555.5,6686198.5,6.480000019073486,0.0,6.480000019073486,0.5400000015894572,364500,6686100,False,False,False
364069.5,6686197.5,27.6299991607666,24.309999465942383,3.3199996948242188,0.27666664123535156,364000,6686100,False,False,False
364139.5,6686196.5,30.90999984741211,26.420000076293945,4.489999771118164,0.37416664759318036,364100,6686100,True,False,True
364427.5,6686196.5,14.020000457763672,7.079999923706055,6.940000534057617,0.5783333778381348,364400,6686100,False,False,False
364595.5,6686196.5,7.239999771118164,3.880000114440918,3.359999656677246,0.2799999713897705,364500,6686100,False,False,False
364181.5,6686195.5,34.25,31.65999984741211,2.5900001525878906,0.21583334604899088,364100,6686100,True,True,False
364225.5,6686195.5,26.079999923706055,23.700000762939453,2.3799991607666016,0.1983332633972168,364200,6686100,False,False,False
364294.5,6686195.5,29.40999984741211,27.270000457763672,2.1399993896484375,0.17833328247070312,364200,6686100,False,False,False
364307.5,6686195.5,25.860000610351562,25.100000381469727,0.7600002288818359,0.06333335240681966,364300,6686100,True,False,True
364466.5,6686195.5,27.559999465942383,26.8700008392334,0.6899986267089844,0.05749988555908203,364400,6686100,False,False,False
364589.5,6686195.5,6.650000095367432,2.9200000762939453,3.7300000190734863,0.3108333349227905,364500,6686100,False,False,False
364819.5,6686195.5,23.010000228881836,24.3700008392334,-1.3600006103515625,-0.11333338419596355,364800,6686100,False,False,False
364808.5,6686194.5,21.81999969482422,16.84000015258789,4.979999542236328,0.41499996185302734,364800,6686100,False,False,False
364005.5,6686193.5,15.329999923706055,12.680000305175781,2.6499996185302734,0.22083330154418945,364000,6686100,False,False,False
364353.5,6686193.5,26.079999923706055,23.299999237060547,2.780000686645508,0.23166672388712564,364300,6686100,True,False,True
364447.5,6686193.5,21.40999984741211,16.6200008392334,4.789999008178711,0.3991665840148926,364400,6686100,False,False,False
364152.5,6686192.5,33.06999969482422,29.420000076293945,3.6499996185302734,0.30416663487752277,364100,6686100,True,True,False
364127.5,6686191.5,29.329999923706055,26.09000015258789,3.239999771118164,0.26999998092651367,364100,6686100,True,False,True
364511.5,6686191.5,31.309999465942383,29.299999237060547,2.010000228881836,0.16750001907348633,364500,6686100,False,False,False
364828.5,6686191.5,14.890000343322754,12.869999885559082,2.020000457763672,0.168333371480306,364800,6686100,False,False,False
364019.5,6686190.5,19.190000534057617,17.770000457763672,1.4200000762939453,0.11833333969116211,364000,6686100,False,False,False
364047.5,6686190.5,19.8700008392334,18.6299991607666,1.2400016784667969,0.1033334732055664,364000,6686100,False,False,False
364255.5,6686190.5,26.0,20.010000228881836,5.989999771118164,0.49916664759318036,364200,6686100,False,False,False
364331.5,6686190.5,28.43000030517578,27.399999618530273,1.0300006866455078,0.08583339055379231,364300,6686100,True,False,True
364031.5,6686189.5,17.770000457763672,17.170000076293945,0.6000003814697266,0.05000003178914388,364000,6686100,False,False,False
364085.5,6686189.5,27.610000610351562,25.030000686645508,2.5799999237060547,0.21499999364217123,364000,6686100,False,False,False
364105.5,6686189.5,27.670000076293945,25.06999969482422,2.6000003814697266,0.21666669845581055,364100,6686100,True,False,True
364420.5,6686189.5,9.520000457763672,6.070000171661377,3.450000286102295,0.2875000238418579,364400,6686100,False,False,False
364433.5,6686189.5,12.260000228881836,6.559999942779541,5.700000286102295,0.4750000238418579,364400,6686100,False,False,False
364468.5,6686189.5,26.459999084472656,23.209999084472656,3.25,0.2708333333333333,364400,6686100,False,False,False
364011.5,6686188.5,11.390000343322754,4.769999980926514,6.62000036239624,0.5516666968663534,364000,6686100,False,False,False
364024.5,6686188.5,18.350000381469727,16.049999237060547,2.3000011444091797,0.1916667620340983,364000,6686100,False,False,False
364096.5,6686188.5,29.280000686645508,26.25,3.030000686645508,0.252500057220459,364000,6686100,False,False,False
364160.5,6686188.5,33.29999923706055,29.860000610351562,3.4399986267089844,0.2866665522257487,364100,6686100,True,True,False
364240.5,6686188.5,27.90999984741211,23.260000228881836,4.649999618530273,0.38749996821085614,364200,6686100,False,False,False
364281.5,6686188.5,22.190000534057617,19.149999618530273,3.0400009155273438,0.2533334096272786,364200,6686100,False,False,False
364541.5,6686188.5,8.130000114440918,4.78000020980835,3.3499999046325684,0.2791666587193807,364500,6686100,False,False,False
364059.5,6686187.5,21.0,18.829999923706055,2.1700000762939453,0.1808333396911621,364000,6686100,False,False,False
364111.5,6686187.5,27.860000610351562,24.34000015258789,3.520000457763672,0.29333337148030597,364100,6686100,True,False,True
364120.5,6686187.5,26.6299991607666,25.290000915527344,1.3399982452392578,0.11166652043660481,364100,6686100,True,False,True
364348.5,6686187.5,26.239999771118164,24.34000015258789,1.8999996185302734,0.15833330154418945,364300,6686100,True,False,True
364374.5,6686187.5,30.09000015258789,26.56999969482422,3.520000457763672,0.29333337148030597,364300,6686100,True,False,True
364396.5,6686187.5,23.799999237060547,19.149999618530273,4.649999618530273,0.38749996821085614,364300,6686100,True,False,True
364454.5,6686187.5,20.059999465942383,14.819999694824219,5.239999771118164,0.43666664759318036,364400,6686100,False,False,False
364588.5,6686187.5,7.820000171661377,4.630000114440918,3.190000057220459,0.2658333381017049,364500,6686100,False,False,False
364176.5,6686186.5,34.029998779296875,31.520000457763672,2.509998321533203,0.2091665267944336,364100,6686100,True,True,False
364356.5,6686186.5,27.479999542236328,25.84000015258789,1.6399993896484375,0.13666661580403647,364300,6686100,True,False,True
364306.5,6686185.5,25.110000610351562,23.579999923706055,1.5300006866455078,0.12750005722045898,364300,6686100,True,False,True
364555.5,6686185.5,6.889999866485596,3.6700000762939453,3.2199997901916504,0.2683333158493042,364500,6686100,False,False,False
364567.5,6686185.5,7.139999866485596,3.380000114440918,3.7599997520446777,0.31333331267038983,364500,6686100,False,False,False
364313.5,6686184.5,21.459999084472656,20.43000030517578,1.029998779296875,0.08583323160807292,364300,6686100,True,False,True
364494.5,6686184.5,32.33000183105469,26.459999084472656,5.870002746582031,0.4891668955485026,364400,6686100,False,False,False
364558.5,6686184.5,7.019999980926514,3.2100000381469727,3.809999942779541,0.3174999952316284,364500,6686100,False,False,False
364816.5,6686184.5,20.09000015258789,1.5299999713897705,18.56000018119812,1.54666668176651,364800,6686100,False,False,False
364032.5,6686183.5,19.09000015258789,17.079999923706055,2.010000228881836,0.16750001907348633,364000,6686100,False,False,False
364145.5,6686183.5,32.310001373291016,28.59000015258789,3.720001220703125,0.31000010172526044,364100,6686100,True,True,False
364811.5,6686183.5,19.739999771118164,8.970000267028809,10.769999504089355,0.8974999586741129,364800,6686100,False,False,False
364822.5,6686183.5,20.309999465942383,20.360000610351562,-0.05000114440917969,-0.004166762034098308,364800,6686100,False,False,False
364206.5,6686182.5,29.520000457763672,27.43000030517578,2.0900001525878906,0.17416667938232422,364200,6686100,False,False,False
364457.5,6686182.5,20.239999771118164,15.020000457763672,5.219999313354492,0.434999942779541,364400,6686100,False,False,False
364521.5,6686182.5,28.020000457763672,25.899999618530273,2.1200008392333984,0.1766667366027832,364500,6686100,False,False,False
364596.5,6686182.5,6.699999809265137,3.4800000190734863,3.2199997901916504,0.2683333158493042,364500,6686100,False,False,False
364000.5,6686181.5,10.1899995803833,8.529999732971191,1.6599998474121094,0.13833332061767578,364000,6686100,False,False,False
364007.5,6686181.5,15.130000114440918,13.039999961853027,2.0900001525878906,0.17416667938232422,364000,6686100,False,False,False
364090.5,6686181.5,25.0,22.389999389648438,2.6100006103515625,0.21750005086263022,364000,6686100,False,False,False
364151.5,6686181.5,32.77000045776367,29.049999237060547,3.720001220703125,0.31000010172526044,364100,6686100,True,True,False
364324.5,6686181.5,27.450000762939453,25.510000228881836,1.9400005340576172,0.1616667111714681,364300,6686100,True,False,True
364347.5,6686181.5,24.75,23.670000076293945,1.0799999237060547,0.08999999364217122,364300,6686100,True,False,True
364408.5,6686181.5,23.350000381469727,18.56999969482422,4.780000686645508,0.3983333905537923,364400,6686100,False,False,False
364834.5,6686181.5,13.8100004196167,13.109999656677246,0.7000007629394531,0.058333396911621094,364800,6686100,False,False,False
364021.5,6686180.5,16.15999984741211,11.4399995803833,4.720000267028809,0.39333335558573407,364000,6686100,False,False,False
364037.5,6686180.5,18.579999923706055,16.040000915527344,2.539999008178711,0.21166658401489258,364000,6686100,False,False,False
364397.5,6686180.5,19.959999084472656,15.789999961853027,4.169999122619629,0.34749992688496906,364300,6686100,True,False,True
364068.5,6686179.5,18.989999771118164,18.59000015258789,0.39999961853027344,0.03333330154418945,364000,6686100,False,False,False
364138.5,6686179.5,30.479999542236328,27.190000534057617,3.289999008178711,0.2741665840148926,364100,6686100,True,False,True
364231.5,6686179.5,32.54999923706055,30.170000076293945,2.3799991607666016,0.1983332633972168,364200,6686100,False,False,False
364279.5,6686179.5,32.02000045776367,28.18000030517578,3.8400001525878906,0.32000001271565753,364200,6686100,False,False,False
364433.5,6686179.5,9.260000228881836,8.819999694824219,0.4400005340576172,0.0366667111714681,364400,6686100,False,False,False
364120.5,6686178.5,23.739999771118164,20.719999313354492,3.020000457763672,0.25166670481363934,364100,6686100,True,False,True
364256.5,6686178.5,33.72999954223633,31.829999923706055,1.8999996185302734,0.15833330154418945,364200,6686100,False,False,False
364359.5,6686178.5,28.75,26.739999771118164,2.010000228881836,0.16750001907348633,364300,6686100,True,False,True
364391.5,6686178.5,24.100000381469727,18.34000015258789,5.760000228881836,0.48000001907348633,364300,6686100,True,False,True
364479.5,6686178.5,21.739999771118164,15.319999694824219,6.420000076293945,0.5350000063578287,364400,6686100,False,False,False
364172.5,6686177.5,28.889999389648438,27.469999313354492,1.4200000762939453,0.11833333969116211,364100,6686100,True,False,True
364266.5,6686177.5,31.93000030517578,28.459999084472656,3.470001220703125,0.28916676839192706,364200,6686100,False,False,False
364817.5,6686177.5,20.280000686645508,16.579999923706055,3.700000762939453,0.3083333969116211,364800,6686100,False,False,False
364010.5,6686176.5,14.470000267028809,12.5,1.9700002670288086,0.16416668891906738,364000,6686100,False,False,False
364113.5,6686176.5,23.360000610351562,20.68000030517578,2.6800003051757812,0.22333335876464844,364100,6686100,True,False,True
364126.5,6686176.5,21.709999084472656,18.81999969482422,2.8899993896484375,0.24083328247070312,364100,6686100,True,False,True
364421.5,6686176.5,13.90999984741211,10.5,3.4099998474121094,0.2841666539510091,364400,6686100,False,False,False
364513.5,6686176.5,34.43000030517578,33.0,1.4300003051757812,0.11916669209798177,364500,6686100,False,False,False
364549.5,6686176.5,15.170000076293945,10.470000267028809,4.699999809265137,0.3916666507720947,364500,6686100,False,False,False
364060.5,6686175.5,18.59000015258789,16.5,2.0900001525878906,0.17416667938232422,364000,6686100,False,False,False
364166.5,6686175.5,28.799999237060547,25.969999313354492,2.8299999237060547,0.23583332697550455,364100,6686100,True,False,True
364591.5,6686175.5,7.570000171661377,3.299999952316284,4.270000219345093,0.35583335161209106,364500,6686100,False,False,False
364314.5,6686174.5,25.299999237060547,16.81999969482422,8.479999542236328,0.706666628519694,364300,6686100,True,False,True
364458.5,6686174.5,20.809999465942383,14.880000114440918,5.929999351501465,0.49416661262512207,364400,6686100,False,False,False
364600.5,6686174.5,8.6899995803833,3.380000114440918,5.309999465942383,0.44249995549519855,364600,6686100,False,False,False
364030.5,6686173.5,14.90999984741211,13.40999984741211,1.5,0.125,364000,6686100,False,False,False
364222.5,6686173.5,30.229999542236328,27.34000015258789,2.8899993896484375,0.24083328247070312,364200,6686100,False,False,False
364407.5,6686173.5,20.93000030517578,14.670000076293945,6.260000228881836,0.521666685740153,364400,6686100,False,False,False
364774.5,6686173.5,7.739999771118164,5.380000114440918,2.359999656677246,0.19666663805643717,364700,6686100,False,False,False
364049.5,6686172.5,18.110000610351562,16.799999237060547,1.3100013732910156,0.10916678110758464,364000,6686100,False,False,False
364248.5,6686172.5,16.049999237060547,10.770000457763672,5.279998779296875,0.43999989827473956,364200,6686100,False,False,False
364290.5,6686172.5,30.899999618530273,25.829999923706055,5.069999694824219,0.4224999745686849,364200,6686100,False,False,False
364322.5,6686172.5,24.610000610351562,20.6200008392334,3.989999771118164,0.33249998092651367,364300,6686100,True,False,True
364396.5,6686172.5,19.34000015258789,12.8100004196167,6.529999732971191,0.544166644414266,364300,6686100,True,False,True
364826.5,6686172.5,18.579999923706055,20.079999923706055,-1.5,-0.125,364800,6686100,False,False,False
364835.5,6686172.5,9.25,4.010000228881836,5.239999771118164,0.43666664759318036,364800,6686100,False,False,False
364001.5,6686171.5,13.050000190734863,11.170000076293945,1.880000114440918,0.15666667620340982,364000,6686100,False,False,False
364016.5,6686171.5,15.770000457763672,12.960000038146973,2.810000419616699,0.23416670163472494,364000,6686100,False,False,False
364123.5,6686171.5,22.700000762939453,20.020000457763672,2.6800003051757812,0.22333335876464844,364100,6686100,True,False,True
364430.5,6686171.5,20.8700008392334,15.899999618530273,4.970001220703125,0.41416676839192706,364400,6686100,False,False,False
364526.5,6686171.5,32.40999984741211,30.239999771118164,2.1700000762939453,0.1808333396911621,364500,6686100,False,False,False
364585.5,6686171.5,6.179999828338623,0.05000000074505806,6.129999827593565,0.5108333189661304,364500,6686100,False,False,False
364087.5,6686170.5,24.260000228881836,21.510000228881836,2.75,0.22916666666666666,364000,6686100,False,False,False
364389.5,6686170.5,18.420000076293945,22.219999313354492,-3.799999237060547,-0.3166666030883789,364300,6686100,True,False,True
364467.5,6686170.5,20.260000228881836,11.289999961853027,8.970000267028809,0.7475000222524008,364400,6686100,False,False,False
364106.5,6686169.5,18.84000015258789,17.280000686645508,1.5599994659423828,0.12999995549519858,364100,6686100,True,False,True
364141.5,6686169.5,30.809999465942383,28.610000610351562,2.1999988555908203,0.1833332379659017,364100,6686100,True,False,True
364277.5,6686169.5,35.869998931884766,31.209999084472656,4.659999847412109,0.3883333206176758,364200,6686100,False,False,False
364613.5,6686169.5,7.21999979019165,4.260000228881836,2.9599995613098145,0.2466666301091512,364600,6686100,False,False,False
364070.5,6686168.5,21.420000076293945,19.729999542236328,1.6900005340576172,0.14083337783813477,364000,6686100,False,False,False
364338.5,6686168.5,29.600000381469727,24.149999618530273,5.450000762939453,0.4541667302449544,364300,6686100,True,False,True
364349.5,6686168.5,31.079999923706055,29.170000076293945,1.9099998474121094,0.15916665395100912,364300,6686100,True,False,True
364537.5,6686168.5,29.559999465942383,25.3799991607666,4.180000305175781,0.34833335876464844,364500,6686100,False,False,False
364005.5,6686167.5,13.859999656677246,9.739999771118164,4.119999885559082,0.34333332379659015,364000,6686100,False,False,False
364029.5,6686167.5,15.4399995803833,13.760000228881836,1.6799993515014648,0.1399999459584554,364000,6686100,False,False,False
364438.5,6686167.5,20.139999389648438,16.649999618530273,3.489999771118164,0.290833314259847,364400,6686100,False,False,False
364484.5,6686167.5,22.1299991607666,16.149999618530273,5.979999542236328,0.49833329518636066,364400,6686100,False,False,False
364042.5,6686166.5,14.079999923706055,12.050000190734863,2.0299997329711914,0.16916664441426596,364000,6686100,False,False,False
364227.5,6686166.5,30.139999389648438,27.639999389648438,2.5,0.20833333333333334,364200,6686100,False,False,False
364324.5,6686166.5,24.639999389648438,23.030000686645508,1.6099987030029297,0.13416655858357748,364300,6686100,True,False,True
364499.5,6686166.5,25.15999984741211,19.68000030517578,5.479999542236328,0.45666662851969403,364400,6686100,False,False,False
364093.5,6686165.5,22.729999542236328,19.989999771118164,2.739999771118164,0.22833331425984701,364000,6686100,False,False,False
364182.5,6686165.5,6.039999961853027,28.540000915527344,-22.500000953674316,-1.8750000794728596,364100,6686100,True,False,True
364189.5,6686165.5,33.900001525878906,32.060001373291016,1.8400001525878906,0.15333334604899088,364100,6686100,True,True,False
364204.5,6686165.5,30.360000610351562,28.190000534057617,2.1700000762939453,0.1808333396911621,364200,6686100,False,False,False
364517.5,6686164.5,29.549999237060547,27.479999542236328,2.0699996948242188,0.1724999745686849,364500,6686100,False,False,False
364831.5,6686164.5,15.90999984741211,14.229999542236328,1.6800003051757812,0.1400000254313151,364800,6686100,False,False,False
364158.5,6686163.5,31.5,30.059999465942383,1.4400005340576172,0.12000004450480144,364100,6686100,True,False,True
364051.5,6686162.5,14.479999542236328,12.390000343322754,2.089999198913574,0.1741665999094645,364000,6686100,False,False,False
364255.5,6686162.5,30.6299991607666,28.59000015258789,2.039999008178711,0.16999991734822592,364200,6686100,False,False,False
364366.5,6686162.5,29.420000076293945,27.8799991607666,1.5400009155273438,0.12833340962727866,364300,6686100,True,False,True
364375.5,6686162.5,24.329999923706055,27.770000457763672,-3.440000534057617,-0.2866667111714681,364300,6686100,True,False,True
364386.5,6686162.5,27.670000076293945,24.530000686645508,3.1399993896484375,0.26166661580403644,364300,6686100,True,False,True
364446.5,6686162.5,20.959999084472656,15.890000343322754,5.069998741149902,0.4224998950958252,364400,6686100,False,False,False
364568.5,6686162.5,24.459999084472656,18.760000228881836,5.69999885559082,0.47499990463256836,364500,6686100,False,False,False
364578.5,6686162.5,22.6299991607666,17.610000610351562,5.019998550415039,0.4183332125345866,364500,6686100,False,False,False
364605.5,6686162.5,12.960000038146973,3.259999990463257,9.700000047683716,0.8083333373069763,364600,6686100,False,False,False
364619.5,6686162.5,9.619999885559082,3.6600000858306885,5.9599997997283936,0.49666664997736615,364600,6686100,False,False,False
364006.5,6686161.5,9.34000015258789,7.659999847412109,1.6800003051757812,0.1400000254313151,364000,6686100,False,False,False
364407.5,6686161.5,19.280000686645508,14.729999542236328,4.55000114440918,0.3791667620340983,364400,6686100,False,False,False
364462.5,6686161.5,20.65999984741211,16.290000915527344,4.369998931884766,0.3641665776570638,364400,6686100,False,False,False
364033.5,6686160.5,13.5,9.8100004196167,3.689999580383301,0.3074999650319417,364000,6686100,False,False,False
364083.5,6686160.5,21.729999542236328,20.600000381469727,1.1299991607666016,0.09416659673055013,364000,6686100,False,False,False
364484.5,6686160.5,22.309999465942383,14.489999771118164,7.819999694824219,0.6516666412353516,364400,6686100,False,False,False
364811.5,6686160.5,13.399999618530273,10.8100004196167,2.589999198913574,0.2158332665761312,364800,6686100,False,False,False
364020.5,6686159.5,12.5,10.3100004196167,2.189999580383301,0.18249996503194174,364000,6686100,False,False,False
364027.5,6686159.5,11.390000343322754,9.210000038146973,2.1800003051757812,0.18166669209798178,364000,6686100,False,False,False
364073.5,6686159.5,18.309999465942383,16.1200008392334,2.1899986267089844,0.18249988555908203,364000,6686100,False,False,False
364116.5,6686159.5,15.680000305175781,11.520000457763672,4.159999847412109,0.3466666539510091,364100,6686100,True,False,True
364238.5,6686159.5,30.0,28.100000381469727,1.8999996185302734,0.15833330154418945,364200,6686100,False,False,False
364493.5,6686159.5,20.530000686645508,11.039999961853027,9.49000072479248,0.7908333937327067,364400,6686100,False,False,False
364773.5,6686159.5,10.34000015258789,6.760000228881836,3.5799999237060547,0.2983333269755046,364700,6686100,False,False,False
364000.5,6686158.5,10.1899995803833,9.520000457763672,0.6699991226196289,0.05583326021830241,364000,6686100,False,False,False
364060.5,6686158.5,8.720000267028809,4.75,3.9700002670288086,0.33083335558573407,364000,6686100,False,False,False
364103.5,6686158.5,20.520000457763672,18.739999771118164,1.7800006866455078,0.14833339055379233,364100,6686100,True,False,True
364169.5,6686158.5,25.709999084472656,26.200000762939453,-0.4900016784667969,-0.040833473205566406,364100,6686100,True,False,True
364289.5,6686158.5,36.150001525878906,33.61000061035156,2.5400009155273438,0.21166674296061197,364200,6686100,False,False,False
364320.5,6686158.5,14.859999656677246,8.220000267028809,6.6399993896484375,0.5533332824707031,364300,6686100,True,False,True
364430.5,6686158.5,20.34000015258789,15.680000305175781,4.659999847412109,0.3883333206176758,364400,6686100,False,False,False
364108.5,6686157.5,19.469999313354492,17.549999237060547,1.9200000762939453,0.16000000635782877,364100,6686100,True,False,True
364183.5,6686157.5,10.640000343322754,19.920000076293945,-9.279999732971191,-0.7733333110809326,364100,6686100,True,False,True
364354.5,6686157.5,14.300000190734863,12.800000190734863,1.5,0.125,364300,6686100,True,False,True
364413.5,6686157.5,19.729999542236328,15.920000076293945,3.809999465942383,0.31749995549519855,364400,6686100,False,False,False
364436.5,6686157.5,17.860000610351562,13.109999656677246,4.750000953674316,0.39583341280619305,364400,6686100,False,False,False
364224.5,6686156.5,28.440000534057617,27.079999923706055,1.3600006103515625,0.11333338419596355,364200,6686100,False,False,False
364479.5,6686156.5,21.450000762939453,9.5600004196167,11.890000343322754,0.9908333619435629,364400,6686100,False,False,False
364514.5,6686156.5,23.219999313354492,15.1899995803833,8.029999732971191,0.669166644414266,364500,6686100,False,False,False
364804.5,6686156.5,17.760000228881836,16.489999771118164,1.2700004577636719,0.10583337148030598,364800,6686100,False,False,False
364013.5,6686155.5,12.039999961853027,10.029999732971191,2.010000228881836,0.16750001907348633,364000,6686100,False,False,False
364065.5,6686155.5,11.140000343322754,9.140000343322754,2.0,0.16666666666666666,364000,6686100,False,False,False
364139.5,6686155.5,27.1299991607666,24.229999542236328,2.8999996185302734,0.2416666348775228,364100,6686100,True,False,True
364574.5,6686155.5,25.940000534057617,23.809999465942383,2.1300010681152344,0.17750008900960287,364500,6686100,False,False,False
364046.5,6686154.5,10.479999542236328,6.809999942779541,3.669999599456787,0.30583329995473224,364000,6686100,False,False,False
364269.5,6686154.5,30.610000610351562,28.209999084472656,2.4000015258789062,0.20000012715657553,364200,6686100,False,False,False
364387.5,6686154.5,32.29999923706055,31.06999969482422,1.2299995422363281,0.10249996185302734,364300,6686100,True,True,False
364028.5,6686153.5,13.319999694824219,11.199999809265137,2.119999885559082,0.1766666571299235,364000,6686100,False,False,False
364258.5,6686153.5,29.31999969482422,27.579999923706055,1.739999771118164,0.14499998092651367,364200,6686100,False,False,False
364612.5,6686153.5,10.9399995803833,4.190000057220459,6.749999523162842,0.5624999602635702,364600,6686100,False,False,False
364002.5,6686152.5,10.039999961853027,5.760000228881836,4.279999732971191,0.35666664441426593,364000,6686100,False,False,False
364061.5,6686152.5,11.1899995803833,7.699999809265137,3.489999771118164,0.290833314259847,364000,6686100,False,False,False
364083.5,6686152.5,18.020000457763672,17.270000457763672,0.75,0.0625,364000,6686100,False,False,False
364090.5,6686152.5,19.0,17.549999237060547,1.4500007629394531,0.1208333969116211,364000,6686100,False,False,False
364193.5,6686152.5,30.6299991607666,28.219999313354492,2.4099998474121094,0.20083332061767578,364100,6686100,True,False,True
364036.5,6686151.5,11.329999923706055,9.289999961853027,2.0399999618530273,0.1699999968210856,364000,6686100,False,False,False
364053.5,6686151.5,7.309999942779541,4.480000019073486,2.8299999237060547,0.23583332697550455,364000,6686100,False,False,False
364127.5,6686151.5,24.809999465942383,22.969999313354492,1.8400001525878906,0.15333334604899088,364100,6686100,True,False,True
364453.5,6686151.5,17.780000686645508,11.550000190734863,6.2300004959106445,0.5191667079925537,364400,6686100,False,False,False
364468.5,6686151.5,21.520000457763672,15.539999961853027,5.9800004959106445,0.4983333746592204,364400,6686100,False,False,False
364500.5,6686151.5,22.40999984741211,11.149999618530273,11.260000228881836,0.9383333524068197,364500,6686100,False,False,False
364560.5,6686151.5,24.18000030517578,20.18000030517578,4.0,0.3333333333333333,364500,6686100,False,False,False
364592.5,6686151.5,18.729999542236328,15.760000228881836,2.969999313354492,0.24749994277954102,364500,6686100,False,False,False
364480.5,6686150.5,21.68000030517578,11.989999771118164,9.690000534057617,0.8075000445048014,364400,6686100,False,False,False
364534.5,6686150.5,27.290000915527344,21.049999237060547,6.240001678466797,0.520000139872233,364500,6686100,False,False,False
364549.5,6686150.5,27.8700008392334,24.110000610351562,3.760000228881836,0.31333335240681964,364500,6686100,False,False,False
364076.5,6686149.5,19.06999969482422,17.299999237060547,1.7700004577636719,0.14750003814697266,364000,6686100,False,False,False
364108.5,6686149.5,20.0,17.5,2.5,0.20833333333333334,364100,6686100,True,False,True
364170.5,6686149.5,9.930000305175781,13.300000190734863,-3.369999885559082,-0.28083332379659015,364100,6686100,True,False,True
364250.5,6686149.5,26.959999084472656,24.149999618530273,2.809999465942383,0.23416662216186523,364200,6686100,False,False,False
364522.5,6686149.5,21.5,16.790000915527344,4.709999084472656,0.3924999237060547,364500,6686100,False,False,False
364315.5,6686148.5,31.600000381469727,30.540000915527344,1.0599994659423828,0.0883332888285319,364300,6686100,True,True,False
364340.5,6686148.5,35.150001525878906,34.279998779296875,0.8700027465820312,0.07250022888183594,364300,6686100,True,True,False
364509.5,6686148.5,22.639999389648438,17.200000762939453,5.439998626708984,0.45333321889241535,364500,6686100,False,False,False
364797.5,6686148.5,17.139999389648438,15.510000228881836,1.6299991607666016,0.1358332633972168,364700,6686100,False,False,False
364056.5,6686147.5,8.0,5.889999866485596,2.1100001335144043,0.1758333444595337,364000,6686100,False,False,False
364069.5,6686147.5,14.630000114440918,11.020000457763672,3.609999656677246,0.3008333047231038,364000,6686100,False,False,False
364097.5,6686147.5,18.93000030517578,15.630000114440918,3.3000001907348633,0.27500001589457196,364000,6686100,False,False,False
364227.5,6686147.5,28.290000915527344,26.389999389648438,1.9000015258789062,0.15833346048990884,364200,6686100,False,False,False
364364.5,6686147.5,28.889999389648438,27.09000015258789,1.7999992370605469,0.14999993642171225,364300,6686100,True,False,True
364459.5,6686147.5,19.049999237060547,14.359999656677246,4.689999580383301,0.3908332983652751,364400,6686100,False,False,False
364490.5,6686147.5,20.899999618530273,15.739999771118164,5.159999847412109,0.42999998728434247,364400,6686100,False,False,False
364012.5,6686146.5,12.140000343322754,8.180000305175781,3.9600000381469727,0.33000000317891437,364000,6686100,False,False,False
364023.5,6686146.5,12.359999656677246,11.609999656677246,0.75,0.0625,364000,6686100,False,False,False
364042.5,6686146.5,9.649999618530273,7.610000133514404,2.039999485015869,0.16999995708465576,364000,6686100,False,False,False
364061.5,6686146.5,11.779999732971191,7.78000020980835,3.999999523162842,0.3333332935969035,364000,6686100,False,False,False
364212.5,6686146.5,29.100000381469727,28.780000686645508,0.31999969482421875,0.026666641235351562,364200,6686100,False,False,False
364303.5,6686146.5,27.459999084472656,27.06999969482422,0.3899993896484375,0.03249994913736979,364300,6686100,True,False,True
364417.5,6686146.5,27.149999618530273,24.5,2.6499996185302734,0.22083330154418945,364400,6686100,False,False,False
364425.5,6686146.5,28.8799991607666,25.299999237060547,3.5799999237060547,0.2983333269755046,364400,6686100,False,False,False
364438.5,6686146.5,21.780000686645508,14.229999542236328,7.55000114440918,0.6291667620340983,364400,6686100,False,False,False
364141.5,6686145.5,27.780000686645508,25.549999237060547,2.230001449584961,0.18583345413208008,364100,6686100,True,False,True
364276.5,6686145.5,27.799999237060547,26.6299991607666,1.1700000762939453,0.09750000635782878,364200,6686100,False,False,False
364465.5,6686145.5,19.899999618530273,12.369999885559082,7.529999732971191,0.6274999777475992,364400,6686100,False,False,False
364371.5,6686144.5,25.75,24.200000762939453,1.5499992370605469,0.1291666030883789,364300,6686100,True,False,True
364401.5,6686144.5,33.0099983215332,29.360000610351562,3.6499977111816406,0.3041664759318034,364400,6686100,False,False,False
364484.5,6686144.5,21.1299991607666,15.100000381469727,6.029998779296875,0.5024998982747396,364400,6686100,False,False,False
364778.5,6686144.5,17.59000015258789,13.609999656677246,3.9800004959106445,0.3316667079925537,364700,6686100,False,False,False
364450.5,6686143.5,17.700000762939453,13.029999732971191,4.670001029968262,0.38916675249735516,364400,6686100,False,False,False
364541.5,6686143.5,26.239999771118164,17.709999084472656,8.530000686645508,0.7108333905537924,364500,6686100,False,False,False
364000.5,6686142.5,11.90999984741211,11.180000305175781,0.7299995422363281,0.06083329518636068,364000,6686100,False,False,False
364121.5,6686142.5,20.790000915527344,17.18000030517578,3.6100006103515625,0.30083338419596356,364100,6686100,True,False,True
364156.5,6686142.5,21.09000015258789,21.110000610351562,-0.020000457763671875,-0.001666704813639323,364100,6686100,True,False,True
364188.5,6686142.5,31.450000762939453,29.700000762939453,1.75,0.14583333333333334,364100,6686100,True,False,True
364395.5,6686142.5,32.970001220703125,29.860000610351562,3.1100006103515625,0.2591667175292969,364300,6686100,True,True,False
364497.5,6686142.5,21.93000030517578,16.360000610351562,5.569999694824219,0.46416664123535156,364400,6686100,False,False,False
364532.5,6686142.5,26.829999923706055,21.829999923706055,5.0,0.4166666666666667,364500,6686100,False,False,False
364549.5,6686142.5,27.09000015258789,19.559999465942383,7.530000686645508,0.627500057220459,364500,6686100,False,False,False
364562.5,6686142.5,23.219999313354492,20.170000076293945,3.049999237060547,0.2541666030883789,364500,6686100,False,False,False
364012.5,6686141.5,13.520000457763672,11.279999732971191,2.2400007247924805,0.18666672706604004,364000,6686100,False,False,False
364288.5,6686141.5,29.739999771118164,27.200000762939453,2.539999008178711,0.21166658401489258,364200,6686100,False,False,False
364380.5,6686141.5,33.959999084472656,32.02000045776367,1.9399986267089844,0.1616665522257487,364300,6686100,True,True,False
364505.5,6686141.5,23.8700008392334,16.84000015258789,7.030000686645508,0.5858333905537924,364500,6686100,False,False,False
364040.5,6686140.5,8.819999694824219,4.409999847412109,4.409999847412109,0.36749998728434247,364000,6686100,False,False,False
364051.5,6686140.5,11.300000190734863,10.300000190734863,1.0,0.08333333333333333,364000,6686100,False,False,False
364161.5,6686140.5,20.920000076293945,19.440000534057617,1.4799995422363281,0.12333329518636067,364100,6686100,True,False,True
364353.5,6686140.5,10.279999732971191,5.400000095367432,4.87999963760376,0.40666663646698,364300,6686100,True,False,True
364457.5,6686140.5,17.959999084472656,8.84000015258789,9.119998931884766,0.7599999109903971,364400,6686100,False,False,False
364591.5,6686140.5,9.710000038146973,1.559999942779541,8.150000095367432,0.6791666746139526,364500,6686100,False,False,False
364017.5,6686139.5,11.760000228881836,10.890000343322754,0.869999885559082,0.07249999046325684,364000,6686100,False,False,False
364089.5,6686139.5,15.470000267028809,14.140000343322754,1.3299999237060547,0.11083332697550456,364000,6686100,False,False,False
364207.5,6686139.5,29.530000686645508,25.469999313354492,4.060001373291016,0.3383334477742513,364200,6686100,False,False,False
364219.5,6686139.5,25.450000762939453,24.34000015258789,1.1100006103515625,0.0925000508626302,364200,6686100,False,False,False
364469.5,6686139.5,19.8700008392334,8.979999542236328,10.89000129699707,0.9075001080830892,364400,6686100,False,False,False
364521.5,6686139.5,24.329999923706055,19.729999542236328,4.600000381469727,0.38333336512247723,364500,6686100,False,False,False
364567.5,6686139.5,23.209999084472656,19.920000076293945,3.289999008178711,0.2741665840148926,364500,6686100,False,False,False
364044.5,6686138.5,11.180000305175781,7.25,3.9300003051757812,0.3275000254313151,364000,6686100,False,False,False
364057.5,6686138.5,13.829999923706055,10.649999618530273,3.1800003051757812,0.2650000254313151,364000,6686100,False,False,False
364063.5,6686138.5,13.680000305175781,13.0600004196167,0.619999885559082,0.0516666571299235,364000,6686100,False,False,False
364138.5,6686138.5,27.90999984741211,25.489999771118164,2.4200000762939453,0.20166667302449545,364100,6686100,True,False,True
364474.5,6686138.5,20.15999984741211,14.0,6.159999847412109,0.5133333206176758,364400,6686100,False,False,False
364555.5,6686138.5,26.06999969482422,20.469999313354492,5.600000381469727,0.46666669845581055,364500,6686100,False,False,False
364000.5,6686137.5,10.180000305175781,9.470000267028809,0.7100000381469727,0.059166669845581055,364000,6686100,False,False,False
364483.5,6686137.5,21.850000381469727,16.139999389648438,5.710000991821289,0.4758334159851074,364400,6686100,False,False,False
364110.5,6686136.5,16.149999618530273,12.449999809265137,3.6999998092651367,0.3083333174387614,364100,6686100,True,False,True
364172.5,6686136.5,32.119998931884766,29.920000076293945,2.1999988555908203,0.1833332379659017,364100,6686100,True,False,True
364320.5,6686136.5,12.470000267028809,7.730000019073486,4.740000247955322,0.39500002066294354,364300,6686100,True,False,True
364493.5,6686136.5,21.100000381469727,14.180000305175781,6.920000076293945,0.5766666730244955,364400,6686100,False,False,False
364231.5,6686135.5,28.139999389648438,26.59000015258789,1.5499992370605469,0.1291666030883789,364200,6686100,False,False,False
364356.5,6686135.5,9.40999984741211,3.5,5.909999847412109,0.49249998728434247,364300,6686100,True,False,True
364032.5,6686134.5,10.739999771118164,5.909999847412109,4.829999923706055,0.4024999936421712,364000,6686100,False,False,False
364103.5,6686134.5,19.09000015258789,17.100000381469727,1.989999771118164,0.16583331425984701,364100,6686100,True,False,True
364123.5,6686134.5,22.420000076293945,20.110000610351562,2.309999465942383,0.19249995549519858,364100,6686100,True,False,True
364163.5,6686134.5,30.110000610351562,29.75,0.3600006103515625,0.030000050862630207,364100,6686100,True,False,True
364244.5,6686134.5,23.520000457763672,20.850000381469727,2.6700000762939453,0.22250000635782877,364200,6686100,False,False,False
364265.5,6686134.5,18.110000610351562,10.9399995803833,7.170001029968262,0.5975000858306885,364200,6686100,False,False,False
364365.5,6686134.5,26.540000915527344,30.739999771118164,-4.19999885559082,-0.34999990463256836,364300,6686100,True,False,True
364392.5,6686134.5,6.03000020980835,0.0,6.03000020980835,0.5025000174840292,364300,6686100,True,False,True
364787.5,6686134.5,17.8799991607666,17.139999389648438,0.7399997711181641,0.061666647593180336,364700,6686100,False,False,False
364022.5,6686133.5,9.039999961853027,4.599999904632568,4.440000057220459,0.3700000047683716,364000,6686100,False,False,False
364048.5,6686133.5,7.619999885559082,4.659999847412109,2.9600000381469727,0.24666666984558105,364000,6686100,False,False,False
364251.5,6686133.5,20.25,15.449999809265137,4.800000190734863,0.40000001589457196,364200,6686100,False,False,False
364299.5,6686133.5,32.7400016784668,29.3700008392334,3.3700008392333984,0.2808334032694499,364200,6686100,False,False,False
364502.5,6686133.5,21.489999771118164,15.529999732971191,5.960000038146973,0.49666666984558105,364500,6686100,False,False,False
364511.5,6686133.5,21.690000534057617,15.760000228881836,5.930000305175781,0.49416669209798175,364500,6686100,False,False,False
364575.5,6686133.5,25.020000457763672,21.229999542236328,3.7900009155273438,0.3158334096272786,364500,6686100,False,False,False
364078.5,6686132.5,16.979999542236328,15.729999542236328,1.25,0.10416666666666667,364000,6686100,False,False,False
364091.5,6686132.5,17.239999771118164,14.890000343322754,2.34999942779541,0.19583328564961752,364000,6686100,False,False,False
364422.5,6686132.5,34.099998474121094,30.649999618530273,3.4499988555908203,0.28749990463256836,364400,6686100,False,False,False
364553.5,6686132.5,24.190000534057617,19.270000457763672,4.920000076293945,0.4100000063578288,364500,6686100,False,False,False
364594.5,6686132.5,16.149999618530273,10.6899995803833,5.460000038146973,0.45500000317891437,364500,6686100,False,False,False
364307.5,6686131.5,30.690000534057617,29.889999389648438,0.8000011444091797,0.06666676203409831,364300,6686100,True,False,True
364523.5,6686131.5,24.3700008392334,19.56999969482422,4.80000114440918,0.40000009536743164,364500,6686100,False,False,False
364581.5,6686131.5,22.43000030517578,18.579999923706055,3.8500003814697266,0.32083336512247723,364500,6686100,False,False,False
364747.5,6686131.5,8.930000305175781,2.7699999809265137,6.160000324249268,0.5133333603541056,364700,6686100,False,False,False
364040.5,6686130.5,12.220000267028809,8.470000267028809,3.75,0.3125,364000,6686100,False,False,False
364184.5,6686130.5,27.049999237060547,25.579999923706055,1.4699993133544922,0.12249994277954102,364100,6686100,True,False,True
364496.5,6686130.5,23.15999984741211,16.280000686645508,6.879999160766602,0.5733332633972168,364400,6686100,False,False,False
364565.5,6686130.5,25.8799991607666,22.139999389648438,3.739999771118164,0.31166664759318036,364500,6686100,False,False,False
364529.5,6686129.5,24.600000381469727,18.229999542236328,6.370000839233398,0.5308334032694498,364500,6686100,False,False,False
364063.5,6686128.5,12.75,11.470000267028809,1.2799997329711914,0.10666664441426595,364000,6686100,False,False,False
364151.5,6686128.5,30.100000381469727,28.329999923706055,1.7700004577636719,0.14750003814697266,364100,6686100,True,False,True
364363.5,6686128.5,18.110000610351562,16.850000381469727,1.260000228881836,0.10500001907348633,364300,6686100,True,False,True
364375.5,6686128.5,32.310001373291016,26.860000610351562,5.450000762939453,0.4541667302449544,364300,6686100,True,True,False
364415.5,6686128.5,32.439998626708984,28.75,3.6899986267089844,0.30749988555908203,364400,6686100,False,False,False
364429.5,6686128.5,32.93000030517578,28.549999237060547,4.380001068115234,0.36500008900960285,364400,6686100,False,False,False
364445.5,6686128.5,24.850000381469727,13.920000076293945,10.930000305175781,0.9108333587646484,364400,6686100,False,False,False
364455.5,6686128.5,24.280000686645508,14.59000015258789,9.690000534057617,0.8075000445048014,364400,6686100,False,False,False
364518.5,6686128.5,24.15999984741211,18.149999618530273,6.010000228881836,0.5008333524068197,364500,6686100,False,False,False
364610.5,6686128.5,9.09000015258789,9.130000114440918,-0.039999961853027344,-0.0033333301544189453,364600,6686100,False,False,False
364646.5,6686128.5,5.489999771118164,2.799999952316284,2.68999981880188,0.22416665156682333,364600,6686100,False,False,False
364785.5,6686128.5,16.6299991607666,15.359999656677246,1.2699995040893555,0.10583329200744629,364700,6686100,False,False,False
364101.5,6686127.5,17.889999389648438,13.550000190734863,4.339999198913574,0.36166659990946454,364100,6686100,True,False,True
364317.5,6686127.5,21.559999465942383,17.889999389648438,3.6700000762939453,0.3058333396911621,364300,6686100,True,False,True
364113.5,6686126.5,18.700000762939453,16.219999313354492,2.480001449584961,0.20666678746541342,364100,6686100,True,False,True
364198.5,6686126.5,29.56999969482422,26.84000015258789,2.729999542236328,0.22749996185302734,364100,6686100,True,False,True
364333.5,6686126.5,34.15999984741211,31.5,2.6599998474121094,0.22166665395100912,364300,6686100,True,True,False
364049.5,6686125.5,12.069999694824219,10.510000228881836,1.5599994659423828,0.12999995549519858,364000,6686100,False,False,False
364089.5,6686124.5,12.819999694824219,6.659999847412109,6.159999847412109,0.5133333206176758,364000,6686100,False,False,False
364119.5,6686124.5,17.56999969482422,16.139999389648438,1.4300003051757812,0.11916669209798177,364100,6686100,True,False,True
364288.5,6686124.5,27.760000228881836,26.31999969482422,1.4400005340576172,0.12000004450480144,364200,6686100,False,False,False
364344.5,6686124.5,19.3700008392334,15.779999732971191,3.590001106262207,0.2991667588551839,364300,6686100,True,False,True
364771.5,6686124.5,9.609999656677246,6.710000038146973,2.8999996185302734,0.2416666348775228,364700,6686100,False,False,False
364011.5,6686123.5,11.529999732971191,10.529999732971191,1.0,0.08333333333333333,364000,6686100,False,False,False
364025.5,6686123.5,13.289999961853027,12.010000228881836,1.2799997329711914,0.10666664441426595,364000,6686100,False,False,False
364030.5,6686123.5,13.170000076293945,12.0,1.1700000762939453,0.09750000635782878,364000,6686100,False,False,False
364082.5,6686123.5,11.960000038146973,8.3100004196167,3.6499996185302734,0.30416663487752277,364000,6686100,False,False,False
364220.5,6686123.5,24.1200008392334,23.100000381469727,1.0200004577636719,0.08500003814697266,364200,6686100,False,False,False
364256.5,6686123.5,24.780000686645508,22.459999084472656,2.3200016021728516,0.19333346684773764,364200,6686100,False,False,False
364304.5,6686123.5,27.68000030517578,26.290000915527344,1.3899993896484375,0.11583328247070312,364300,6686100,True,False,True
364485.5,6686123.5,21.329999923706055,16.43000030517578,4.899999618530273,0.40833330154418945,364400,6686100,False,False,False
364779.5,6686123.5,13.960000038146973,13.760000228881836,0.19999980926513672,0.016666650772094727,364700,6686100,False,False,False
364019.5,6686122.5,14.600000381469727,11.670000076293945,2.9300003051757812,0.24416669209798178,364000,6686100,False,False,False
364039.5,6686122.5,13.270000457763672,11.84000015258789,1.4300003051757812,0.11916669209798177,364000,6686100,False,False,False
364069.5,6686122.5,10.930000305175781,9.770000457763672,1.1599998474121094,0.09666665395100911,364000,6686100,False,False,False
364135.5,6686122.5,28.510000228881836,26.760000228881836,1.75,0.14583333333333334,364100,6686100,True,False,True
364209.5,6686122.5,27.270000457763672,24.530000686645508,2.739999771118164,0.22833331425984701,364200,6686100,False,False,False
364244.5,6686122.5,17.940000534057617,7.820000171661377,10.12000036239624,0.84333336353302,364200,6686100,False,False,False
364461.5,6686122.5,25.280000686645508,10.6899995803833,14.590001106262207,1.2158334255218506,364400,6686100,False,False,False
364547.5,6686122.5,23.8700008392334,22.18000030517578,1.6900005340576172,0.14083337783813477,364500,6686100,False,False,False
364163.5,6686121.5,5.590000152587891,22.040000915527344,-16.450000762939453,-1.370833396911621,364100,6686100,True,False,True
364233.5,6686121.5,19.649999618530273,10.289999961853027,9.359999656677246,0.7799999713897705,364200,6686100,False,False,False
364420.5,6686121.5,32.369998931884766,29.100000381469727,3.269998550415039,0.27249987920125324,364400,6686100,False,False,False
364437.5,6686121.5,29.459999084472656,26.09000015258789,3.3699989318847656,0.28083324432373047,364400,6686100,False,False,False
364528.5,6686121.5,24.950000762939453,18.790000915527344,6.159999847412109,0.5133333206176758,364500,6686100,False,False,False
364579.5,6686121.5,25.239999771118164,19.93000030517578,5.309999465942383,0.44249995549519855,364500,6686100,False,False,False
364106.5,6686120.5,16.049999237060547,11.6899995803833,4.359999656677246,0.3633333047231038,364100,6686100,True,False,True
364357.5,6686120.5,17.790000915527344,8.0,9.790000915527344,0.8158334096272787,364300,6686100,True,False,True
364033.5,6686119.5,13.0,10.15999984741211,2.8400001525878906,0.23666667938232422,364000,6686100,False,False,False
364122.5,6686119.5,22.18000030517578,21.030000686645508,1.1499996185302734,0.09583330154418945,364100,6686100,True,False,True
364501.5,6686119.5,22.170000076293945,11.510000228881836,10.65999984741211,0.8883333206176758,364500,6686100,False,False,False
364512.5,6686119.5,24.34000015258789,14.960000038146973,9.380000114440918,0.7816666762034098,364500,6686100,False,False,False
364568.5,6686119.5,27.899999618530273,22.739999771118164,5.159999847412109,0.42999998728434247,364500,6686100,False,False,False
364628.5,6686118.5,17.059999465942383,11.699999809265137,5.359999656677246,0.4466666380564372,364600,6686100,False,False,False
364078.5,6686117.5,14.680000305175781,10.520000457763672,4.159999847412109,0.3466666539510091,364000,6686100,False,False,False
364270.5,6686117.5,25.040000915527344,24.239999771118164,0.8000011444091797,0.06666676203409831,364200,6686100,False,False,False
364324.5,6686117.5,27.709999084472656,25.3700008392334,2.339998245239258,0.19499985376993814,364300,6686100,True,False,True
364410.5,6686117.5,33.27000045776367,30.170000076293945,3.1000003814697266,0.25833336512247723,364400,6686100,False,False,False
364001.5,6686116.5,20.09000015258789,18.469999313354492,1.6200008392333984,0.13500006993611655,364000,6686100,False,False,False
364085.5,6686116.5,16.170000076293945,11.699999809265137,4.470000267028809,0.3725000222524007,364000,6686100,False,False,False
364226.5,6686116.5,27.860000610351562,27.229999542236328,0.6300010681152344,0.05250008900960287,364200,6686100,False,False,False
364536.5,6686116.5,25.309999465942383,18.06999969482422,7.239999771118164,0.603333314259847,364500,6686100,False,False,False
364611.5,6686116.5,22.709999084472656,20.110000610351562,2.5999984741210938,0.21666653951009116,364600,6686100,False,False,False
364155.5,6686115.5,32.33000183105469,29.84000015258789,2.490001678466797,0.20750013987223306,364100,6686100,True,True,False
364100.5,6686114.5,16.75,15.149999618530273,1.6000003814697266,0.1333333651224772,364100,6686100,True,False,True
364189.5,6686114.5,8.260000228881836,0.0,8.260000228881836,0.6883333524068197,364100,6686100,True,False,True
364252.5,6686114.5,24.530000686645508,23.200000762939453,1.3299999237060547,0.11083332697550456,364200,6686100,False,False,False
364425.5,6686114.5,25.649999618530273,23.90999984741211,1.739999771118164,0.14499998092651367,364400,6686100,False,False,False
364474.5,6686114.5,25.68000030517578,17.989999771118164,7.690000534057617,0.6408333778381348,364400,6686100,False,False,False
364634.5,6686114.5,13.5,6.260000228881836,7.239999771118164,0.603333314259847,364600,6686100,False,False,False
364781.5,6686114.5,17.0,16.729999542236328,0.2700004577636719,0.022500038146972656,364700,6686100,False,False,False
364056.5,6686113.5,14.050000190734863,8.989999771118164,5.060000419616699,0.4216667016347249,364000,6686100,False,False,False
364069.5,6686113.5,15.920000076293945,13.050000190734863,2.869999885559082,0.2391666571299235,364000,6686100,False,False,False
364090.5,6686113.5,15.1899995803833,13.34000015258789,1.8499994277954102,0.15416661898295084,364000,6686100,False,False,False
364168.5,6686113.5,30.709999084472656,27.719999313354492,2.989999771118164,0.24916664759318033,364100,6686100,True,False,True
364336.5,6686113.5,25.260000228881836,22.920000076293945,2.3400001525878906,0.19500001271565756,364300,6686100,True,False,True
364398.5,6686113.5,33.869998931884766,31.440000534057617,2.4299983978271484,0.2024998664855957,364300,6686100,True,True,False
364602.5,6686113.5,12.050000190734863,4.070000171661377,7.980000019073486,0.6650000015894572,364600,6686100,False,False,False
364039.5,6686112.5,15.529999732971191,13.510000228881836,2.0199995040893555,0.1683332920074463,364000,6686100,False,False,False
364047.5,6686112.5,14.8100004196167,13.050000190734863,1.760000228881836,0.14666668574015299,364000,6686100,False,False,False
364377.5,6686112.5,31.420000076293945,29.739999771118164,1.6800003051757812,0.1400000254313151,364300,6686100,True,True,False
364480.5,6686112.5,26.84000015258789,19.450000762939453,7.3899993896484375,0.6158332824707031,364400,6686100,False,False,False
364515.5,6686112.5,24.809999465942383,17.68000030517578,7.129999160766602,0.5941665967305502,364500,6686100,False,False,False
364562.5,6686112.5,26.549999237060547,22.260000228881836,4.289999008178711,0.3574999173482259,364500,6686100,False,False,False
364030.5,6686111.5,16.989999771118164,14.229999542236328,2.760000228881836,0.23000001907348633,364000,6686100,False,False,False
364286.5,6686111.5,18.700000762939453,11.069999694824219,7.630001068115234,0.6358334223429362,364200,6686100,False,False,False
364530.5,6686111.5,20.389999389648438,16.329999923706055,4.059999465942383,0.3383332888285319,364500,6686100,False,False,False
364304.5,6686110.5,26.209999084472656,21.0,5.209999084472656,0.4341665903727214,364300,6686100,True,False,True
364363.5,6686110.5,32.06999969482422,29.81999969482422,2.25,0.1875,364300,6686100,True,True,False
364618.5,6686110.5,23.030000686645508,20.780000686645508,2.25,0.1875,364600,6686100,False,False,False
364002.5,6686109.5,20.809999465942383,19.280000686645508,1.529998779296875,0.1274998982747396,364000,6686100,False,False,False
364012.5,6686109.5,16.920000076293945,14.420000076293945,2.5,0.20833333333333334,364000,6686100,False,False,False
364065.5,6686109.5,15.869999885559082,14.470000267028809,1.3999996185302734,0.11666663487752278,364000,6686100,False,False,False
364110.5,6686109.5,17.229999542236328,16.110000610351562,1.1199989318847656,0.09333324432373047,364100,6686100,True,False,True
364433.5,6686109.5,18.75,14.970000267028809,3.7799997329711914,0.3149999777475993,364400,6686100,False,False,False
364453.5,6686109.5,26.760000228881836,18.1299991607666,8.630001068115234,0.7191667556762695,364400,6686100,False,False,False
364075.5,6686108.5,17.530000686645508,15.920000076293945,1.6100006103515625,0.13416671752929688,364000,6686100,False,False,False
364195.5,6686108.5,25.040000915527344,22.579999923706055,2.460000991821289,0.20500008265177408,364100,6686100,True,False,True
364238.5,6686108.5,21.020000457763672,19.829999923706055,1.1900005340576172,0.0991667111714681,364200,6686100,False,False,False
364405.5,6686108.5,33.16999816894531,31.81999969482422,1.3499984741210938,0.11249987284342448,364400,6686100,False,False,False
364569.5,6686108.5,27.780000686645508,23.549999237060547,4.230001449584961,0.35250012079874676,364500,6686100,False,False,False
364583.5,6686108.5,27.690000534057617,24.56999969482422,3.1200008392333984,0.2600000699361165,364500,6686100,False,False,False
364022.5,6686107.5,19.06999969482422,17.06999969482422,2.0,0.16666666666666666,364000,6686100,False,False,False
364030.5,6686107.5,16.6299991607666,14.649999618530273,1.9799995422363281,0.16499996185302734,364000,6686100,False,False,False
364104.5,6686107.5,17.5,15.949999809265137,1.5500001907348633,0.12916668256123862,364100,6686100,True,False,True
364124.5,6686107.5,21.530000686645508,19.6299991607666,1.9000015258789062,0.15833346048990884,364100,6686100,True,False,True
364201.5,6686107.5,22.3700008392334,20.889999389648438,1.480001449584961,0.12333345413208008,364200,6686100,False,False,False
364266.5,6686107.5,25.530000686645508,24.829999923706055,0.7000007629394531,0.058333396911621094,364200,6686100,False,False,False
364280.5,6686107.5,18.209999084472656,10.470000267028809,7.739998817443848,0.6449999014536539,364200,6686100,False,False,False
364424.5,6686107.5,24.420000076293945,25.56999969482422,-1.1499996185302734,-0.09583330154418945,364400,6686100,False,False,False
364638.5,6686107.5,23.149999618530273,20.149999618530273,3.0,0.25,364600,6686100,False,False,False
364059.5,6686106.5,16.639999389648438,13.6899995803833,2.9499998092651367,0.24583331743876138,364000,6686100,False,False,False
364214.5,6686106.5,15.359999656677246,8.350000381469727,7.0099992752075195,0.5841666062672933,364200,6686100,False,False,False
364089.5,6686105.5,18.81999969482422,15.890000343322754,2.929999351501465,0.24416661262512207,364000,6686100,False,False,False
364247.5,6686105.5,14.720000267028809,7.699999809265137,7.020000457763672,0.5850000381469727,364200,6686100,False,False,False
364520.5,6686105.5,25.559999465942383,19.940000534057617,5.619998931884766,0.46833324432373047,364500,6686100,False,False,False
364097.5,6686104.5,20.100000381469727,17.25,2.8500003814697266,0.2375000317891439,364000,6686100,False,False,False
364275.5,6686104.5,17.170000076293945,10.130000114440918,7.039999961853027,0.5866666634877523,364200,6686100,False,False,False
364294.5,6686104.5,16.809999465942383,8.15999984741211,8.649999618530273,0.7208333015441895,364200,6686100,False,False,False
364415.5,6686104.5,6.510000228881836,14.4399995803833,-7.929999351501465,-0.6608332792917887,364400,6686100,False,False,False
364433.5,6686104.5,18.829999923706055,14.8100004196167,4.0199995040893555,0.334999958674113,364400,6686100,False,False,False
364489.5,6686104.5,28.579999923706055,18.520000457763672,10.059999465942383,0.8383332888285319,364400,6686100,False,False,False
364163.5,6686103.5,32.7400016784668,29.690000534057617,3.0500011444091797,0.2541667620340983,364100,6686100,True,True,False
364256.5,6686103.5,16.260000228881836,7.400000095367432,8.860000133514404,0.7383333444595337,364200,6686100,False,False,False
364559.5,6686103.5,26.65999984741211,21.690000534057617,4.969999313354492,0.4141666094462077,364500,6686100,False,False,False
364613.5,6686103.5,12.479999542236328,6.949999809265137,5.529999732971191,0.4608333110809326,364600,6686100,False,False,False
364766.5,6686103.5,5.25,0.03999999910593033,5.21000000089407,0.4341666667411725,364700,6686100,False,False,False
364119.5,6686102.5,20.81999969482422,17.020000457763672,3.799999237060547,0.3166666030883789,364100,6686100,True,False,True
364347.5,6686102.5,16.290000915527344,13.550000190734863,2.7400007247924805,0.2283333937327067,364300,6686100,True,False,True
364368.5,6686102.5,30.950000762939453,28.75,2.200000762939453,0.1833333969116211,364300,6686100,True,False,True
364537.5,6686102.5,25.760000228881836,21.68000030517578,4.079999923706055,0.3399999936421712,364500,6686100,False,False,False
364547.5,6686102.5,24.950000762939453,20.420000076293945,4.530000686645508,0.377500057220459,364500,6686100,False,False,False
364571.5,6686102.5,26.719999313354492,21.170000076293945,5.549999237060547,0.4624999364217122,364500,6686100,False,False,False
364630.5,6686102.5,26.049999237060547,22.280000686645508,3.769998550415039,0.3141665458679199,364600,6686100,False,False,False
364033.5,6686101.5,16.43000030517578,12.380000114440918,4.050000190734863,0.33750001589457196,364000,6686100,False,False,False
364049.5,6686101.5,19.850000381469727,17.68000030517578,2.1700000762939453,0.1808333396911621,364000,6686100,False,False,False
364054.5,6686101.5,19.610000610351562,16.950000762939453,2.6599998474121094,0.22166665395100912,364000,6686100,False,False,False
364152.5,6686101.5,33.59000015258789,30.40999984741211,3.1800003051757812,0.2650000254313151,364100,6686100,True,True,False
364530.5,6686101.5,26.190000534057617,20.360000610351562,5.829999923706055,0.4858333269755046,364500,6686100,False,False,False
364784.5,6686101.5,13.520000457763672,9.6899995803833,3.830000877380371,0.3191667397816976,364700,6686100,False,False,False
364003.5,6686100.5,18.0,16.09000015258789,1.9099998474121094,0.15916665395100912,364000,6686100,False,False,False
364015.5,6686100.5,21.6299991607666,19.530000686645508,2.0999984741210938,0.17499987284342447,364000,6686100,False,False,False
364041.5,6686100.5,19.219999313354492,16.219999313354492,3.0,0.25,364000,6686100,False,False,False
364231.5,6686100.5,21.989999771118164,20.979999542236328,1.010000228881836,0.084166685740153,364200,6686100,False,False,False
364577.5,6686100.5,27.790000915527344,22.309999465942383,5.480001449584961,0.4566667874654134,364500,6686100,False,False,False
364588.5,6686100.5,29.729999542236328,26.420000076293945,3.309999465942383,0.2758332888285319,364500,6686100,False,False,False
364211.5,6686099.5,10.40999984741211,0.41999998688697815,9.989999860525131,0.8324999883770943,364200,6686000,False,False,False
364301.5,6686099.5,21.530000686645508,15.609999656677246,5.920001029968262,0.4933334191640218,364300,6686000,False,False,False
364375.5,6686099.5,30.040000915527344,25.81999969482422,4.220001220703125,0.35166676839192706,364300,6686000,False,False,False
364396.5,6686099.5,28.440000534057617,23.6200008392334,4.819999694824219,0.40166664123535156,364300,6686000,False,False,False
364508.5,6686099.5,21.0,15.930000305175781,5.069999694824219,0.4224999745686849,364500,6686000,False,False,False
364757.5,6686099.5,9.9399995803833,5.539999961853027,4.399999618530273,0.36666663487752277,364700,6686000,False,False,False
364286.5,6686098.5,21.190000534057617,20.479999542236328,0.7100009918212891,0.05916674931844076,364200,6686000,False,False,False
364653.5,6686098.5,13.569999694824219,0.10999999940395355,13.459999695420265,1.121666641285022,364600,6686000,False,False,False
364063.5,6686097.5,20.709999084472656,19.389999389648438,1.3199996948242188,0.10999997456868489,364000,6686000,False,False,False
364112.5,6686097.5,21.110000610351562,18.290000915527344,2.8199996948242188,0.2349999745686849,364100,6686000,False,False,False
364175.5,6686097.5,27.440000534057617,24.8700008392334,2.5699996948242188,0.21416664123535156,364100,6686000,False,False,False
364219.5,6686097.5,20.049999237060547,11.220000267028809,8.829998970031738,0.7358332475026449,364200,6686000,False,False,False
364257.5,6686097.5,23.040000915527344,20.760000228881836,2.280000686645508,0.19000005722045898,364200,6686000,False,False,False
364276.5,6686097.5,19.309999465942383,10.720000267028809,8.589999198913574,0.7158332665761312,364200,6686000,False,False,False
364564.5,6686097.5,26.219999313354492,21.479999542236328,4.739999771118164,0.39499998092651367,364500,6686000,False,False,False
364047.5,6686096.5,18.1299991607666,16.100000381469727,2.029998779296875,0.16916656494140625,364000,6686000,False,False,False
364102.5,6686096.5,19.209999084472656,17.540000915527344,1.6699981689453125,0.13916651407877603,364100,6686000,False,False,False
364310.5,6686096.5,26.43000030517578,20.479999542236328,5.950000762939453,0.4958333969116211,364300,6686000,False,False,False
364541.5,6686096.5,25.780000686645508,23.350000381469727,2.4300003051757812,0.2025000254313151,364500,6686000,False,False,False
364695.5,6686096.5,6.730000019073486,2.640000104904175,4.0899999141693115,0.34083332618077594,364600,6686000,False,False,False
364016.5,6686095.5,21.290000915527344,17.010000228881836,4.280000686645508,0.35666672388712567,364000,6686000,False,False,False
364029.5,6686095.5,14.329999923706055,10.449999809265137,3.880000114440918,0.3233333428700765,364000,6686000,False,False,False
364144.5,6686095.5,30.1200008392334,28.600000381469727,1.5200004577636719,0.1266667048136393,364100,6686000,False,False,False
364240.5,6686095.5,17.59000015258789,8.6899995803833,8.90000057220459,0.7416667143503824,364200,6686000,False,False,False
364319.5,6686095.5,25.1299991607666,18.700000762939453,6.429998397827148,0.5358331998189291,364300,6686000,False,False,False
364002.5,6686094.5,17.299999237060547,15.779999732971191,1.5199995040893555,0.12666662534077963,364000,6686000,False,False,False
364088.5,6686094.5,19.59000015258789,18.06999969482422,1.5200004577636719,0.1266667048136393,364000,6686000,False,False,False
364119.5,6686094.5,23.420000076293945,17.780000686645508,5.6399993896484375,0.4699999491373698,364100,6686000,False,False,False
364267.5,6686094.5,16.3799991607666,7.889999866485596,8.489999294281006,0.7074999411900839,364200,6686000,False,False,False
364334.5,6686094.5,16.209999084472656,10.210000038146973,5.999999046325684,0.4999999205271403,364300,6686000,False,False,False
364612.5,6686094.5,28.84000015258789,24.8799991607666,3.960000991821289,0.3300000826517741,364600,6686000,False,False,False
364083.5,6686093.5,20.729999542236328,18.25,2.479999542236328,0.206666628519694,364000,6686000,False,False,False
364203.5,6686093.5,24.260000228881836,22.969999313354492,1.2900009155273438,0.10750007629394531,364200,6686000,False,False,False
364385.5,6686093.5,20.719999313354492,18.219999313354492,2.5,0.20833333333333334,364300,6686000,False,False,False
364468.5,6686093.5,25.719999313354492,23.65999984741211,2.059999465942383,0.17166662216186523,364400,6686000,False,False,False
364523.5,6686093.5,28.860000610351562,20.360000610351562,8.5,0.7083333333333334,364500,6686000,False,False,False
364784.5,6686093.5,13.039999961853027,10.9399995803833,2.1000003814697266,0.1750000317891439,364700,6686000,False,False,False
364131.5,6686092.5,29.3799991607666,28.020000457763672,1.3599987030029297,0.11333322525024414,364100,6686000,False,False,False
364276.5,6686092.5,17.559999465942383,9.149999618530273,8.40999984741211,0.7008333206176758,364200,6686000,False,False,False
364326.5,6686092.5,25.799999237060547,19.979999542236328,5.819999694824219,0.4849999745686849,364300,6686000,False,False,False
364351.5,6686092.5,21.190000534057617,16.1299991607666,5.060001373291016,0.42166678110758465,364300,6686000,False,False,False
364425.5,6686092.5,27.56999969482422,22.670000076293945,4.899999618530273,0.40833330154418945,364400,6686000,False,False,False
364438.5,6686092.5,6.420000076293945,18.790000915527344,-12.370000839233398,-1.03083340326945,364400,6686000,False,False,False
364758.5,6686092.5,15.489999771118164,10.949999809265137,4.539999961853027,0.37833333015441895,364700,6686000,False,False,False
364035.5,6686091.5,15.5,13.270000457763672,2.229999542236328,0.1858332951863607,364000,6686000,False,False,False
364550.5,6686091.5,27.40999984741211,22.479999542236328,4.930000305175781,0.41083335876464844,364500,6686000,False,False,False
364023.5,6686090.5,17.25,15.670000076293945,1.5799999237060547,0.1316666603088379,364000,6686000,False,False,False
364070.5,6686090.5,23.09000015258789,19.350000381469727,3.739999771118164,0.31166664759318036,364000,6686000,False,False,False
364211.5,6686090.5,12.489999771118164,6.679999828338623,5.809999942779541,0.4841666618982951,364200,6686000,False,False,False
364248.5,6686090.5,20.440000534057617,19.030000686645508,1.4099998474121094,0.11749998728434245,364200,6686000,False,False,False
364360.5,6686090.5,28.1299991607666,26.770000457763672,1.3599987030029297,0.11333322525024414,364300,6686000,False,False,False
364407.5,6686090.5,29.510000228881836,26.260000228881836,3.25,0.2708333333333333,364400,6686000,False,False,False
364416.5,6686090.5,28.280000686645508,27.079999923706055,1.2000007629394531,0.10000006357828777,364400,6686000,False,False,False
364476.5,6686090.5,28.8700008392334,26.5,2.3700008392333984,0.19750006993611655,364400,6686000,False,False,False
364627.5,6686090.5,18.540000915527344,14.789999961853027,3.7500009536743164,0.3125000794728597,364600,6686000,False,False,False
364763.5,6686090.5,15.449999809265137,9.619999885559082,5.829999923706055,0.4858333269755046,364700,6686000,False,False,False
364446.5,6686089.5,24.75,22.15999984741211,2.5900001525878906,0.21583334604899088,364400,6686000,False,False,False
364702.5,6686089.5,10.5600004196167,4.590000152587891,5.970000267028809,0.4975000222524007,364700,6686000,False,False,False
364083.5,6686088.5,20.799999237060547,19.93000030517578,0.8699989318847656,0.07249991099039714,364000,6686000,False,False,False
364143.5,6686088.5,30.290000915527344,26.15999984741211,4.130001068115234,0.34416675567626953,364100,6686000,False,False,False
364183.5,6686088.5,26.309999465942383,24.3799991607666,1.9300003051757812,0.16083335876464844,364100,6686000,False,False,False
364193.5,6686088.5,22.709999084472656,21.610000610351562,1.0999984741210938,0.09166653951009114,364100,6686000,False,False,False
364266.5,6686088.5,14.890000343322754,5.659999847412109,9.230000495910645,0.7691667079925537,364200,6686000,False,False,False
364291.5,6686088.5,17.920000076293945,8.960000038146973,8.960000038146973,0.746666669845581,364200,6686000,False,False,False
364349.5,6686088.5,21.15999984741211,15.579999923706055,5.579999923706055,0.4649999936421712,364300,6686000,False,False,False
364173.5,6686087.5,31.889999389648438,27.920000076293945,3.969999313354492,0.33083327611287433,364100,6686000,False,False,False
364255.5,6686087.5,13.859999656677246,8.90999984741211,4.949999809265137,0.41249998410542804,364200,6686000,False,False,False
364273.5,6686087.5,18.25,11.319999694824219,6.930000305175781,0.5775000254313151,364200,6686000,False,False,False
364306.5,6686087.5,21.639999389648438,15.029999732971191,6.609999656677246,0.5508333047231039,364300,6686000,False,False,False
364384.5,6686087.5,30.3799991607666,26.940000534057617,3.4399986267089844,0.2866665522257487,364300,6686000,False,False,False
364492.5,6686087.5,31.239999771118164,22.229999542236328,9.010000228881836,0.7508333524068197,364400,6686000,False,False,False
364519.5,6686087.5,27.899999618530273,19.020000457763672,8.879999160766602,0.7399999300638834,364500,6686000,False,False,False
364616.5,6686087.5,27.1299991607666,23.989999771118164,3.1399993896484375,0.26166661580403644,364600,6686000,False,False,False
364238.5,6686086.5,23.229999542236328,21.75,1.4799995422363281,0.12333329518636067,364200,6686000,False,False,False
364452.5,6686086.5,25.8700008392334,22.510000228881836,3.3600006103515625,0.2800000508626302,364400,6686000,False,False,False
364557.5,6686086.5,25.959999084472656,21.5,4.459999084472656,0.3716665903727214,364500,6686000,False,False,False
364754.5,6686086.5,14.5,9.390000343322754,5.109999656677246,0.4258333047231038,364700,6686000,False,False,False
364160.5,6686085.5,32.08000183105469,29.950000762939453,2.1300010681152344,0.17750008900960287,364100,6686000,False,False,False
364228.5,6686085.5,25.459999084472656,23.440000534057617,2.019998550415039,0.16833321253458658,364200,6686000,False,False,False
364025.5,6686084.5,18.850000381469727,14.390000343322754,4.460000038146973,0.37166666984558105,364000,6686000,False,False,False
364133.5,6686084.5,31.329999923706055,29.770000457763672,1.5599994659423828,0.12999995549519858,364100,6686000,False,False,False
364299.5,6686084.5,21.950000762939453,13.510000228881836,8.440000534057617,0.7033333778381348,364200,6686000,False,False,False
364398.5,6686084.5,11.359999656677246,5.949999809265137,5.409999847412109,0.4508333206176758,364300,6686000,False,False,False
364504.5,6686084.5,19.90999984741211,13.399999618530273,6.510000228881836,0.5425000190734863,364500,6686000,False,False,False
364546.5,6686084.5,23.90999984741211,13.920000076293945,9.989999771118164,0.8324999809265137,364500,6686000,False,False,False
364629.5,6686084.5,24.56999969482422,22.149999618530273,2.4200000762939453,0.20166667302449545,364600,6686000,False,False,False
364111.5,6686083.5,26.40999984741211,24.280000686645508,2.1299991607666016,0.17749993006388345,364100,6686000,False,False,False
364246.5,6686083.5,15.850000381469727,6.320000171661377,9.53000020980835,0.7941666841506958,364200,6686000,False,False,False
364053.5,6686082.5,24.1200008392334,22.200000762939453,1.9200000762939453,0.16000000635782877,364000,6686000,False,False,False
364123.5,6686082.5,26.329999923706055,24.139999389648438,2.190000534057617,0.18250004450480142,364100,6686000,False,False,False
364282.5,6686082.5,24.190000534057617,22.530000686645508,1.6599998474121094,0.13833332061767578,364200,6686000,False,False,False
364374.5,6686082.5,21.43000030517578,18.190000534057617,3.239999771118164,0.26999998092651367,364300,6686000,False,False,False
364438.5,6686082.5,21.510000228881836,19.489999771118164,2.020000457763672,0.168333371480306,364400,6686000,False,False,False
364582.5,6686082.5,30.899999618530273,27.059999465942383,3.8400001525878906,0.32000001271565753,364500,6686000,False,False,False
364638.5,6686082.5,23.75,18.639999389648438,5.1100006103515625,0.42583338419596356,364600,6686000,False,False,False
364017.5,6686081.5,17.09000015258789,16.209999084472656,0.8800010681152344,0.0733334223429362,364000,6686000,False,False,False
364033.5,6686081.5,19.899999618530273,16.25,3.6499996185302734,0.30416663487752277,364000,6686000,False,False,False
364200.5,6686081.5,17.860000610351562,15.59000015258789,2.270000457763672,0.1891667048136393,364200,6686000,False,False,False
364256.5,6686081.5,16.0,9.239999771118164,6.760000228881836,0.5633333524068197,364200,6686000,False,False,False
364266.5,6686081.5,22.799999237060547,22.489999771118164,0.3099994659423828,0.025833288828531902,364200,6686000,False,False,False
364304.5,6686081.5,21.399999618530273,14.670000076293945,6.729999542236328,0.5608332951863607,364300,6686000,False,False,False
364429.5,6686081.5,23.649999618530273,23.149999618530273,0.5,0.041666666666666664,364400,6686000,False,False,False
364469.5,6686081.5,15.170000076293945,12.710000038146973,2.4600000381469727,0.2050000031789144,364400,6686000,False,False,False
364529.5,6686081.5,31.520000457763672,23.040000915527344,8.479999542236328,0.706666628519694,364500,6686000,False,False,False
364311.5,6686080.5,21.450000762939453,15.470000267028809,5.9800004959106445,0.4983333746592204,364300,6686000,False,False,False
364322.5,6686080.5,20.90999984741211,15.890000343322754,5.0199995040893555,0.4183332920074463,364300,6686000,False,False,False
364362.5,6686080.5,27.219999313354492,25.40999984741211,1.8099994659423828,0.1508332888285319,364300,6686000,False,False,False
364025.5,6686079.5,19.899999618530273,15.4399995803833,4.460000038146973,0.37166666984558105,364000,6686000,False,False,False
364216.5,6686079.5,20.510000228881836,20.1299991607666,0.3800010681152344,0.03166675567626953,364200,6686000,False,False,False
364497.5,6686079.5,30.15999984741211,26.6299991607666,3.530000686645508,0.29416672388712567,364400,6686000,False,False,False
364518.5,6686079.5,27.90999984741211,20.790000915527344,7.119998931884766,0.5933332443237305,364500,6686000,False,False,False
364772.5,6686079.5,16.239999771118164,11.100000381469727,5.1399993896484375,0.4283332824707031,364700,6686000,False,False,False
364117.5,6686078.5,26.610000610351562,25.420000076293945,1.1900005340576172,0.0991667111714681,364100,6686000,False,False,False
364210.5,6686078.5,22.329999923706055,19.649999618530273,2.6800003051757812,0.22333335876464844,364200,6686000,False,False,False
364477.5,6686078.5,14.489999771118164,11.609999656677246,2.880000114440918,0.24000000953674316,364400,6686000,False,False,False
364714.5,6686078.5,9.630000114440918,3.940000057220459,5.690000057220459,0.47416667143503827,364700,6686000,False,False,False
364171.5,6686077.5,29.8799991607666,25.579999923706055,4.299999237060547,0.3583332697550456,364100,6686000,False,False,False
364250.5,6686077.5,18.84000015258789,18.079999923706055,0.7600002288818359,0.06333335240681966,364200,6686000,False,False,False
364397.5,6686077.5,26.6299991607666,25.0,1.6299991607666016,0.1358332633972168,364300,6686000,False,False,False
364719.5,6686077.5,9.640000343322754,3.819999933242798,5.820000410079956,0.48500003417332965,364700,6686000,False,False,False
364065.5,6686076.5,23.020000457763672,22.489999771118164,0.5300006866455078,0.04416672388712565,364000,6686000,False,False,False
364077.5,6686076.5,24.280000686645508,21.889999389648438,2.3900012969970703,0.19916677474975586,364000,6686000,False,False,False
364346.5,6686076.5,21.43000030517578,15.800000190734863,5.630000114440918,0.46916667620340985,364300,6686000,False,False,False
364382.5,6686076.5,27.68000030517578,25.3799991607666,2.3000011444091797,0.1916667620340983,364300,6686000,False,False,False
364416.5,6686076.5,23.309999465942383,20.709999084472656,2.6000003814697266,0.21666669845581055,364400,6686000,False,False,False
364509.5,6686076.5,24.84000015258789,16.299999237060547,8.540000915527344,0.7116667429606119,364500,6686000,False,False,False
364097.5,6686075.5,24.829999923706055,23.790000915527344,1.039999008178711,0.08666658401489258,364000,6686000,False,False,False
364201.5,6686075.5,17.030000686645508,7.800000190734863,9.230000495910645,0.7691667079925537,364200,6686000,False,False,False
364318.5,6686075.5,21.18000030517578,13.569999694824219,7.6100006103515625,0.6341667175292969,364300,6686000,False,False,False
364338.5,6686075.5,24.799999237060547,18.15999984741211,6.6399993896484375,0.5533332824707031,364300,6686000,False,False,False
364352.5,6686075.5,23.56999969482422,14.380000114440918,9.1899995803833,0.765833298365275,364300,6686000,False,False,False
364785.5,6686075.5,20.68000030517578,17.510000228881836,3.1700000762939453,0.2641666730244954,364700,6686000,False,False,False
364026.5,6686074.5,19.110000610351562,16.780000686645508,2.3299999237060547,0.1941666603088379,364000,6686000,False,False,False
364436.5,6686074.5,20.229999542236328,18.1299991607666,2.1000003814697266,0.1750000317891439,364400,6686000,False,False,False
364486.5,6686074.5,19.670000076293945,16.59000015258789,3.0799999237060547,0.2566666603088379,364400,6686000,False,False,False
364577.5,6686074.5,31.25,28.170000076293945,3.0799999237060547,0.2566666603088379,364500,6686000,False,False,False
364054.5,6686073.5,20.309999465942383,19.350000381469727,0.9599990844726562,0.07999992370605469,364000,6686000,False,False,False
364242.5,6686073.5,24.610000610351562,23.989999771118164,0.6200008392333984,0.0516667366027832,364200,6686000,False,False,False
364305.5,6686073.5,19.40999984741211,11.550000190734863,7.859999656677246,0.6549999713897705,364300,6686000,False,False,False
364461.5,6686073.5,16.3799991607666,14.170000076293945,2.2099990844726562,0.18416659037272134,364400,6686000,False,False,False
364750.5,6686072.5,14.1899995803833,9.479999542236328,4.710000038146973,0.39250000317891437,364700,6686000,False,False,False
364211.5,6686071.5,8.760000228881836,0.41999998688697815,8.340000241994858,0.6950000201662382,364200,6686000,False,False,False
364364.5,6686071.5,28.59000015258789,23.639999389648438,4.950000762939453,0.4125000635782878,364300,6686000,False,False,False
364441.5,6686071.5,17.25,18.850000381469727,-1.6000003814697266,-0.1333333651224772,364400,6686000,False,False,False
364545.5,6686071.5,26.670000076293945,20.010000228881836,6.659999847412109,0.5549999872843424,364500,6686000,False,False,False
364186.5,6686070.5,22.90999984741211,21.81999969482422,1.0900001525878906,0.09083334604899089,364100,6686000,False,False,False
364283.5,6686070.5,17.219999313354492,9.579999923706055,7.6399993896484375,0.6366666158040365,364200,6686000,False,False,False
364528.5,6686070.5,32.08000183105469,27.079999923706055,5.000001907348633,0.41666682561238605,364500,6686000,False,False,False
364592.5,6686070.5,33.650001525878906,29.81999969482422,3.8300018310546875,0.3191668192545573,364500,6686000,False,False,False
364621.5,6686070.5,26.010000228881836,21.479999542236328,4.530000686645508,0.377500057220459,364600,6686000,False,False,False
364713.5,6686070.5,11.010000228881836,5.880000114440918,5.130000114440918,0.42750000953674316,364700,6686000,False,False,False
364007.5,6686069.5,19.260000228881836,17.510000228881836,1.75,0.14583333333333334,364000,6686000,False,False,False
364016.5,6686069.5,11.6899995803833,7.079999923706055,4.609999656677246,0.3841666380564372,364000,6686000,False,False,False
364293.5,6686069.5,19.280000686645508,12.369999885559082,6.910000801086426,0.5758334000905355,364200,6686000,False,False,False
364409.5,6686069.5,22.719999313354492,22.59000015258789,0.12999916076660156,0.010833263397216797,364400,6686000,False,False,False
364422.5,6686069.5,24.600000381469727,21.93000030517578,2.6700000762939453,0.22250000635782877,364400,6686000,False,False,False
364493.5,6686069.5,18.700000762939453,20.31999969482422,-1.6199989318847656,-0.13499991099039713,364400,6686000,False,False,False
364610.5,6686069.5,29.780000686645508,25.719999313354492,4.060001373291016,0.3383334477742513,364600,6686000,False,False,False
364159.5,6686068.5,31.979999542236328,29.770000457763672,2.2099990844726562,0.18416659037272134,364100,6686000,False,False,False
364256.5,6686068.5,22.59000015258789,20.920000076293945,1.6700000762939453,0.13916667302449545,364200,6686000,False,False,False
364323.5,6686068.5,21.219999313354492,14.779999732971191,6.439999580383301,0.5366666316986084,364300,6686000,False,False,False
364446.5,6686068.5,16.639999389648438,15.050000190734863,1.5899991989135742,0.13249993324279785,364400,6686000,False,False,False
364036.5,6686067.5,23.489999771118164,21.219999313354492,2.270000457763672,0.1891667048136393,364000,6686000,False,False,False
364049.5,6686067.5,23.040000915527344,21.780000686645508,1.260000228881836,0.10500001907348633,364000,6686000,False,False,False
364093.5,6686067.5,20.139999389648438,14.420000076293945,5.719999313354492,0.4766666094462077,364000,6686000,False,False,False
364332.5,6686067.5,21.15999984741211,14.510000228881836,6.649999618530273,0.5541666348775228,364300,6686000,False,False,False
364337.5,6686067.5,22.020000457763672,12.5,9.520000457763672,0.793333371480306,364300,6686000,False,False,False
364782.5,6686067.5,19.43000030517578,18.360000610351562,1.0699996948242188,0.08916664123535156,364700,6686000,False,False,False
364084.5,6686066.5,24.0,23.309999465942383,0.6900005340576172,0.05750004450480143,364000,6686000,False,False,False
364221.5,6686066.5,18.420000076293945,8.90999984741211,9.510000228881836,0.7925000190734863,364200,6686000,False,False,False
364269.5,6686066.5,24.5,22.860000610351562,1.6399993896484375,0.13666661580403647,364200,6686000,False,False,False
364469.5,6686066.5,16.90999984741211,12.199999809265137,4.710000038146973,0.39250000317891437,364400,6686000,False,False,False
364483.5,6686066.5,15.9399995803833,13.949999809265137,1.989999771118164,0.16583331425984701,364400,6686000,False,False,False
364635.5,6686066.5,19.690000534057617,13.359999656677246,6.330000877380371,0.5275000731150309,364600,6686000,False,False,False
364727.5,6686066.5,5.909999847412109,0.2199999988079071,5.689999848604202,0.4741666540503502,364700,6686000,False,False,False
364228.5,6686065.5,22.34000015258789,20.770000457763672,1.5699996948242188,0.13083330790201822,364200,6686000,False,False,False
364344.5,6686065.5,19.450000762939453,12.079999923706055,7.370000839233398,0.6141667366027832,364300,6686000,False,False,False
364432.5,6686065.5,7.510000228881836,0.0,7.510000228881836,0.6258333524068197,364400,6686000,False,False,False
364000.5,6686064.5,13.989999771118164,13.90999984741211,0.07999992370605469,0.006666660308837891,364000,6686000,False,False,False
364112.5,6686064.5,19.559999465942383,13.270000457763672,6.289999008178711,0.5241665840148926,364100,6686000,False,False,False
364170.5,6686064.5,26.719999313354492,21.489999771118164,5.229999542236328,0.43583329518636066,364100,6686000,False,False,False
364206.5,6686064.5,19.3799991607666,17.43000030517578,1.9499988555908203,0.16249990463256836,364200,6686000,False,False,False
364300.5,6686064.5,15.479999542236328,10.470000267028809,5.0099992752075195,0.41749993960062665,364300,6686000,False,False,False
364367.5,6686064.5,24.1200008392334,20.399999618530273,3.720001220703125,0.31000010172526044,364300,6686000,False,False,False
364382.5,6686064.5,19.799999237060547,13.800000190734863,5.999999046325684,0.4999999205271403,364300,6686000,False,False,False
364195.5,6686063.5,22.6200008392334,21.84000015258789,0.7800006866455078,0.06500005722045898,364100,6686000,False,False,False
364355.5,6686063.5,16.559999465942383,10.630000114440918,5.929999351501465,0.49416661262512207,364300,6686000,False,False,False
364739.5,6686063.5,12.079999923706055,4.139999866485596,7.940000057220459,0.6616666714350382,364700,6686000,False,False,False
364765.5,6686063.5,17.8799991607666,12.010000228881836,5.869998931884766,0.4891665776570638,364700,6686000,False,False,False
364071.5,6686062.5,13.470000267028809,6.380000114440918,7.090000152587891,0.5908333460489908,364000,6686000,False,False,False
364151.5,6686062.5,32.099998474121094,28.100000381469727,3.999998092651367,0.33333317438761395,364100,6686000,False,False,False
364289.5,6686062.5,18.299999237060547,10.300000190734863,7.999999046325684,0.666666587193807,364200,6686000,False,False,False
364311.5,6686062.5,17.020000457763672,10.960000038146973,6.060000419616699,0.5050000349680582,364300,6686000,False,False,False
364392.5,6686062.5,22.59000015258789,21.739999771118164,0.8500003814697266,0.07083336512247722,364300,6686000,False,False,False
364420.5,6686062.5,25.09000015258789,22.209999084472656,2.8800010681152344,0.24000008900960287,364400,6686000,False,False,False
364706.5,6686062.5,5.510000228881836,0.09000000357627869,5.420000225305557,0.4516666854421298,364700,6686000,False,False,False
364029.5,6686061.5,20.600000381469727,19.389999389648438,1.210000991821289,0.10083341598510742,364000,6686000,False,False,False
364445.5,6686061.5,20.8799991607666,19.219999313354492,1.6599998474121094,0.13833332061767578,364400,6686000,False,False,False
364509.5,6686061.5,17.809999465942383,16.329999923706055,1.4799995422363281,0.12333329518636067,364500,6686000,False,False,False
364577.5,6686061.5,31.440000534057617,28.399999618530273,3.0400009155273438,0.2533334096272786,364500,6686000,False,False,False
364139.5,6686060.5,28.40999984741211,25.639999389648438,2.770000457763672,0.230833371480306,364100,6686000,False,False,False
364260.5,6686060.5,18.15999984741211,10.800000190734863,7.359999656677246,0.6133333047231039,364200,6686000,False,False,False
364015.5,6686059.5,16.579999923706055,14.25,2.3299999237060547,0.1941666603088379,364000,6686000,False,False,False
364129.5,6686059.5,29.479999542236328,27.34000015258789,2.1399993896484375,0.17833328247070312,364100,6686000,False,False,False
364236.5,6686059.5,21.90999984741211,20.469999313354492,1.4400005340576172,0.12000004450480144,364200,6686000,False,False,False
364278.5,6686059.5,25.6299991607666,24.799999237060547,0.8299999237060547,0.06916666030883789,364200,6686000,False,False,False
364345.5,6686059.5,21.649999618530273,15.920000076293945,5.729999542236328,0.47749996185302734,364300,6686000,False,False,False
364487.5,6686059.5,15.75,13.59000015258789,2.1599998474121094,0.17999998728434244,364400,6686000,False,False,False
364085.5,6686058.5,14.020000457763672,8.640000343322754,5.380000114440918,0.4483333428700765,364000,6686000,False,False,False
364181.5,6686058.5,25.920000076293945,23.610000610351562,2.309999465942383,0.19249995549519858,364100,6686000,False,False,False
364220.5,6686058.5,17.969999313354492,17.780000686645508,0.18999862670898438,0.015833218892415363,364200,6686000,False,False,False
364296.5,6686058.5,17.709999084472656,11.039999961853027,6.669999122619629,0.5558332602183024,364200,6686000,False,False,False
364310.5,6686058.5,16.84000015258789,9.4399995803833,7.40000057220459,0.6166667143503824,364300,6686000,False,False,False
364603.5,6686058.5,31.0,26.15999984741211,4.840000152587891,0.4033333460489909,364600,6686000,False,False,False
364100.5,6686057.5,19.739999771118164,13.670000076293945,6.069999694824219,0.5058333079020182,364100,6686000,False,False,False
364267.5,6686057.5,13.920000076293945,6.840000152587891,7.079999923706055,0.5899999936421713,364200,6686000,False,False,False
364316.5,6686057.5,15.569999694824219,9.180000305175781,6.3899993896484375,0.5324999491373698,364300,6686000,False,False,False
364383.5,6686057.5,27.670000076293945,28.200000762939453,-0.5300006866455078,-0.04416672388712565,364300,6686000,False,False,False
364248.5,6686056.5,20.649999618530273,18.790000915527344,1.8599987030029297,0.1549998919169108,364200,6686000,False,False,False
364336.5,6686056.5,19.959999084472656,12.569999694824219,7.3899993896484375,0.6158332824707031,364300,6686000,False,False,False
364353.5,6686056.5,20.700000762939453,13.920000076293945,6.780000686645508,0.565000057220459,364300,6686000,False,False,False
364425.5,6686056.5,20.450000762939453,23.219999313354492,-2.769998550415039,-0.23083321253458658,364400,6686000,False,False,False
364454.5,6686056.5,19.270000457763672,16.84000015258789,2.4300003051757812,0.2025000254313151,364400,6686000,False,False,False
364470.5,6686056.5,12.880000114440918,12.720000267028809,0.15999984741210938,0.013333320617675781,364400,6686000,False,False,False
364478.5,6686056.5,14.020000457763672,9.359999656677246,4.660000801086426,0.38833340009053546,364400,6686000,False,False,False
364624.5,6686056.5,18.850000381469727,13.220000267028809,5.630000114440918,0.46916667620340985,364600,6686000,False,False,False
364110.5,6686055.5,6.449999809265137,2.4000000953674316,4.049999713897705,0.3374999761581421,364100,6686000,False,False,False
364173.5,6686055.5,27.989999771118164,24.1200008392334,3.8699989318847656,0.32249991099039715,364100,6686000,False,False,False
364304.5,6686055.5,18.639999389648438,12.020000457763672,6.619998931884766,0.5516665776570638,364300,6686000,False,False,False
364497.5,6686055.5,21.979999542236328,19.799999237060547,2.1800003051757812,0.18166669209798178,364400,6686000,False,False,False
364689.5,6686055.5,7.289999961853027,8.789999961853027,-1.5,-0.125,364600,6686000,False,False,False
364000.5,6686054.5,16.149999618530273,15.920000076293945,0.22999954223632812,0.01916662851969401,364000,6686000,False,False,False
364071.5,6686054.5,16.190000534057617,12.6899995803833,3.5000009536743164,0.29166674613952637,364000,6686000,False,False,False
364530.5,6686054.5,30.34000015258789,28.719999313354492,1.6200008392333984,0.13500006993611655,364500,6686000,False,False,False
364555.5,6686054.5,27.420000076293945,21.170000076293945,6.25,0.5208333333333334,364500,6686000,False,False,False
364616.5,6686054.5,25.6299991607666,20.739999771118164,4.8899993896484375,0.4074999491373698,364600,6686000,False,False,False
364044.5,6686053.5,14.789999961853027,8.569999694824219,6.220000267028809,0.518333355585734,364000,6686000,False,False,False
364057.5,6686053.5,19.90999984741211,15.489999771118164,4.420000076293945,0.3683333396911621,364000,6686000,False,False,False
364067.5,6686053.5,17.010000228881836,11.819999694824219,5.190000534057617,0.43250004450480145,364000,6686000,False,False,False
364201.5,6686053.5,21.989999771118164,21.549999237060547,0.4400005340576172,0.0366667111714681,364200,6686000,False,False,False
364327.5,6686053.5,20.040000915527344,13.899999618530273,6.14000129699707,0.5116667747497559,364300,6686000,False,False,False
364373.5,6686053.5,28.09000015258789,24.68000030517578,3.4099998474121094,0.2841666539510091,364300,6686000,False,False,False
364407.5,6686053.5,23.709999084472656,21.459999084472656,2.25,0.1875,364400,6686000,False,False,False
364438.5,6686053.5,23.829999923706055,21.639999389648438,2.190000534057617,0.18250004450480142,364400,6686000,False,False,False
364016.5,6686052.5,12.460000038146973,8.640000343322754,3.8199996948242188,0.31833330790201825,364000,6686000,False,False,False
364027.5,6686052.5,18.959999084472656,18.780000686645508,0.17999839782714844,0.014999866485595703,364000,6686000,False,False,False
364099.5,6686052.5,20.31999969482422,16.510000228881836,3.809999465942383,0.31749995549519855,364000,6686000,False,False,False
364090.5,6686051.5,18.479999542236328,12.210000038146973,6.2699995040893555,0.5224999586741129,364000,6686000,False,False,False
364396.5,6686051.5,20.739999771118164,17.329999923706055,3.4099998474121094,0.2841666539510091,364300,6686000,False,False,False
364106.5,6686050.5,16.3799991607666,12.789999961853027,3.589999198913574,0.29916659990946454,364100,6686000,False,False,False
364214.5,6686050.5,17.559999465942383,10.079999923706055,7.479999542236328,0.6233332951863607,364200,6686000,False,False,False
364227.5,6686050.5,20.450000762939453,18.65999984741211,1.7900009155273438,0.14916674296061197,364200,6686000,False,False,False
364277.5,6686050.5,22.600000381469727,22.239999771118164,0.3600006103515625,0.030000050862630207,364200,6686000,False,False,False
364284.5,6686049.5,23.030000686645508,21.899999618530273,1.1300010681152344,0.09416675567626953,364200,6686000,False,False,False
364590.5,6686049.5,35.81999969482422,33.95000076293945,1.8699989318847656,0.15583324432373047,364500,6686000,False,False,False
364786.5,6686049.5,18.56999969482422,17.75,0.8199996948242188,0.06833330790201823,364700,6686000,False,False,False
364034.5,6686048.5,18.239999771118164,15.720000267028809,2.5199995040893555,0.20999995867411295,364000,6686000,False,False,False
364148.5,6686048.5,30.200000762939453,28.049999237060547,2.1500015258789062,0.1791667938232422,364100,6686000,False,False,False
364245.5,6686048.5,16.139999389648438,6.610000133514404,9.529999256134033,0.7941666046778361,364200,6686000,False,False,False
364335.5,6686048.5,20.5,11.550000190734863,8.949999809265137,0.7458333174387614,364300,6686000,False,False,False
364406.5,6686048.5,8.850000381469727,22.649999618530273,-13.799999237060547,-1.1499999364217122,364400,6686000,False,False,False
364678.5,6686048.5,5.949999809265137,3.640000104904175,2.309999704360962,0.19249997536341348,364600,6686000,False,False,False
364013.5,6686047.5,12.989999771118164,12.279999732971191,0.7100000381469727,0.059166669845581055,364000,6686000,False,False,False
364169.5,6686047.5,26.770000457763672,25.18000030517578,1.5900001525878906,0.13250001271565756,364100,6686000,False,False,False
364238.5,6686047.5,14.979999542236328,7.059999942779541,7.919999599456787,0.6599999666213989,364200,6686000,False,False,False
364325.5,6686047.5,19.15999984741211,11.760000228881836,7.399999618530273,0.6166666348775228,364300,6686000,False,False,False
364347.5,6686047.5,21.5,12.770000457763672,8.729999542236328,0.7274999618530273,364300,6686000,False,False,False
364418.5,6686047.5,23.540000915527344,21.200000762939453,2.3400001525878906,0.19500001271565756,364400,6686000,False,False,False
364442.5,6686047.5,18.780000686645508,19.579999923706055,-0.7999992370605469,-0.0666666030883789,364400,6686000,False,False,False
364483.5,6686047.5,17.43000030517578,14.920000076293945,2.510000228881836,0.20916668574015299,364400,6686000,False,False,False
364491.5,6686047.5,16.34000015258789,16.100000381469727,0.23999977111816406,0.019999980926513672,364400,6686000,False,False,False
364521.5,6686047.5,20.06999969482422,19.209999084472656,0.8600006103515625,0.07166671752929688,364500,6686000,False,False,False
364000.5,6686046.5,12.369999885559082,11.710000038146973,0.6599998474121094,0.054999987284342446,364000,6686000,False,False,False
364081.5,6686046.5,20.15999984741211,16.260000228881836,3.8999996185302734,0.32499996821085614,364000,6686000,False,False,False
364311.5,6686046.5,24.459999084472656,24.280000686645508,0.17999839782714844,0.014999866485595703,364300,6686000,False,False,False
364352.5,6686046.5,21.959999084472656,15.079999923706055,6.879999160766602,0.5733332633972168,364300,6686000,False,False,False
364371.5,6686046.5,29.520000457763672,26.709999084472656,2.8100013732910156,0.23416678110758463,364300,6686000,False,False,False
364450.5,6686046.5,17.90999984741211,19.600000381469727,-1.6900005340576172,-0.14083337783813477,364400,6686000,False,False,False
364541.5,6686046.5,22.059999465942383,14.760000228881836,7.299999237060547,0.6083332697550455,364500,6686000,False,False,False
364605.5,6686046.5,18.270000457763672,11.949999809265137,6.320000648498535,0.5266667207082113,364600,6686000,False,False,False
364632.5,6686046.5,22.15999984741211,18.299999237060547,3.8600006103515625,0.3216667175292969,364600,6686000,False,False,False
364133.5,6686045.5,26.360000610351562,23.860000610351562,2.5,0.20833333333333334,364100,6686000,False,False,False
364250.5,6686045.5,15.949999809265137,9.4399995803833,6.510000228881836,0.5425000190734863,364200,6686000,False,False,False
364259.5,6686045.5,16.8700008392334,9.470000267028809,7.40000057220459,0.6166667143503824,364200,6686000,False,False,False
364401.5,6686045.5,9.4399995803833,14.880000114440918,-5.440000534057617,-0.45333337783813477,364400,6686000,False,False,False
364508.5,6686045.5,21.690000534057617,18.809999465942383,2.8800010681152344,0.24000008900960287,364500,6686000,False,False,False
364749.5,6686045.5,12.229999542236328,5.800000190734863,6.429999351501465,0.5358332792917887,364700,6686000,False,False,False
364019.5,6686044.5,14.960000038146973,13.010000228881836,1.9499998092651367,0.16249998410542807,364000,6686000,False,False,False
364756.5,6686044.5,5.880000114440918,0.15000000596046448,5.7300001084804535,0.4775000090400378,364700,6686000,False,False,False
364425.5,6686043.5,26.09000015258789,24.809999465942383,1.2800006866455078,0.10666672388712566,364400,6686000,False,False,False
364443.5,6686043.5,8.239999771118164,19.059999465942383,-10.819999694824219,-0.9016666412353516,364400,6686000,False,False,False
364500.5,6686043.5,13.050000190734863,10.920000076293945,2.130000114440918,0.17750000953674316,364500,6686000,False,False,False
364727.5,6686043.5,6.840000152587891,0.12999999523162842,6.710000157356262,0.5591666797796885,364700,6686000,False,False,False
364008.5,6686042.5,16.079999923706055,14.890000343322754,1.1899995803833008,0.0991666316986084,364000,6686000,False,False,False
364064.5,6686042.5,19.139999389648438,15.770000457763672,3.3699989318847656,0.28083324432373047,364000,6686000,False,False,False
364101.5,6686042.5,18.790000915527344,12.390000343322754,6.40000057220459,0.5333333810170492,364100,6686000,False,False,False
364142.5,6686042.5,26.850000381469727,24.530000686645508,2.3199996948242188,0.19333330790201822,364100,6686000,False,False,False
364199.5,6686042.5,23.420000076293945,18.770000457763672,4.649999618530273,0.38749996821085614,364100,6686000,False,False,False
364573.5,6686042.5,26.59000015258789,25.8700008392334,0.7199993133544922,0.059999942779541016,364500,6686000,False,False,False
364639.5,6686042.5,23.739999771118164,23.209999084472656,0.5300006866455078,0.04416672388712565,364600,6686000,False,False,False
364047.5,6686041.5,18.34000015258789,13.539999961853027,4.800000190734863,0.40000001589457196,364000,6686000,False,False,False
364106.5,6686041.5,18.639999389648438,12.149999618530273,6.489999771118164,0.540833314259847,364100,6686000,False,False,False
364118.5,6686041.5,16.040000915527344,12.569999694824219,3.470001220703125,0.28916676839192706,364100,6686000,False,False,False
364169.5,6686041.5,27.030000686645508,24.030000686645508,3.0,0.25,364100,6686000,False,False,False
364556.5,6686041.5,10.640000343322754,6.389999866485596,4.250000476837158,0.3541667064030965,364500,6686000,False,False,False
364691.5,6686041.5,6.840000152587891,5.679999828338623,1.1600003242492676,0.09666669368743896,364600,6686000,False,False,False
364787.5,6686041.5,17.079999923706055,8.960000038146973,8.119999885559082,0.6766666571299235,364700,6686000,False,False,False
364071.5,6686040.5,17.799999237060547,13.350000381469727,4.44999885559082,0.3708332379659017,364000,6686000,False,False,False
364218.5,6686040.5,22.059999465942383,21.6299991607666,0.43000030517578125,0.03583335876464844,364200,6686000,False,False,False
364281.5,6686040.5,13.850000381469727,6.869999885559082,6.9800004959106445,0.5816667079925537,364200,6686000,False,False,False
364466.5,6686040.5,19.950000762939453,17.56999969482422,2.3800010681152344,0.1983334223429362,364400,6686000,False,False,False
364669.5,6686040.5,9.640000343322754,5.460000038146973,4.180000305175781,0.34833335876464844,364600,6686000,False,False,False
364017.5,6686039.5,14.710000038146973,13.4399995803833,1.2700004577636719,0.10583337148030598,364000,6686000,False,False,False
364077.5,6686039.5,17.65999984741211,12.930000305175781,4.729999542236328,0.39416662851969403,364000,6686000,False,False,False
364233.5,6686039.5,20.520000457763672,20.15999984741211,0.3600006103515625,0.030000050862630207,364200,6686000,False,False,False
364288.5,6686039.5,23.350000381469727,22.90999984741211,0.4400005340576172,0.0366667111714681,364200,6686000,False,False,False
364334.5,6686039.5,22.290000915527344,16.850000381469727,5.440000534057617,0.45333337783813477,364300,6686000,False,False,False
364534.5,6686039.5,9.140000343322754,6.78000020980835,2.3600001335144043,0.19666667779286703,364500,6686000,False,False,False
364550.5,6686039.5,11.079999923706055,1.340000033378601,9.739999890327454,0.8116666575272878,364500,6686000,False,False,False
364083.5,6686038.5,17.360000610351562,13.670000076293945,3.690000534057617,0.30750004450480145,364000,6686000,False,False,False
364088.5,6686038.5,18.780000686645508,14.430000305175781,4.350000381469727,0.36250003178914386,364000,6686000,False,False,False
364254.5,6686038.5,19.09000015258789,11.869999885559082,7.220000267028809,0.6016666889190674,364200,6686000,False,False,False
364298.5,6686038.5,15.960000038146973,8.149999618530273,7.810000419616699,0.6508333683013916,364200,6686000,False,False,False
364356.5,6686038.5,24.610000610351562,4.510000228881836,20.100000381469727,1.6750000317891438,364300,6686000,False,False,False
364734.5,6686038.5,6.079999923706055,0.12999999523162842,5.949999928474426,0.49583332737286884,364700,6686000,False,False,False
364132.5,6686037.5,25.729999542236328,24.739999771118164,0.9899997711181641,0.08249998092651367,364100,6686000,False,False,False
364263.5,6686037.5,14.859999656677246,7.130000114440918,7.729999542236328,0.644166628519694,364200,6686000,False,False,False
364304.5,6686037.5,13.989999771118164,9.220000267028809,4.7699995040893555,0.397499958674113,364300,6686000,False,False,False
364322.5,6686037.5,17.729999542236328,11.25,6.479999542236328,0.5399999618530273,364300,6686000,False,False,False
364590.5,6686037.5,27.719999313354492,26.18000030517578,1.539999008178711,0.12833325068155924,364500,6686000,False,False,False
364005.5,6686036.5,15.960000038146973,13.489999771118164,2.4700002670288086,0.20583335558573404,364000,6686000,False,False,False
364195.5,6686036.5,20.6200008392334,11.270000457763672,9.350000381469727,0.7791666984558105,364100,6686000,False,False,False
364274.5,6686036.5,23.209999084472656,22.850000381469727,0.3599987030029297,0.02999989191691081,364200,6686000,False,False,False
364390.5,6686036.5,26.18000030517578,24.8700008392334,1.3099994659423828,0.10916662216186523,364300,6686000,False,False,False
364559.5,6686036.5,9.890000343322754,6.75,3.140000343322754,0.2616666952768962,364500,6686000,False,False,False
364570.5,6686036.5,25.790000915527344,24.139999389648438,1.6500015258789062,0.13750012715657553,364500,6686000,False,False,False
364675.5,6686036.5,9.5600004196167,4.920000076293945,4.640000343322754,0.3866666952768962,364600,6686000,False,False,False
364790.5,6686036.5,17.170000076293945,14.949999809265137,2.2200002670288086,0.18500002225240073,364700,6686000,False,False,False
364040.5,6686035.5,25.290000915527344,24.200000762939453,1.0900001525878906,0.09083334604899089,364000,6686000,False,False,False
364048.5,6686035.5,15.380000114440918,6.53000020980835,8.849999904632568,0.737499992052714,364000,6686000,False,False,False
364179.5,6686035.5,20.56999969482422,19.65999984741211,0.9099998474121094,0.07583332061767578,364100,6686000,False,False,False
364452.5,6686035.5,19.040000915527344,23.09000015258789,-4.049999237060547,-0.3374999364217122,364400,6686000,False,False,False
364474.5,6686035.5,18.90999984741211,15.399999618530273,3.510000228881836,0.29250001907348633,364400,6686000,False,False,False
364604.5,6686035.5,34.22999954223633,30.860000610351562,3.3699989318847656,0.28083324432373047,364600,6686000,False,False,False
364107.5,6686034.5,19.93000030517578,15.550000190734863,4.380000114440918,0.36500000953674316,364100,6686000,False,False,False
364139.5,6686034.5,29.530000686645508,26.43000030517578,3.1000003814697266,0.25833336512247723,364100,6686000,False,False,False
364434.5,6686034.5,10.649999618530273,17.709999084472656,-7.059999465942383,-0.5883332888285319,364400,6686000,False,False,False
364447.5,6686034.5,9.579999923706055,0.2199999988079071,9.359999924898148,0.7799999937415123,364400,6686000,False,False,False
364550.5,6686034.5,9.149999618530273,1.0099999904632568,8.139999628067017,0.6783333023389181,364500,6686000,False,False,False
364056.5,6686033.5,21.690000534057617,15.970000267028809,5.720000267028809,0.4766666889190674,364000,6686000,False,False,False
364160.5,6686033.5,25.719999313354492,24.209999084472656,1.510000228881836,0.12583335240681967,364100,6686000,False,False,False
364240.5,6686033.5,20.25,19.8799991607666,0.37000083923339844,0.03083340326944987,364200,6686000,False,False,False
364305.5,6686033.5,14.329999923706055,6.75,7.579999923706055,0.6316666603088379,364300,6686000,False,False,False
364504.5,6686033.5,18.270000457763672,15.430000305175781,2.8400001525878906,0.23666667938232422,364500,6686000,False,False,False
364621.5,6686033.5,31.049999237060547,28.399999618530273,2.6499996185302734,0.22083330154418945,364600,6686000,False,False,False
364150.5,6686032.5,26.40999984741211,24.309999465942383,2.1000003814697266,0.1750000317891439,364100,6686000,False,False,False
364301.5,6686032.5,13.699999809265137,7.489999771118164,6.210000038146973,0.5175000031789144,364300,6686000,False,False,False
364400.5,6686032.5,24.40999984741211,23.15999984741211,1.25,0.10416666666666667,364400,6686000,False,False,False
364637.5,6686032.5,25.709999084472656,25.469999313354492,0.23999977111816406,0.019999980926513672,364600,6686000,False,False,False
364752.5,6686032.5,6.920000076293945,2.5999999046325684,4.320000171661377,0.36000001430511475,364700,6686000,False,False,False
364659.5,6686031.5,9.729999542236328,0.6000000238418579,9.12999951839447,0.7608332931995392,364600,6686000,False,False,False
364026.5,6686030.5,20.84000015258789,18.469999313354492,2.3700008392333984,0.19750006993611655,364000,6686000,False,False,False
364101.5,6686030.5,15.770000457763672,10.359999656677246,5.410000801086426,0.45083340009053546,364100,6686000,False,False,False
364170.5,6686030.5,30.770000457763672,28.110000610351562,2.6599998474121094,0.22166665395100912,364100,6686000,False,False,False
364230.5,6686030.5,20.309999465942383,18.899999618530273,1.4099998474121094,0.11749998728434245,364200,6686000,False,False,False
364350.5,6686030.5,19.479999542236328,13.649999618530273,5.829999923706055,0.4858333269755046,364300,6686000,False,False,False
364430.5,6686030.5,6.079999923706055,17.760000228881836,-11.680000305175781,-0.9733333587646484,364400,6686000,False,False,False
364437.5,6686030.5,8.020000457763672,24.729999542236328,-16.709999084472656,-1.3924999237060547,364400,6686000,False,False,False
364465.5,6686030.5,18.329999923706055,12.970000267028809,5.359999656677246,0.4466666380564372,364400,6686000,False,False,False
364085.5,6686029.5,13.119999885559082,7.760000228881836,5.359999656677246,0.4466666380564372,364000,6686000,False,False,False
364113.5,6686029.5,19.399999618530273,13.630000114440918,5.7699995040893555,0.4808332920074463,364100,6686000,False,False,False
364206.5,6686029.5,15.09000015258789,8.5600004196167,6.529999732971191,0.544166644414266,364200,6686000,False,False,False
364254.5,6686029.5,18.700000762939453,12.649999618530273,6.05000114440918,0.5041667620340983,364200,6686000,False,False,False
364285.5,6686029.5,21.610000610351562,20.799999237060547,0.8100013732910156,0.06750011444091797,364200,6686000,False,False,False
364312.5,6686029.5,23.549999237060547,22.260000228881836,1.289999008178711,0.1074999173482259,364300,6686000,False,False,False
364379.5,6686029.5,29.940000534057617,27.170000076293945,2.770000457763672,0.230833371480306,364300,6686000,False,False,False
364448.5,6686029.5,13.300000190734863,25.59000015258789,-12.289999961853027,-1.0241666634877522,364400,6686000,False,False,False
364496.5,6686029.5,16.75,16.889999389648438,-0.1399993896484375,-0.011666615804036459,364400,6686000,False,False,False
364670.5,6686029.5,5.380000114440918,21.389999389648438,-16.00999927520752,-1.3341666062672932,364600,6686000,False,False,False
364001.5,6686028.5,14.390000343322754,8.180000305175781,6.210000038146973,0.5175000031789144,364000,6686000,False,False,False
364325.5,6686028.5,19.920000076293945,14.9399995803833,4.9800004959106445,0.415000041325887,364300,6686000,False,False,False
364456.5,6686028.5,12.079999923706055,17.059999465942383,-4.979999542236328,-0.41499996185302734,364400,6686000,False,False,False
364591.5,6686028.5,27.829999923706055,23.75,4.079999923706055,0.3399999936421712,364500,6686000,False,False,False
364646.5,6686028.5,28.389999389648438,24.989999771118164,3.3999996185302734,0.28333330154418945,364600,6686000,False,False,False
364041.5,6686027.5,23.790000915527344,23.059999465942383,0.7300014495849609,0.06083345413208008,364000,6686000,False,False,False
364055.5,6686027.5,17.809999465942383,13.569999694824219,4.239999771118164,0.353333314259847,364000,6686000,False,False,False
364199.5,6686027.5,12.90999984741211,6.679999828338623,6.230000019073486,0.5191666682561239,364100,6686000,False,False,False
364263.5,6686027.5,22.8700008392334,22.290000915527344,0.5799999237060547,0.048333326975504555,364200,6686000,False,False,False
364272.5,6686027.5,15.640000343322754,8.5600004196167,7.079999923706055,0.5899999936421713,364200,6686000,False,False,False
364389.5,6686027.5,29.889999389648438,26.729999542236328,3.1599998474121094,0.2633333206176758,364300,6686000,False,False,False
364071.5,6686026.5,18.68000030517578,13.40999984741211,5.270000457763672,0.43916670481363934,364000,6686000,False,False,False
364127.5,6686026.5,20.010000228881836,14.65999984741211,5.350000381469727,0.44583336512247723,364100,6686000,False,False,False
364161.5,6686026.5,25.959999084472656,23.399999618530273,2.559999465942383,0.2133332888285319,364100,6686000,False,False,False
364187.5,6686026.5,22.780000686645508,21.510000228881836,1.2700004577636719,0.10583337148030598,364100,6686000,False,False,False
364533.5,6686026.5,27.90999984741211,25.649999618530273,2.260000228881836,0.18833335240681967,364500,6686000,False,False,False
364560.5,6686026.5,27.700000762939453,25.15999984741211,2.5400009155273438,0.21166674296061197,364500,6686000,False,False,False
364140.5,6686025.5,25.420000076293945,23.959999084472656,1.460000991821289,0.12166674931844075,364100,6686000,False,False,False
364148.5,6686025.5,21.450000762939453,20.440000534057617,1.010000228881836,0.084166685740153,364100,6686000,False,False,False
364632.5,6686025.5,20.420000076293945,18.809999465942383,1.6100006103515625,0.13416671752929688,364600,6686000,False,False,False
364015.5,6686024.5,15.199999809265137,13.489999771118164,1.7100000381469727,0.1425000031789144,364000,6686000,False,False,False
364096.5,6686024.5,17.440000534057617,11.600000381469727,5.840000152587891,0.4866666793823242,364000,6686000,False,False,False
364207.5,6686024.5,17.93000030517578,6.699999809265137,11.230000495910645,0.9358333746592203,364200,6686000,False,False,False
364221.5,6686024.5,19.540000915527344,11.979999542236328,7.560001373291016,0.630000114440918,364200,6686000,False,False,False
364277.5,6686024.5,17.56999969482422,8.0600004196167,9.50999927520752,0.7924999396006266,364200,6686000,False,False,False
364295.5,6686024.5,24.790000915527344,23.309999465942383,1.480001449584961,0.12333345413208008,364200,6686000,False,False,False
364305.5,6686024.5,14.319999694824219,6.619999885559082,7.699999809265137,0.6416666507720947,364300,6686000,False,False,False
364335.5,6686024.5,27.190000534057617,24.360000610351562,2.8299999237060547,0.23583332697550455,364300,6686000,False,False,False
364441.5,6686024.5,23.479999542236328,23.1299991607666,0.35000038146972656,0.029166698455810547,364400,6686000,False,False,False
364689.5,6686024.5,8.479999542236328,4.139999866485596,4.339999675750732,0.36166663964589435,364600,6686000,False,False,False
364324.5,6686023.5,17.93000030517578,12.960000038146973,4.970000267028809,0.4141666889190674,364300,6686000,False,False,False
364356.5,6686023.5,22.059999465942383,17.8799991607666,4.180000305175781,0.34833335876464844,364300,6686000,False,False,False
364407.5,6686023.5,25.1299991607666,23.139999389648438,1.989999771118164,0.16583331425984701,364400,6686000,False,False,False
364478.5,6686023.5,15.289999961853027,4.159999847412109,11.130000114440918,0.9275000095367432,364400,6686000,False,False,False
364485.5,6686023.5,14.329999923706055,4.889999866485596,9.440000057220459,0.7866666714350382,364400,6686000,False,False,False
364517.5,6686023.5,20.760000228881836,19.829999923706055,0.9300003051757812,0.07750002543131511,364500,6686000,False,False,False
364107.5,6686022.5,16.8700008392334,10.829999923706055,6.040000915527344,0.5033334096272787,364100,6686000,False,False,False
364429.5,6686022.5,25.649999618530273,23.81999969482422,1.8299999237060547,0.15249999364217123,364400,6686000,False,False,False
364604.5,6686022.5,27.959999084472656,26.06999969482422,1.8899993896484375,0.15749994913736978,364600,6686000,False,False,False
364787.5,6686022.5,18.6299991607666,16.139999389648438,2.489999771118164,0.20749998092651367,364700,6686000,False,False,False
364008.5,6686021.5,16.440000534057617,13.149999618530273,3.2900009155273438,0.274166742960612,364000,6686000,False,False,False
364103.5,6686021.5,16.049999237060547,7.679999828338623,8.369999408721924,0.697499950726827,364100,6686000,False,False,False
364117.5,6686021.5,20.43000030517578,13.300000190734863,7.130000114440918,0.5941666762034098,364100,6686000,False,False,False
364245.5,6686021.5,14.600000381469727,6.550000190734863,8.050000190734863,0.6708333492279053,364200,6686000,False,False,False
364422.5,6686021.5,28.770000457763672,27.299999237060547,1.470001220703125,0.12250010172526042,364400,6686000,False,False,False
364455.5,6686021.5,23.18000030517578,24.31999969482422,-1.1399993896484375,-0.0949999491373698,364400,6686000,False,False,False
364567.5,6686021.5,28.709999084472656,26.6299991607666,2.0799999237060547,0.17333332697550455,364500,6686000,False,False,False
364639.5,6686021.5,24.600000381469727,22.020000457763672,2.5799999237060547,0.21499999364217123,364600,6686000,False,False,False
364711.5,6686021.5,6.96999979019165,0.05000000074505806,6.919999789446592,0.5766666491205493,364700,6686000,False,False,False
364091.5,6686020.5,16.25,8.470000267028809,7.779999732971191,0.6483333110809326,364000,6686000,False,False,False
364237.5,6686020.5,16.239999771118164,8.680000305175781,7.559999465942383,0.6299999554951986,364200,6686000,False,False,False
364504.5,6686020.5,12.9399995803833,4.179999828338623,8.759999752044678,0.7299999793370565,364500,6686000,False,False,False
364613.5,6686020.5,30.350000381469727,27.219999313354492,3.1300010681152344,0.2608334223429362,364600,6686000,False,False,False
364159.5,6686019.5,24.649999618530273,23.540000915527344,1.1099987030029297,0.09249989191691081,364100,6686000,False,False,False
364448.5,6686019.5,14.859999656677246,21.5,-6.640000343322754,-0.5533333619435629,364400,6686000,False,False,False
364471.5,6686019.5,18.6200008392334,16.579999923706055,2.0400009155273438,0.1700000762939453,364400,6686000,False,False,False
364085.5,6686018.5,15.819999694824219,9.9399995803833,5.880000114440918,0.49000000953674316,364000,6686000,False,False,False
364151.5,6686018.5,19.079999923706055,17.479999542236328,1.6000003814697266,0.1333333651224772,364100,6686000,False,False,False
364254.5,6686018.5,15.930000305175781,8.779999732971191,7.15000057220459,0.5958333810170492,364200,6686000,False,False,False
364281.5,6686018.5,17.8799991607666,9.729999542236328,8.149999618530273,0.6791666348775228,364200,6686000,False,False,False
364304.5,6686018.5,13.90999984741211,5.590000152587891,8.319999694824219,0.6933333079020182,364300,6686000,False,False,False
364580.5,6686018.5,28.6299991607666,23.43000030517578,5.19999885559082,0.4333332379659017,364500,6686000,False,False,False
364004.5,6686017.5,18.690000534057617,16.84000015258789,1.8500003814697266,0.15416669845581055,364000,6686000,False,False,False
364186.5,6686017.5,16.489999771118164,7.190000057220459,9.299999713897705,0.7749999761581421,364100,6686000,False,False,False
364531.5,6686017.5,26.149999618530273,24.860000610351562,1.289999008178711,0.1074999173482259,364500,6686000,False,False,False
364760.5,6686017.5,7.039999961853027,0.019999999552965164,7.019999962300062,0.5849999968583385,364700,6686000,False,False,False
364075.5,6686016.5,16.3799991607666,11.869999885559082,4.5099992752075195,0.37583327293395996,364000,6686000,False,False,False
364132.5,6686016.5,16.670000076293945,15.390000343322754,1.2799997329711914,0.10666664441426595,364100,6686000,False,False,False
364174.5,6686016.5,16.209999084472656,5.489999771118164,10.719999313354492,0.8933332761128744,364100,6686000,False,False,False
364320.5,6686016.5,18.09000015258789,13.550000190734863,4.539999961853027,0.37833333015441895,364300,6686000,False,False,False
364341.5,6686016.5,27.170000076293945,22.3799991607666,4.790000915527344,0.399166742960612,364300,6686000,False,False,False
364358.5,6686016.5,28.860000610351562,26.219999313354492,2.6400012969970703,0.2200001080830892,364300,6686000,False,False,False
364464.5,6686016.5,19.979999542236328,17.489999771118164,2.489999771118164,0.20749998092651367,364400,6686000,False,False,False
364645.5,6686016.5,25.1299991607666,24.15999984741211,0.9699993133544922,0.08083327611287434,364600,6686000,False,False,False
364026.5,6686015.5,20.969999313354492,18.979999542236328,1.989999771118164,0.16583331425984701,364000,6686000,False,False,False
364125.5,6686015.5,16.6200008392334,10.470000267028809,6.15000057220459,0.5125000476837158,364100,6686000,False,False,False
364226.5,6686015.5,17.0,7.039999961853027,9.960000038146973,0.8300000031789144,364200,6686000,False,False,False
364327.5,6686015.5,22.719999313354492,21.780000686645508,0.9399986267089844,0.07833321889241536,364300,6686000,False,False,False
364501.5,6686015.5,12.789999961853027,7.539999961853027,5.25,0.4375,364500,6686000,False,False,False
364040.5,6686014.5,20.25,18.65999984741211,1.5900001525878906,0.13250001271565756,364000,6686000,False,False,False
364106.5,6686014.5,20.299999237060547,11.75,8.549999237060547,0.7124999364217123,364100,6686000,False,False,False
364203.5,6686014.5,20.829999923706055,19.600000381469727,1.2299995422363281,0.10249996185302734,364200,6686000,False,False,False
364243.5,6686014.5,15.25,6.519999980926514,8.730000019073486,0.7275000015894572,364200,6686000,False,False,False
364412.5,6686014.5,26.899999618530273,23.889999389648438,3.010000228881836,0.25083335240681964,364400,6686000,False,False,False
364552.5,6686014.5,15.09000015258789,17.450000762939453,-2.3600006103515625,-0.19666671752929688,364500,6686000,False,False,False
364622.5,6686014.5,27.549999237060547,25.25,2.299999237060547,0.1916666030883789,364600,6686000,False,False,False
364792.5,6686014.5,14.520000457763672,13.09000015258789,1.4300003051757812,0.11916669209798177,364700,6686000,False,False,False
364215.5,6686013.5,18.329999923706055,17.8799991607666,0.4500007629394531,0.03750006357828776,364200,6686000,False,False,False
364235.5,6686013.5,16.31999969482422,8.239999771118164,8.079999923706055,0.6733333269755045,364200,6686000,False,False,False
364268.5,6686013.5,22.950000762939453,20.1200008392334,2.8299999237060547,0.23583332697550455,364200,6686000,False,False,False
364306.5,6686013.5,16.06999969482422,7.579999923706055,8.489999771118164,0.7074999809265137,364300,6686000,False,False,False
364482.5,6686013.5,9.369999885559082,4.480000019073486,4.889999866485596,0.4074999888737996,364400,6686000,False,False,False
364518.5,6686013.5,21.790000915527344,20.729999542236328,1.0600013732910156,0.0883334477742513,364500,6686000,False,False,False
364068.5,6686012.5,17.450000762939453,12.920000076293945,4.530000686645508,0.377500057220459,364000,6686000,False,False,False
364144.5,6686012.5,19.959999084472656,19.31999969482422,0.6399993896484375,0.053333282470703125,364100,6686000,False,False,False
364161.5,6686012.5,18.43000030517578,12.609999656677246,5.820000648498535,0.4850000540415446,364100,6686000,False,False,False
364257.5,6686012.5,14.65999984741211,7.840000152587891,6.819999694824219,0.5683333079020182,364200,6686000,False,False,False
364290.5,6686012.5,15.90999984741211,9.350000381469727,6.559999465942383,0.5466666221618652,364200,6686000,False,False,False
364346.5,6686012.5,27.3799991607666,23.229999542236328,4.149999618530273,0.34583330154418945,364300,6686000,False,False,False
364572.5,6686012.5,26.940000534057617,26.079999923706055,0.8600006103515625,0.07166671752929688,364500,6686000,False,False,False
364786.5,6686012.5,18.1299991607666,18.18000030517578,-0.05000114440917969,-0.004166762034098308,364700,6686000,False,False,False
364007.5,6686011.5,19.8799991607666,16.81999969482422,3.059999465942383,0.25499995549519855,364000,6686000,False,False,False
364015.5,6686011.5,20.65999984741211,18.90999984741211,1.75,0.14583333333333334,364000,6686000,False,False,False
364098.5,6686011.5,14.949999809265137,9.430000305175781,5.5199995040893555,0.459999958674113,364000,6686000,False,False,False
364313.5,6686011.5,17.459999084472656,12.380000114440918,5.079998970031738,0.42333324750264484,364300,6686000,False,False,False
364432.5,6686011.5,21.010000228881836,16.559999465942383,4.450000762939453,0.3708333969116211,364400,6686000,False,False,False
364711.5,6686011.5,6.380000114440918,0.12999999523162842,6.2500001192092896,0.5208333432674408,364700,6686000,False,False,False
364082.5,6686010.5,15.329999923706055,10.210000038146973,5.119999885559082,0.4266666571299235,364000,6686000,False,False,False
364137.5,6686010.5,18.309999465942383,17.100000381469727,1.2099990844726562,0.10083325703938802,364100,6686000,False,False,False
364279.5,6686010.5,21.3799991607666,20.860000610351562,0.5199985504150391,0.043333212534586586,364200,6686000,False,False,False
364298.5,6686010.5,18.559999465942383,10.59000015258789,7.969999313354492,0.6641666094462076,364200,6686000,False,False,False
364452.5,6686010.5,17.0,13.039999961853027,3.9600000381469727,0.33000000317891437,364400,6686000,False,False,False
364561.5,6686010.5,28.979999542236328,28.530000686645508,0.4499988555908203,0.03749990463256836,364500,6686000,False,False,False
364087.5,6686009.5,15.40999984741211,10.079999923706055,5.329999923706055,0.4441666603088379,364000,6686000,False,False,False
364179.5,6686009.5,20.84000015258789,19.520000457763672,1.3199996948242188,0.10999997456868489,364100,6686000,False,False,False
364231.5,6686009.5,16.139999389648438,7.489999771118164,8.649999618530273,0.7208333015441895,364200,6686000,False,False,False
364381.5,6686009.5,28.3700008392334,23.5,4.870000839233398,0.4058334032694499,364300,6686000,False,False,False
364057.5,6686008.5,14.760000228881836,10.670000076293945,4.090000152587891,0.3408333460489909,364000,6686000,False,False,False
364195.5,6686008.5,25.280000686645508,22.809999465942383,2.470001220703125,0.20583343505859375,364100,6686000,False,False,False
364265.5,6686008.5,23.030000686645508,22.0,1.0300006866455078,0.08583339055379231,364200,6686000,False,False,False
364329.5,6686008.5,22.93000030517578,17.329999923706055,5.600000381469727,0.46666669845581055,364300,6686000,False,False,False
364339.5,6686008.5,26.200000762939453,18.850000381469727,7.350000381469727,0.6125000317891439,364300,6686000,False,False,False
364696.5,6686008.5,11.770000457763672,3.0999999046325684,8.670000553131104,0.7225000460942587,364600,6686000,False,False,False
364461.5,6686007.5,21.34000015258789,18.8700008392334,2.469999313354492,0.20583327611287436,364400,6686000,False,False,False
364669.5,6686007.5,22.559999465942383,18.459999084472656,4.100000381469727,0.34166669845581055,364600,6686000,False,False,False
364071.5,6686006.5,19.149999618530273,9.300000190734863,9.84999942779541,0.8208332856496176,364000,6686000,False,False,False
364187.5,6686006.5,14.850000381469727,6.630000114440918,8.220000267028809,0.6850000222524008,364100,6686000,False,False,False
364226.5,6686006.5,14.229999542236328,6.329999923706055,7.899999618530273,0.6583333015441895,364200,6686000,False,False,False
364501.5,6686006.5,13.84000015258789,6.0,7.840000152587891,0.6533333460489908,364500,6686000,False,False,False
364524.5,6686006.5,24.020000457763672,20.719999313354492,3.3000011444091797,0.27500009536743164,364500,6686000,False,False,False
364550.5,6686006.5,27.739999771118164,27.09000015258789,0.6499996185302734,0.05416663487752279,364500,6686000,False,False,False
364680.5,6686006.5,16.700000762939453,0.0,16.700000762939453,1.3916667302449544,364600,6686000,False,False,False
364721.5,6686006.5,14.789999961853027,8.0600004196167,6.729999542236328,0.5608332951863607,364700,6686000,False,False,False
364214.5,6686005.5,22.1299991607666,20.530000686645508,1.5999984741210938,0.1333332061767578,364200,6686000,False,False,False
364423.5,6686005.5,13.510000228881836,24.18000030517578,-10.670000076293945,-0.8891666730244955,364400,6686000,False,False,False
364676.5,6686005.5,16.950000762939453,14.109999656677246,2.840001106262207,0.23666675885518393,364600,6686000,False,False,False
364005.5,6686004.5,22.469999313354492,21.700000762939453,0.7699985504150391,0.06416654586791992,364000,6686000,False,False,False
364024.5,6686004.5,23.309999465942383,21.920000076293945,1.3899993896484375,0.11583328247070312,364000,6686000,False,False,False
364123.5,6686004.5,21.520000457763672,19.93000030517578,1.5900001525878906,0.13250001271565756,364100,6686000,False,False,False
364135.5,6686004.5,17.010000228881836,13.699999809265137,3.310000419616699,0.2758333683013916,364100,6686000,False,False,False
364145.5,6686004.5,15.65999984741211,7.690000057220459,7.96999979019165,0.6641666491826376,364100,6686000,False,False,False
364168.5,6686004.5,24.690000534057617,23.84000015258789,0.8500003814697266,0.07083336512247722,364100,6686000,False,False,False
364318.5,6686004.5,19.690000534057617,12.649999618530273,7.040000915527344,0.5866667429606119,364300,6686000,False,False,False
364390.5,6686004.5,25.899999618530273,23.3799991607666,2.520000457763672,0.21000003814697266,364300,6686000,False,False,False
364156.5,6686003.5,18.540000915527344,18.469999313354492,0.07000160217285156,0.00583346684773763,364100,6686000,False,False,False
364204.5,6686003.5,24.979999542236328,22.719999313354492,2.260000228881836,0.18833335240681967,364200,6686000,False,False,False
364238.5,6686003.5,17.31999969482422,16.420000076293945,0.8999996185302734,0.07499996821085612,364200,6686000,False,False,False
364376.5,6686003.5,27.549999237060547,24.18000030517578,3.3699989318847656,0.28083324432373047,364300,6686000,False,False,False
364510.5,6686003.5,13.40999984741211,4.909999847412109,8.5,0.7083333333333334,364500,6686000,False,False,False
364585.5,6686003.5,27.850000381469727,26.1200008392334,1.7299995422363281,0.144166628519694,364500,6686000,False,False,False
364731.5,6686003.5,5.570000171661377,0.05999999865889549,5.5100001730024815,0.45916668108354014,364700,6686000,False,False,False
364106.5,6686002.5,18.15999984741211,15.600000381469727,2.559999465942383,0.2133332888285319,364100,6686000,False,False,False
364248.5,6686002.5,19.170000076293945,18.68000030517578,0.48999977111816406,0.04083331425984701,364200,6686000,False,False,False
364458.5,6686002.5,21.729999542236328,18.579999923706055,3.1499996185302734,0.26249996821085614,364400,6686000,False,False,False
364475.5,6686002.5,8.989999771118164,4.599999904632568,4.389999866485596,0.365833322207133,364400,6686000,False,False,False
364612.5,6686002.5,28.979999542236328,24.139999389648438,4.840000152587891,0.4033333460489909,364600,6686000,False,False,False
364047.5,6686001.5,17.5,15.470000267028809,2.0299997329711914,0.16916664441426596,364000,6686000,False,False,False
364060.5,6686001.5,15.270000457763672,14.5600004196167,0.7100000381469727,0.059166669845581055,364000,6686000,False,False,False
364231.5,6686001.5,16.579999923706055,9.149999618530273,7.430000305175781,0.6191666920979818,364200,6686000,False,False,False
364563.5,6686001.5,28.239999771118164,25.059999465942383,3.1800003051757812,0.2650000254313151,364500,6686000,False,False,False
364652.5,6686001.5,17.899999618530273,11.489999771118164,6.409999847412109,0.5341666539510092,364600,6686000,False,False,False
364704.5,6686001.5,5.71999979019165,13.210000038146973,-7.490000247955322,-0.6241666873296102,364700,6686000,False,False,False
364015.5,6686000.5,21.829999923706055,17.700000762939453,4.129999160766602,0.3441665967305501,364000,6686000,False,False,False
364294.5,6686000.5,17.520000457763672,7.090000152587891,10.430000305175781,0.8691666920979818,364200,6686000,False,False,False
364331.5,6686000.5,22.469999313354492,18.280000686645508,4.189998626708984,0.3491665522257487,364300,6686000,False,False,False
364403.5,6686000.5,30.84000015258789,28.84000015258789,2.0,0.16666666666666666,364400,6686000,False,False,False
364496.5,6686000.5,10.600000381469727,6.170000076293945,4.430000305175781,0.36916669209798175,364400,6686000,False,False,False
364579.5,6686000.5,26.860000610351562,23.260000228881836,3.6000003814697266,0.30000003178914386,364500,6686000,False,False,False
364594.5,6686000.5,12.220000267028809,1.1699999570846558,11.050000309944153,0.9208333591620127,364500,6686000,False,False,False
364065.5,6685999.5,16.25,14.869999885559082,1.380000114440918,0.11500000953674316,364000,6685900,False,False,False
364188.5,6685999.5,16.200000762939453,8.579999923706055,7.620000839233398,0.6350000699361166,364100,6685900,False,False,False
364270.5,6685999.5,15.40999984741211,8.140000343322754,7.2699995040893555,0.6058332920074463,364200,6685900,False,False,False
364537.5,6685999.5,27.450000762939453,24.600000381469727,2.8500003814697266,0.2375000317891439,364500,6685900,True,False,True
364631.5,6685999.5,33.150001525878906,30.81999969482422,2.3300018310546875,0.19416681925455728,364600,6685900,True,True,False
364730.5,6685999.5,8.09000015258789,0.05999999865889549,8.030000153928995,0.6691666794940829,364700,6685900,False,False,False
364091.5,6685998.5,20.84000015258789,18.889999389648438,1.9500007629394531,0.16250006357828775,364000,6685900,False,False,False
364126.5,6685998.5,21.399999618530273,20.040000915527344,1.3599987030029297,0.11333322525024414,364100,6685900,False,False,False
364358.5,6685998.5,26.959999084472656,23.969999313354492,2.989999771118164,0.24916664759318033,364300,6685900,False,False,False
364392.5,6685998.5,26.350000381469727,22.889999389648438,3.460000991821289,0.2883334159851074,364300,6685900,False,False,False
364412.5,6685998.5,28.450000762939453,25.760000228881836,2.690000534057617,0.2241667111714681,364400,6685900,True,False,True
364661.5,6685998.5,21.049999237060547,18.600000381469727,2.4499988555908203,0.20416657129923502,364600,6685900,True,False,True
364312.5,6685997.5,21.809999465942383,20.719999313354492,1.0900001525878906,0.09083334604899089,364300,6685900,False,False,False
364444.5,6685997.5,28.81999969482422,25.75,3.0699996948242188,0.25583330790201825,364400,6685900,True,False,True
364451.5,6685997.5,25.75,23.799999237060547,1.9500007629394531,0.16250006357828775,364400,6685900,True,False,True
364098.5,6685996.5,21.459999084472656,17.799999237060547,3.6599998474121094,0.30499998728434247,364000,6685900,False,False,False
364136.5,6685996.5,20.420000076293945,20.3799991607666,0.04000091552734375,0.003333409627278646,364100,6685900,False,False,False
364241.5,6685996.5,15.619999885559082,7.639999866485596,7.980000019073486,0.6650000015894572,364200,6685900,False,False,False
364384.5,6685996.5,28.350000381469727,25.110000610351562,3.239999771118164,0.26999998092651367,364300,6685900,False,False,False
364461.5,6685996.5,21.889999389648438,20.309999465942383,1.5799999237060547,0.1316666603088379,364400,6685900,True,False,True
364469.5,6685996.5,6.150000095367432,7.239999771118164,-1.0899996757507324,-0.09083330631256104,364400,6685900,True,False,True
364783.5,6685996.5,17.65999984741211,16.600000381469727,1.0599994659423828,0.0883332888285319,364700,6685900,False,False,False
364163.5,6685995.5,15.229999542236328,7.199999809265137,8.029999732971191,0.669166644414266,364100,6685900,False,False,False
364277.5,6685995.5,16.440000534057617,9.5,6.940000534057617,0.5783333778381348,364200,6685900,False,False,False
364429.5,6685995.5,28.31999969482422,25.59000015258789,2.729999542236328,0.22749996185302734,364400,6685900,True,False,True
364589.5,6685995.5,8.850000381469727,4.010000228881836,4.840000152587891,0.4033333460489909,364500,6685900,True,False,True
364741.5,6685995.5,6.079999923706055,0.05999999865889549,6.019999925047159,0.5016666604205966,364700,6685900,False,False,False
364045.5,6685994.5,20.649999618530273,19.440000534057617,1.2099990844726562,0.10083325703938802,364000,6685900,False,False,False
364110.5,6685994.5,20.6200008392334,20.049999237060547,0.5700016021728516,0.0475001335144043,364100,6685900,False,False,False
364250.5,6685994.5,15.920000076293945,8.220000267028809,7.699999809265137,0.6416666507720947,364200,6685900,False,False,False
364282.5,6685994.5,17.6200008392334,8.770000457763672,8.850000381469727,0.7375000317891439,364200,6685900,False,False,False
364348.5,6685994.5,27.65999984741211,21.790000915527344,5.869998931884766,0.4891665776570638,364300,6685900,False,False,False
364483.5,6685994.5,14.75,13.180000305175781,1.5699996948242188,0.13083330790201822,364400,6685900,True,False,True
364714.5,6685994.5,9.229999542236328,0.23999999463558197,8.989999547600746,0.7491666289667288,364700,6685900,False,False,False
364791.5,6685994.5,16.0,9.4399995803833,6.560000419616699,0.546666701634725,364700,6685900,False,False,False
364032.5,6685993.5,23.3799991607666,23.110000610351562,0.26999855041503906,0.022499879201253254,364000,6685900,False,False,False
364292.5,6685993.5,17.420000076293945,10.34000015258789,7.079999923706055,0.5899999936421713,364200,6685900,False,False,False
364338.5,6685993.5,22.329999923706055,14.739999771118164,7.590000152587891,0.6325000127156576,364300,6685900,False,False,False
364667.5,6685993.5,16.969999313354492,13.760000228881836,3.2099990844726562,0.2674999237060547,364600,6685900,True,False,True
364008.5,6685992.5,26.3700008392334,24.329999923706055,2.0400009155273438,0.1700000762939453,364000,6685900,False,False,False
364303.5,6685992.5,15.979999542236328,8.130000114440918,7.84999942779541,0.6541666189829508,364300,6685900,False,False,False
364513.5,6685992.5,15.34000015258789,10.039999961853027,5.300000190734863,0.4416666825612386,364500,6685900,True,False,True
364698.5,6685992.5,24.899999618530273,23.760000228881836,1.1399993896484375,0.0949999491373698,364600,6685900,True,False,True
364126.5,6685991.5,21.020000457763672,19.969999313354492,1.0500011444091797,0.08750009536743164,364100,6685900,False,False,False
364150.5,6685991.5,18.59000015258789,17.360000610351562,1.2299995422363281,0.10249996185302734,364100,6685900,False,False,False
364176.5,6685991.5,22.010000228881836,21.65999984741211,0.35000038146972656,0.029166698455810547,364100,6685900,False,False,False
364321.5,6685991.5,18.469999313354492,15.90999984741211,2.559999465942383,0.2133332888285319,364300,6685900,False,False,False
364639.5,6685991.5,32.650001525878906,29.31999969482422,3.3300018310546875,0.2775001525878906,364600,6685900,True,True,False
364682.5,6685991.5,23.239999771118164,21.190000534057617,2.049999237060547,0.17083326975504556,364600,6685900,True,False,True
364143.5,6685990.5,9.380000114440918,4.289999961853027,5.090000152587891,0.4241666793823242,364100,6685900,False,False,False
364157.5,6685990.5,13.170000076293945,6.860000133514404,6.309999942779541,0.5258333285649618,364100,6685900,False,False,False
364165.5,6685990.5,15.069999694824219,6.28000020980835,8.78999948501587,0.7324999570846558,364100,6685900,False,False,False
364244.5,6685990.5,15.3100004196167,7.670000076293945,7.640000343322754,0.6366666952768961,364200,6685900,False,False,False
364264.5,6685990.5,21.959999084472656,20.600000381469727,1.3599987030029297,0.11333322525024414,364200,6685900,False,False,False
364193.5,6685989.5,16.610000610351562,7.380000114440918,9.230000495910645,0.7691667079925537,364100,6685900,False,False,False
364274.5,6685989.5,18.15999984741211,9.970000267028809,8.1899995803833,0.6824999650319418,364200,6685900,False,False,False
364441.5,6685989.5,28.15999984741211,25.579999923706055,2.5799999237060547,0.21499999364217123,364400,6685900,True,False,True
364603.5,6685989.5,29.100000381469727,25.739999771118164,3.3600006103515625,0.2800000508626302,364600,6685900,True,False,True
364619.5,6685989.5,29.450000762939453,26.290000915527344,3.1599998474121094,0.2633333206176758,364600,6685900,True,False,True
364672.5,6685989.5,17.020000457763672,12.0600004196167,4.960000038146973,0.41333333651224774,364600,6685900,True,False,True
364133.5,6685988.5,18.6299991607666,16.549999237060547,2.0799999237060547,0.17333332697550455,364100,6685900,False,False,False
364215.5,6685988.5,20.559999465942383,20.31999969482422,0.23999977111816406,0.019999980926513672,364200,6685900,False,False,False
364331.5,6685988.5,25.510000228881836,22.6200008392334,2.8899993896484375,0.24083328247070312,364300,6685900,False,False,False
364354.5,6685988.5,27.260000228881836,21.270000457763672,5.989999771118164,0.49916664759318036,364300,6685900,False,False,False
364463.5,6685988.5,18.110000610351562,19.729999542236328,-1.6199989318847656,-0.13499991099039713,364400,6685900,True,False,True
364044.5,6685987.5,21.520000457763672,20.389999389648438,1.1300010681152344,0.09416675567626953,364000,6685900,False,False,False
364063.5,6685987.5,19.989999771118164,17.489999771118164,2.5,0.20833333333333334,364000,6685900,False,False,False
364311.5,6685987.5,19.84000015258789,15.699999809265137,4.140000343322754,0.3450000286102295,364300,6685900,False,False,False
364018.5,6685986.5,26.09000015258789,25.049999237060547,1.0400009155273438,0.08666674296061198,364000,6685900,False,False,False
364052.5,6685986.5,20.290000915527344,15.359999656677246,4.930001258850098,0.4108334382375081,364000,6685900,False,False,False
364110.5,6685986.5,20.280000686645508,18.559999465942383,1.720001220703125,0.14333343505859375,364100,6685900,False,False,False
364207.5,6685986.5,13.199999809265137,3.0999999046325684,10.099999904632568,0.8416666587193807,364200,6685900,False,False,False
364222.5,6685986.5,22.700000762939453,21.829999923706055,0.8700008392333984,0.07250006993611653,364200,6685900,False,False,False
364299.5,6685986.5,17.469999313354492,11.869999885559082,5.59999942779541,0.46666661898295086,364200,6685900,False,False,False
364448.5,6685986.5,28.549999237060547,25.079999923706055,3.469999313354492,0.2891666094462077,364400,6685900,True,False,True
364544.5,6685986.5,26.59000015258789,22.3799991607666,4.210000991821289,0.3508334159851074,364500,6685900,True,False,True
364030.5,6685985.5,24.479999542236328,22.920000076293945,1.5599994659423828,0.12999995549519858,364000,6685900,False,False,False
364090.5,6685985.5,21.6200008392334,19.3799991607666,2.240001678466797,0.18666680653889975,364000,6685900,False,False,False
364124.5,6685985.5,20.299999237060547,18.399999618530273,1.8999996185302734,0.15833330154418945,364100,6685900,False,False,False
364250.5,6685985.5,19.309999465942383,17.8700008392334,1.4399986267089844,0.11999988555908203,364200,6685900,False,False,False
364319.5,6685985.5,18.6299991607666,15.6899995803833,2.939999580383301,0.24499996503194174,364300,6685900,False,False,False
364337.5,6685985.5,25.860000610351562,20.780000686645508,5.079999923706055,0.4233333269755046,364300,6685900,False,False,False
364472.5,6685985.5,22.15999984741211,19.530000686645508,2.6299991607666016,0.21916659673055014,364400,6685900,True,False,True
364480.5,6685985.5,18.170000076293945,16.75,1.4200000762939453,0.11833333969116211,364400,6685900,True,False,True
364715.5,6685985.5,25.299999237060547,24.829999923706055,0.4699993133544922,0.03916660944620768,364700,6685900,False,False,False
364081.5,6685984.5,19.700000762939453,18.459999084472656,1.2400016784667969,0.1033334732055664,364000,6685900,False,False,False
364119.5,6685984.5,21.670000076293945,18.5,3.1700000762939453,0.2641666730244954,364100,6685900,False,False,False
364133.5,6685984.5,17.75,15.949999809265137,1.8000001907348633,0.15000001589457193,364100,6685900,False,False,False
364155.5,6685984.5,14.770000457763672,14.180000305175781,0.5900001525878906,0.04916667938232422,364100,6685900,False,False,False
364164.5,6685984.5,14.34000015258789,7.980000019073486,6.360000133514404,0.5300000111262003,364100,6685900,False,False,False
364509.5,6685984.5,6.599999904632568,0.4000000059604645,6.199999898672104,0.5166666582226753,364500,6685900,True,False,True
364659.5,6685984.5,19.489999771118164,11.430000305175781,8.059999465942383,0.6716666221618652,364600,6685900,True,False,True
364706.5,6685984.5,22.610000610351562,13.890000343322754,8.720000267028809,0.7266666889190674,364700,6685900,False,False,False
364785.5,6685984.5,18.479999542236328,17.190000534057617,1.289999008178711,0.1074999173482259,364700,6685900,False,False,False
364069.5,6685983.5,19.520000457763672,18.610000610351562,0.9099998474121094,0.07583332061767578,364000,6685900,False,False,False
364096.5,6685983.5,19.25,17.969999313354492,1.2800006866455078,0.10666672388712566,364000,6685900,False,False,False
364359.5,6685983.5,26.829999923706055,21.579999923706055,5.25,0.4375,364300,6685900,False,False,False
364636.5,6685983.5,32.25,29.020000457763672,3.229999542236328,0.26916662851969403,364600,6685900,True,True,False
364690.5,6685982.5,27.81999969482422,25.81999969482422,2.0,0.16666666666666666,364600,6685900,True,False,True
364169.5,6685981.5,14.90999984741211,7.329999923706055,7.579999923706055,0.6316666603088379,364100,6685900,False,False,False
364368.5,6685981.5,25.059999465942383,18.969999313354492,6.090000152587891,0.5075000127156576,364300,6685900,False,False,False
364108.5,6685980.5,20.40999984741211,18.809999465942383,1.6000003814697266,0.1333333651224772,364100,6685900,False,False,False
364189.5,6685980.5,15.670000076293945,7.630000114440918,8.039999961853027,0.6699999968210856,364100,6685900,False,False,False
364195.5,6685980.5,15.819999694824219,5.679999828338623,10.139999866485596,0.8449999888737997,364100,6685900,False,False,False
364269.5,6685980.5,14.760000228881836,10.220000267028809,4.539999961853027,0.37833333015441895,364200,6685900,False,False,False
364296.5,6685980.5,17.360000610351562,10.930000305175781,6.430000305175781,0.5358333587646484,364200,6685900,False,False,False
364347.5,6685980.5,26.920000076293945,21.290000915527344,5.629999160766602,0.4691665967305501,364300,6685900,False,False,False
364084.5,6685979.5,19.1200008392334,17.459999084472656,1.6600017547607422,0.13833347956339517,364000,6685900,False,False,False
364161.5,6685979.5,15.539999961853027,14.460000038146973,1.0799999237060547,0.08999999364217122,364100,6685900,False,False,False
364260.5,6685979.5,14.640000343322754,8.449999809265137,6.190000534057617,0.5158333778381348,364200,6685900,False,False,False
364419.5,6685979.5,29.18000030517578,26.25,2.9300003051757812,0.24416669209798178,364400,6685900,True,False,True
364546.5,6685979.5,26.510000228881836,23.540000915527344,2.969999313354492,0.24749994277954102,364500,6685900,True,False,True
364558.5,6685979.5,21.100000381469727,20.989999771118164,0.1100006103515625,0.009166717529296875,364500,6685900,True,False,True
364669.5,6685979.5,23.420000076293945,22.170000076293945,1.25,0.10416666666666667,364600,6685900,True,False,True
364737.5,6685979.5,22.40999984741211,19.010000228881836,3.3999996185302734,0.28333330154418945,364700,6685900,False,False,False
364060.5,6685978.5,21.600000381469727,20.600000381469727,1.0,0.08333333333333333,364000,6685900,False,False,False
364230.5,6685978.5,19.139999389648438,18.860000610351562,0.279998779296875,0.023333231608072918,364200,6685900,False,False,False
364284.5,6685978.5,17.920000076293945,12.460000038146973,5.460000038146973,0.45500000317891437,364200,6685900,False,False,False
364307.5,6685978.5,18.610000610351562,13.390000343322754,5.220000267028809,0.4350000222524007,364300,6685900,False,False,False
364040.5,6685977.5,20.309999465942383,18.329999923706055,1.9799995422363281,0.16499996185302734,364000,6685900,False,False,False
364097.5,6685977.5,20.3799991607666,19.100000381469727,1.279998779296875,0.10666656494140625,364000,6685900,False,False,False
364177.5,6685977.5,21.389999389648438,19.06999969482422,2.3199996948242188,0.19333330790201822,364100,6685900,False,False,False
364218.5,6685977.5,21.559999465942383,21.290000915527344,0.26999855041503906,0.022499879201253254,364200,6685900,False,False,False
364251.5,6685977.5,15.770000457763672,9.819999694824219,5.950000762939453,0.4958333969116211,364200,6685900,False,False,False
364339.5,6685977.5,26.770000457763672,20.93000030517578,5.840000152587891,0.4866666793823242,364300,6685900,False,False,False
364509.5,6685977.5,6.920000076293945,9.0600004196167,-2.140000343322754,-0.17833336194356283,364500,6685900,True,False,True
364527.5,6685977.5,22.450000762939453,20.729999542236328,1.720001220703125,0.14333343505859375,364500,6685900,True,False,True
364614.5,6685977.5,31.389999389648438,27.829999923706055,3.559999465942383,0.29666662216186523,364600,6685900,True,False,True
364019.5,6685976.5,20.479999542236328,18.860000610351562,1.6199989318847656,0.13499991099039713,364000,6685900,False,False,False
364023.5,6685976.5,20.209999084472656,19.030000686645508,1.1799983978271484,0.09833319981892903,364000,6685900,False,False,False
364045.5,6685976.5,20.540000915527344,19.59000015258789,0.9500007629394531,0.07916673024495442,364000,6685900,False,False,False
364268.5,6685976.5,14.59000015258789,3.690000057220459,10.900000095367432,0.9083333412806193,364200,6685900,False,False,False
364300.5,6685976.5,17.110000610351562,8.5600004196167,8.550000190734863,0.7125000158945719,364300,6685900,False,False,False
364328.5,6685976.5,24.059999465942383,19.549999237060547,4.510000228881836,0.37583335240681964,364300,6685900,False,False,False
364360.5,6685976.5,27.200000762939453,18.280000686645508,8.920000076293945,0.7433333396911621,364300,6685900,False,False,False
364703.5,6685976.5,27.31999969482422,21.940000534057617,5.379999160766602,0.4483332633972168,364700,6685900,False,False,False
364784.5,6685976.5,15.789999961853027,15.8100004196167,-0.020000457763671875,-0.001666704813639323,364700,6685900,False,False,False
364076.5,6685975.5,20.280000686645508,19.15999984741211,1.1200008392333984,0.09333340326944987,364000,6685900,False,False,False
364092.5,6685975.5,17.959999084472656,17.139999389648438,0.8199996948242188,0.06833330790201823,364000,6685900,False,False,False
364119.5,6685975.5,20.799999237060547,19.299999237060547,1.5,0.125,364100,6685900,False,False,False
364245.5,6685975.5,14.979999542236328,8.079999923706055,6.899999618530273,0.5749999682108561,364200,6685900,False,False,False
364291.5,6685975.5,20.440000534057617,12.0600004196167,8.380000114440918,0.6983333428700765,364200,6685900,False,False,False
364382.5,6685975.5,30.899999618530273,28.579999923706055,2.3199996948242188,0.19333330790201822,364300,6685900,False,False,False
364397.5,6685975.5,32.70000076293945,29.329999923706055,3.3700008392333984,0.2808334032694499,364300,6685900,False,False,False
364410.5,6685975.5,30.389999389648438,27.43000030517578,2.9599990844726562,0.24666659037272134,364400,6685900,True,False,True
364435.5,6685975.5,28.829999923706055,26.520000457763672,2.309999465942383,0.19249995549519858,364400,6685900,True,False,True
364679.5,6685975.5,21.969999313354492,20.729999542236328,1.239999771118164,0.103333314259847,364600,6685900,True,False,True
364062.5,6685974.5,21.639999389648438,20.31999969482422,1.3199996948242188,0.10999997456868489,364000,6685900,False,False,False
364110.5,6685974.5,21.06999969482422,19.790000915527344,1.279998779296875,0.10666656494140625,364100,6685900,False,False,False
364657.5,6685974.5,28.43000030517578,25.200000762939453,3.229999542236328,0.26916662851969403,364600,6685900,True,False,True
364149.5,6685973.5,16.760000228881836,15.84000015258789,0.9200000762939453,0.07666667302449544,364100,6685900,False,False,False
364191.5,6685973.5,13.819999694824219,7.380000114440918,6.439999580383301,0.5366666316986084,364100,6685900,False,False,False
364044.5,6685972.5,19.959999084472656,17.959999084472656,2.0,0.16666666666666666,364000,6685900,False,False,False
364052.5,6685972.5,21.860000610351562,19.149999618530273,2.710000991821289,0.22583341598510742,364000,6685900,False,False,False
364170.5,6685972.5,15.020000457763672,9.119999885559082,5.90000057220459,0.4916667143503825,364100,6685900,False,False,False
364203.5,6685972.5,22.510000228881836,21.059999465942383,1.4500007629394531,0.1208333969116211,364200,6685900,False,False,False
364083.5,6685971.5,19.860000610351562,19.510000228881836,0.35000038146972656,0.029166698455810547,364000,6685900,False,False,False
364101.5,6685971.5,19.760000228881836,18.950000762939453,0.8099994659423828,0.06749995549519856,364100,6685900,False,False,False
364276.5,6685971.5,18.0,11.420000076293945,6.579999923706055,0.5483333269755045,364200,6685900,False,False,False
364321.5,6685971.5,23.190000534057617,17.190000534057617,6.0,0.5,364300,6685900,False,False,False
364518.5,6685971.5,6.320000171661377,3.5799999237060547,2.7400002479553223,0.22833335399627686,364500,6685900,True,False,True
364540.5,6685971.5,6.949999809265137,17.18000030517578,-10.230000495910645,-0.8525000413258871,364500,6685900,True,False,True
364638.5,6685971.5,34.869998931884766,32.470001220703125,2.3999977111816406,0.19999980926513672,364600,6685900,True,True,False
364747.5,6685971.5,25.309999465942383,23.639999389648438,1.6700000762939453,0.13916667302449545,364700,6685900,False,False,False
364021.5,6685970.5,19.200000762939453,17.8700008392334,1.3299999237060547,0.11083332697550456,364000,6685900,False,False,False
364030.5,6685970.5,20.09000015258789,19.0,1.0900001525878906,0.09083334604899089,364000,6685900,False,False,False
364092.5,6685970.5,18.280000686645508,16.8700008392334,1.4099998474121094,0.11749998728434245,364000,6685900,False,False,False
364125.5,6685970.5,20.8799991607666,18.010000228881836,2.8699989318847656,0.2391665776570638,364100,6685900,False,False,False
364256.5,6685970.5,14.729999542236328,5.190000057220459,9.53999948501587,0.7949999570846558,364200,6685900,False,False,False
364281.5,6685970.5,17.1200008392334,7.849999904632568,9.27000093460083,0.7725000778834025,364200,6685900,False,False,False
364291.5,6685970.5,22.229999542236328,15.15999984741211,7.069999694824219,0.5891666412353516,364200,6685900,False,False,False
364532.5,6685970.5,21.700000762939453,20.219999313354492,1.480001449584961,0.12333345413208008,364500,6685900,True,False,True
364570.5,6685970.5,28.649999618530273,24.950000762939453,3.6999988555908203,0.3083332379659017,364500,6685900,True,False,True
364235.5,6685969.5,19.110000610351562,12.859999656677246,6.250000953674316,0.520833412806193,364200,6685900,False,False,False
364250.5,6685969.5,14.210000038146973,0.0,14.210000038146973,1.184166669845581,364200,6685900,False,False,False
364270.5,6685969.5,16.719999313354492,9.300000190734863,7.419999122619629,0.6183332602183024,364200,6685900,False,False,False
364304.5,6685969.5,19.190000534057617,12.75,6.440000534057617,0.5366667111714681,364300,6685900,False,False,False
364365.5,6685969.5,26.399999618530273,19.489999771118164,6.909999847412109,0.5758333206176758,364300,6685900,False,False,False
364490.5,6685969.5,15.460000038146973,7.889999866485596,7.570000171661377,0.6308333476384481,364400,6685900,True,False,True
364663.5,6685969.5,27.56999969482422,23.559999465942383,4.010000228881836,0.334166685740153,364600,6685900,True,False,True
364035.5,6685968.5,20.479999542236328,18.649999618530273,1.8299999237060547,0.15249999364217123,364000,6685900,False,False,False
364076.5,6685968.5,19.260000228881836,18.5,0.7600002288818359,0.06333335240681966,364000,6685900,False,False,False
364107.5,6685968.5,20.020000457763672,17.84000015258789,2.1800003051757812,0.18166669209798178,364100,6685900,False,False,False
364457.5,6685968.5,28.350000381469727,25.93000030517578,2.4200000762939453,0.20166667302449545,364400,6685900,True,False,True
364523.5,6685968.5,7.75,7.760000228881836,-0.010000228881835938,-0.0008333524068196615,364500,6685900,True,False,True
364579.5,6685968.5,30.329999923706055,26.729999542236328,3.6000003814697266,0.30000003178914386,364500,6685900,True,True,False
364721.5,6685968.5,30.170000076293945,29.06999969482422,1.1000003814697266,0.09166669845581055,364700,6685900,False,False,False
364160.5,6685967.5,15.899999618530273,14.34000015258789,1.5599994659423828,0.12999995549519858,364100,6685900,False,False,False
364167.5,6685967.5,13.760000228881836,6.880000114440918,6.880000114440918,0.5733333428700765,364100,6685900,False,False,False
364185.5,6685967.5,21.700000762939453,19.709999084472656,1.9900016784667969,0.1658334732055664,364100,6685900,False,False,False
364241.5,6685967.5,14.479999542236328,10.520000457763672,3.9599990844726562,0.3299999237060547,364200,6685900,False,False,False
364435.5,6685967.5,27.450000762939453,23.5,3.950000762939453,0.3291667302449544,364400,6685900,True,False,True
364450.5,6685967.5,29.479999542236328,26.100000381469727,3.3799991607666016,0.2816665967305501,364400,6685900,True,False,True
364603.5,6685967.5,32.540000915527344,30.06999969482422,2.470001220703125,0.20583343505859375,364600,6685900,True,True,False
364653.5,6685967.5,28.43000030517578,26.90999984741211,1.5200004577636719,0.1266667048136393,364600,6685900,True,False,True
364003.5,6685966.5,17.450000762939453,17.15999984741211,0.29000091552734375,0.02416674296061198,364000,6685900,False,False,False
364115.5,6685966.5,19.610000610351562,18.1299991607666,1.480001449584961,0.12333345413208008,364100,6685900,False,False,False
364134.5,6685966.5,20.549999237060547,18.68000030517578,1.8699989318847656,0.15583324432373047,364100,6685900,False,False,False
364172.5,6685966.5,14.829999923706055,8.430000305175781,6.399999618530273,0.5333333015441895,364100,6685900,False,False,False
364209.5,6685966.5,23.770000457763672,22.719999313354492,1.0500011444091797,0.08750009536743164,364200,6685900,False,False,False
364298.5,6685966.5,21.540000915527344,16.420000076293945,5.120000839233398,0.4266667366027832,364200,6685900,False,False,False
364351.5,6685966.5,25.350000381469727,20.020000457763672,5.329999923706055,0.4441666603088379,364300,6685900,False,False,False
364470.5,6685966.5,28.010000228881836,24.040000915527344,3.969999313354492,0.33083327611287433,364400,6685900,True,False,True
364589.5,6685966.5,30.510000228881836,27.959999084472656,2.5500011444091797,0.21250009536743164,364500,6685900,True,True,False
364681.5,6685966.5,20.700000762939453,21.25,-0.5499992370605469,-0.04583326975504557,364600,6685900,True,False,True
364702.5,6685966.5,19.09000015258789,14.350000381469727,4.739999771118164,0.39499998092651367,364700,6685900,False,False,False
364121.5,6685965.5,19.719999313354492,18.719999313354492,1.0,0.08333333333333333,364100,6685900,False,False,False
364151.5,6685965.5,14.180000305175781,13.40999984741211,0.7700004577636719,0.06416670481363933,364100,6685900,False,False,False
364261.5,6685965.5,19.31999969482422,12.119999885559082,7.199999809265137,0.5999999841054281,364200,6685900,False,False,False
364480.5,6685965.5,22.549999237060547,20.260000228881836,2.289999008178711,0.19083325068155924,364400,6685900,True,False,True
364516.5,6685965.5,7.369999885559082,0.5899999737739563,6.779999911785126,0.5649999926487604,364500,6685900,True,False,True
364382.5,6685964.5,30.729999542236328,25.579999923706055,5.149999618530273,0.42916663487752277,364300,6685900,False,False,False
364736.5,6685964.5,29.010000228881836,28.420000076293945,0.5900001525878906,0.04916667938232422,364700,6685900,False,False,False
364328.5,6685963.5,24.06999969482422,19.329999923706055,4.739999771118164,0.39499998092651367,364300,6685900,False,False,False
364410.5,6685963.5,34.2400016784668,31.350000381469727,2.8900012969970703,0.24083344141642252,364400,6685900,True,True,False
364428.5,6685963.5,30.3799991607666,27.18000030517578,3.1999988555908203,0.26666657129923504,364400,6685900,True,False,True
364507.5,6685963.5,18.15999984741211,15.6899995803833,2.4700002670288086,0.20583335558573404,364500,6685900,True,False,True
364060.5,6685962.5,18.420000076293945,16.790000915527344,1.6299991607666016,0.1358332633972168,364000,6685900,False,False,False
364250.5,6685962.5,19.059999465942383,15.25,3.809999465942383,0.31749995549519855,364200,6685900,False,False,False
364540.5,6685962.5,21.940000534057617,19.389999389648438,2.5500011444091797,0.21250009536743164,364500,6685900,True,False,True
364640.5,6685962.5,32.61000061035156,30.59000015258789,2.020000457763672,0.168333371480306,364600,6685900,True,True,False
364072.5,6685961.5,19.68000030517578,16.610000610351562,3.0699996948242188,0.25583330790201825,364000,6685900,False,False,False
364098.5,6685961.5,19.690000534057617,18.270000457763672,1.4200000762939453,0.11833333969116211,364000,6685900,False,False,False
364105.5,6685961.5,20.770000457763672,16.579999923706055,4.190000534057617,0.3491667111714681,364100,6685900,False,False,False
364178.5,6685961.5,16.5,9.880000114440918,6.619999885559082,0.5516666571299235,364100,6685900,False,False,False
364283.5,6685961.5,19.06999969482422,10.680000305175781,8.389999389648438,0.6991666158040365,364200,6685900,False,False,False
364564.5,6685961.5,30.299999237060547,28.729999542236328,1.5699996948242188,0.13083330790201822,364500,6685900,True,True,False
364622.5,6685961.5,33.619998931884766,31.549999237060547,2.0699996948242188,0.1724999745686849,364600,6685900,True,True,False
364021.5,6685960.5,18.559999465942383,16.190000534057617,2.3699989318847656,0.19749991099039713,364000,6685900,False,False,False
364278.5,6685960.5,19.420000076293945,11.479999542236328,7.940000534057617,0.6616667111714681,364200,6685900,False,False,False
364531.5,6685960.5,19.729999542236328,15.279999732971191,4.449999809265137,0.3708333174387614,364500,6685900,True,False,True
364549.5,6685960.5,25.25,23.049999237060547,2.200000762939453,0.1833333969116211,364500,6685900,True,False,True
364749.5,6685960.5,30.950000762939453,26.850000381469727,4.100000381469727,0.34166669845581055,364700,6685900,False,False,False
364793.5,6685960.5,15.869999885559082,11.789999961853027,4.079999923706055,0.3399999936421712,364700,6685900,False,False,False
364048.5,6685959.5,19.600000381469727,18.139999389648438,1.460000991821289,0.12166674931844075,364000,6685900,False,False,False
364160.5,6685959.5,12.949999809265137,5.449999809265137,7.5,0.625,364100,6685900,False,False,False
364215.5,6685959.5,14.59000015258789,7.019999980926514,7.570000171661377,0.6308333476384481,364200,6685900,False,False,False
364317.5,6685959.5,15.3100004196167,13.729999542236328,1.580000877380371,0.1316667397816976,364300,6685900,False,False,False
364348.5,6685959.5,25.360000610351562,19.1299991607666,6.230001449584961,0.5191667874654134,364300,6685900,False,False,False
364715.5,6685959.5,27.6200008392334,23.309999465942383,4.310001373291016,0.35916678110758465,364700,6685900,False,False,False
364041.5,6685958.5,18.110000610351562,16.670000076293945,1.4400005340576172,0.12000004450480144,364000,6685900,False,False,False
364168.5,6685958.5,21.200000762939453,21.079999923706055,0.12000083923339844,0.010000069936116537,364100,6685900,False,False,False
364265.5,6685958.5,14.609999656677246,5.590000152587891,9.019999504089355,0.7516666253407797,364200,6685900,False,False,False
364335.5,6685958.5,20.479999542236328,15.970000267028809,4.5099992752075195,0.37583327293395996,364300,6685900,False,False,False
364491.5,6685958.5,10.069999694824219,19.420000076293945,-9.350000381469727,-0.7791666984558105,364400,6685900,True,False,True
364632.5,6685958.5,31.75,29.020000457763672,2.729999542236328,0.22749996185302734,364600,6685900,True,False,True
364681.5,6685958.5,19.350000381469727,23.309999465942383,-3.9599990844726562,-0.3299999237060547,364600,6685900,True,False,True
364090.5,6685957.5,18.360000610351562,17.3799991607666,0.9800014495849609,0.0816667874654134,364000,6685900,False,False,False
364604.5,6685957.5,26.170000076293945,29.0,-2.8299999237060547,-0.23583332697550455,364600,6685900,True,False,True
364030.5,6685956.5,18.559999465942383,17.530000686645508,1.029998779296875,0.08583323160807292,364000,6685900,False,False,False
364054.5,6685956.5,20.729999542236328,19.649999618530273,1.0799999237060547,0.08999999364217122,364000,6685900,False,False,False
364118.5,6685956.5,18.739999771118164,16.920000076293945,1.8199996948242188,0.15166664123535156,364100,6685900,False,False,False
364183.5,6685956.5,15.510000228881836,8.59000015258789,6.920000076293945,0.5766666730244955,364100,6685900,False,False,False
364221.5,6685956.5,19.079999923706055,11.84000015258789,7.239999771118164,0.603333314259847,364200,6685900,False,False,False
364307.5,6685956.5,16.780000686645508,13.420000076293945,3.3600006103515625,0.2800000508626302,364300,6685900,False,False,False
364324.5,6685956.5,22.209999084472656,16.010000228881836,6.19999885559082,0.516666571299235,364300,6685900,False,False,False
364371.5,6685956.5,28.920000076293945,23.079999923706055,5.840000152587891,0.4866666793823242,364300,6685900,False,False,False
364652.5,6685956.5,32.08000183105469,27.899999618530273,4.180002212524414,0.34833351771036786,364600,6685900,True,False,True
364694.5,6685956.5,27.59000015258789,23.190000534057617,4.399999618530273,0.36666663487752277,364600,6685900,True,False,True
364107.5,6685955.5,18.3700008392334,17.790000915527344,0.5799999237060547,0.048333326975504555,364100,6685900,False,False,False
364135.5,6685955.5,17.649999618530273,13.180000305175781,4.469999313354492,0.372499942779541,364100,6685900,False,False,False
364143.5,6685955.5,17.68000030517578,16.079999923706055,1.6000003814697266,0.1333333651224772,364100,6685900,False,False,False
364207.5,6685955.5,16.209999084472656,8.979999542236328,7.229999542236328,0.6024999618530273,364200,6685900,False,False,False
364256.5,6685955.5,19.600000381469727,13.899999618530273,5.700000762939453,0.4750000635782878,364200,6685900,False,False,False
364275.5,6685955.5,18.31999969482422,12.029999732971191,6.289999961853027,0.5241666634877523,364200,6685900,False,False,False
364421.5,6685955.5,33.439998626708984,30.780000686645508,2.6599979400634766,0.2216664950052897,364400,6685900,True,True,False
364724.5,6685955.5,27.290000915527344,21.690000534057617,5.600000381469727,0.46666669845581055,364700,6685900,False,False,False
364015.5,6685954.5,20.510000228881836,19.030000686645508,1.4799995422363281,0.12333329518636067,364000,6685900,False,False,False
364100.5,6685954.5,17.84000015258789,15.569999694824219,2.270000457763672,0.1891667048136393,364100,6685900,False,False,False
364234.5,6685954.5,17.020000457763672,12.779999732971191,4.2400007247924805,0.3533333937327067,364200,6685900,False,False,False
364394.5,6685954.5,31.59000015258789,28.010000228881836,3.5799999237060547,0.2983333269755046,364300,6685900,False,False,False
364435.5,6685954.5,30.510000228881836,28.459999084472656,2.0500011444091797,0.17083342870076498,364400,6685900,True,False,True
364492.5,6685954.5,9.319999694824219,13.220000267028809,-3.90000057220459,-0.3250000476837158,364400,6685900,True,False,True
364513.5,6685954.5,22.920000076293945,18.959999084472656,3.960000991821289,0.3300000826517741,364500,6685900,True,False,True
364798.5,6685954.5,16.059999465942383,13.529999732971191,2.5299997329711914,0.21083331108093262,364700,6685900,False,False,False
364113.5,6685953.5,18.209999084472656,16.06999969482422,2.1399993896484375,0.17833328247070312,364100,6685900,False,False,False
364125.5,6685953.5,18.790000915527344,17.81999969482422,0.970001220703125,0.08083343505859375,364100,6685900,False,False,False
364290.5,6685953.5,15.40999984741211,13.069999694824219,2.3400001525878906,0.19500001271565756,364200,6685900,False,False,False
364362.5,6685953.5,24.56999969482422,19.65999984741211,4.909999847412109,0.4091666539510091,364300,6685900,False,False,False
364555.5,6685953.5,28.15999984741211,26.59000015258789,1.5699996948242188,0.13083330790201822,364500,6685900,True,False,True
364000.5,6685952.5,19.90999984741211,18.270000457763672,1.6399993896484375,0.13666661580403647,364000,6685900,False,False,False
364193.5,6685952.5,15.289999961853027,7.650000095367432,7.639999866485596,0.6366666555404663,364100,6685900,False,False,False
364265.5,6685952.5,17.149999618530273,7.940000057220459,9.209999561309814,0.7674999634424845,364200,6685900,False,False,False
364296.5,6685952.5,17.649999618530273,13.390000343322754,4.2599992752075195,0.35499993960062665,364200,6685900,False,False,False
364447.5,6685952.5,30.010000228881836,30.5,-0.48999977111816406,-0.04083331425984701,364400,6685900,True,False,True
364475.5,6685952.5,24.770000457763672,21.3799991607666,3.3900012969970703,0.2825001080830892,364400,6685900,True,False,True
364503.5,6685952.5,23.549999237060547,20.350000381469727,3.1999988555908203,0.26666657129923504,364500,6685900,True,False,True
364336.5,6685951.5,21.829999923706055,16.440000534057617,5.3899993896484375,0.44916661580403644,364300,6685900,False,False,False
364583.5,6685951.5,32.47999954223633,30.829999923706055,1.6499996185302734,0.1374999682108561,364500,6685900,True,True,False
364645.5,6685951.5,30.8700008392334,29.1200008392334,1.75,0.14583333333333334,364600,6685900,True,False,True
364030.5,6685950.5,17.65999984741211,16.690000534057617,0.9699993133544922,0.08083327611287434,364000,6685900,False,False,False
364201.5,6685950.5,14.380000114440918,7.159999847412109,7.220000267028809,0.6016666889190674,364200,6685900,False,False,False
364254.5,6685950.5,18.940000534057617,12.449999809265137,6.4900007247924805,0.5408333937327067,364200,6685900,False,False,False
364312.5,6685950.5,16.959999084472656,14.300000190734863,2.659998893737793,0.22166657447814941,364300,6685900,False,False,False
364327.5,6685950.5,20.790000915527344,16.459999084472656,4.3300018310546875,0.36083348592122394,364300,6685900,False,False,False
364609.5,6685950.5,33.25,30.270000457763672,2.979999542236328,0.2483332951863607,364600,6685900,True,True,False
364735.5,6685950.5,28.790000915527344,25.860000610351562,2.9300003051757812,0.24416669209798178,364700,6685900,False,False,False
364064.5,6685949.5,18.010000228881836,14.550000190734863,3.4600000381469727,0.28833333651224774,364000,6685900,False,False,False
364089.5,6685949.5,18.270000457763672,17.239999771118164,1.0300006866455078,0.08583339055379231,364000,6685900,False,False,False
364154.5,6685949.5,18.690000534057617,17.139999389648438,1.5500011444091797,0.1291667620340983,364100,6685900,False,False,False
364215.5,6685949.5,19.860000610351562,12.8100004196167,7.050000190734863,0.5875000158945719,364200,6685900,False,False,False
364243.5,6685949.5,15.380000114440918,9.65999984741211,5.720000267028809,0.4766666889190674,364200,6685900,False,False,False
364404.5,6685949.5,30.350000381469727,29.639999389648438,0.7100009918212891,0.05916674931844076,364400,6685900,True,False,True
364524.5,6685949.5,9.6899995803833,2.940000057220459,6.749999523162842,0.5624999602635702,364500,6685900,True,False,True
364596.5,6685949.5,27.540000915527344,26.350000381469727,1.1900005340576172,0.0991667111714681,364500,6685900,True,False,True
364186.5,6685948.5,14.40999984741211,5.550000190734863,8.859999656677246,0.7383333047231039,364100,6685900,False,False,False
364286.5,6685948.5,15.420000076293945,6.889999866485596,8.53000020980835,0.7108333508173624,364200,6685900,False,False,False
364347.5,6685948.5,23.770000457763672,16.1200008392334,7.649999618530273,0.6374999682108561,364300,6685900,False,False,False
364411.5,6685948.5,29.110000610351562,22.459999084472656,6.650001525878906,0.5541667938232422,364400,6685900,True,False,True
364424.5,6685948.5,32.130001068115234,30.639999389648438,1.4900016784667969,0.12416680653889973,364400,6685900,True,False,True
364561.5,6685948.5,17.459999084472656,14.539999961853027,2.919999122619629,0.2433332602183024,364500,6685900,True,False,True
364700.5,6685948.5,29.010000228881836,27.040000915527344,1.9699993133544922,0.16416660944620767,364700,6685900,False,False,False
364714.5,6685948.5,16.90999984741211,4.239999771118164,12.670000076293945,1.055833339691162,364700,6685900,False,False,False
364017.5,6685947.5,17.479999542236328,16.149999618530273,1.3299999237060547,0.11083332697550456,364000,6685900,False,False,False
364128.5,6685947.5,17.81999969482422,14.149999618530273,3.6700000762939453,0.3058333396911621,364100,6685900,False,False,False
364142.5,6685947.5,19.75,19.280000686645508,0.4699993133544922,0.03916660944620768,364100,6685900,False,False,False
364220.5,6685947.5,20.739999771118164,13.449999809265137,7.289999961853027,0.6074999968210856,364200,6685900,False,False,False
364569.5,6685947.5,29.15999984741211,25.760000228881836,3.3999996185302734,0.28333330154418945,364500,6685900,True,False,True
364669.5,6685947.5,24.969999313354492,21.68000030517578,3.289999008178711,0.2741665840148926,364600,6685900,True,False,True
364433.5,6685946.5,31.100000381469727,28.75,2.3500003814697266,0.1958333651224772,364400,6685900,True,False,True
364533.5,6685946.5,8.180000305175781,21.8700008392334,-13.690000534057617,-1.1408333778381348,364500,6685900,True,False,True
364538.5,6685946.5,22.020000457763672,19.280000686645508,2.739999771118164,0.22833331425984701,364500,6685900,True,False,True
364040.5,6685945.5,18.200000762939453,16.93000030517578,1.2700004577636719,0.10583337148030598,364000,6685900,False,False,False
364168.5,6685945.5,17.899999618530273,17.040000915527344,0.8599987030029297,0.07166655858357747,364100,6685900,False,False,False
364265.5,6685945.5,20.639999389648438,14.710000038146973,5.929999351501465,0.49416661262512207,364200,6685900,False,False,False
364370.5,6685945.5,22.399999618530273,18.360000610351562,4.039999008178711,0.3366665840148926,364300,6685900,False,False,False
364759.5,6685945.5,29.149999618530273,28.049999237060547,1.1000003814697266,0.09166669845581055,364700,6685900,False,False,False
364785.5,6685945.5,11.489999771118164,8.109999656677246,3.380000114440918,0.28166667620340985,364700,6685900,False,False,False
364027.5,6685944.5,16.90999984741211,15.850000381469727,1.0599994659423828,0.0883332888285319,364000,6685900,False,False,False
364197.5,6685944.5,24.260000228881836,23.5,0.7600002288818359,0.06333335240681966,364100,6685900,False,False,False
364393.5,6685944.5,32.61000061035156,28.469999313354492,4.14000129699707,0.3450001080830892,364300,6685900,False,False,False
364463.5,6685944.5,9.6899995803833,18.690000534057617,-9.000000953674316,-0.7500000794728597,364400,6685900,True,False,True
364738.5,6685944.5,28.969999313354492,25.079999923706055,3.8899993896484375,0.32416661580403644,364700,6685900,False,False,False
364121.5,6685943.5,19.829999923706055,17.25,2.5799999237060547,0.21499999364217123,364100,6685900,False,False,False
364281.5,6685943.5,15.170000076293945,9.020000457763672,6.149999618530273,0.5124999682108561,364200,6685900,False,False,False
364288.5,6685943.5,13.850000381469727,8.069999694824219,5.780000686645508,0.48166672388712567,364200,6685900,False,False,False
364340.5,6685943.5,24.31999969482422,17.6200008392334,6.69999885559082,0.5583332379659017,364300,6685900,False,False,False
364441.5,6685943.5,33.849998474121094,31.729999542236328,2.1199989318847656,0.1766665776570638,364400,6685900,True,True,False
364469.5,6685943.5,9.09000015258789,27.139999389648438,-18.049999237060547,-1.504166603088379,364400,6685900,True,False,True
364012.5,6685942.5,17.3700008392334,15.640000343322754,1.7300004959106445,0.1441667079925537,364000,6685900,False,False,False
364493.5,6685942.5,19.75,25.190000534057617,-5.440000534057617,-0.45333337783813477,364400,6685900,True,False,True
364810.5,6685942.5,20.329999923706055,14.930000305175781,5.399999618530273,0.44999996821085614,364800,6685900,False,False,False
364070.5,6685941.5,16.950000762939453,14.930000305175781,2.020000457763672,0.168333371480306,364000,6685900,False,False,False
364086.5,6685941.5,17.270000457763672,14.420000076293945,2.8500003814697266,0.2375000317891439,364000,6685900,False,False,False
364109.5,6685941.5,16.860000610351562,15.979999542236328,0.8800010681152344,0.0733334223429362,364100,6685900,False,False,False
364211.5,6685941.5,20.020000457763672,13.069999694824219,6.950000762939453,0.5791667302449545,364200,6685900,False,False,False
364244.5,6685941.5,17.65999984741211,13.670000076293945,3.989999771118164,0.33249998092651367,364200,6685900,False,False,False
364292.5,6685941.5,13.760000228881836,8.960000038146973,4.800000190734863,0.40000001589457196,364200,6685900,False,False,False
364359.5,6685941.5,28.780000686645508,21.670000076293945,7.1100006103515625,0.5925000508626302,364300,6685900,False,False,False
364525.5,6685941.5,23.68000030517578,18.760000228881836,4.920000076293945,0.4100000063578288,364500,6685900,True,False,True
364035.5,6685940.5,17.34000015258789,16.040000915527344,1.2999992370605469,0.10833326975504558,364000,6685900,False,False,False
364061.5,6685940.5,15.319999694824219,12.789999961853027,2.5299997329711914,0.21083331108093262,364000,6685900,False,False,False
364331.5,6685940.5,18.610000610351562,13.859999656677246,4.750000953674316,0.39583341280619305,364300,6685900,False,False,False
364548.5,6685940.5,23.360000610351562,22.520000457763672,0.8400001525878906,0.07000001271565755,364500,6685900,True,False,True
364560.5,6685940.5,20.530000686645508,18.90999984741211,1.6200008392333984,0.13500006993611655,364500,6685900,True,False,True
364580.5,6685940.5,30.700000762939453,27.75,2.950000762939453,0.2458333969116211,364500,6685900,True,True,False
364133.5,6685939.5,17.010000228881836,15.489999771118164,1.5200004577636719,0.1266667048136393,364100,6685900,False,False,False
364157.5,6685939.5,15.819999694824219,9.1899995803833,6.630000114440918,0.5525000095367432,364100,6685900,False,False,False
364224.5,6685939.5,19.270000457763672,13.399999618530273,5.870000839233398,0.4891667366027832,364200,6685900,False,False,False
364486.5,6685939.5,5.460000038146973,25.989999771118164,-20.52999973297119,-1.7108333110809326,364400,6685900,True,False,True
364725.5,6685939.5,26.290000915527344,22.350000381469727,3.940000534057617,0.32833337783813477,364700,6685900,False,False,False
364000.5,6685938.5,17.40999984741211,14.90999984741211,2.5,0.20833333333333334,364000,6685900,False,False,False
364051.5,6685938.5,15.25,13.640000343322754,1.609999656677246,0.13416663805643717,364000,6685900,False,False,False
364167.5,6685938.5,18.360000610351562,17.420000076293945,0.9400005340576172,0.07833337783813477,364100,6685900,False,False,False
364315.5,6685938.5,13.8100004196167,10.8100004196167,3.0,0.25,364300,6685900,False,False,False
364320.5,6685938.5,16.15999984741211,12.5,3.6599998474121094,0.30499998728434247,364300,6685900,False,False,False
364518.5,6685938.5,24.56999969482422,22.43000030517578,2.1399993896484375,0.17833328247070312,364500,6685900,True,False,True
364604.5,6685938.5,33.02000045776367,29.950000762939453,3.0699996948242188,0.25583330790201825,364600,6685900,True,True,False
364771.5,6685938.5,28.770000457763672,28.200000762939453,0.5699996948242188,0.0474999745686849,364700,6685900,False,False,False
364264.5,6685937.5,18.739999771118164,11.970000267028809,6.7699995040893555,0.5641666253407797,364200,6685900,False,False,False
364280.5,6685937.5,11.699999809265137,5.900000095367432,5.799999713897705,0.4833333094914754,364200,6685900,False,False,False
364375.5,6685937.5,26.229999542236328,22.399999618530273,3.8299999237060547,0.3191666603088379,364300,6685900,False,False,False
364425.5,6685937.5,35.099998474121094,32.470001220703125,2.6299972534179688,0.21916643778483072,364400,6685900,True,True,False
364476.5,6685937.5,9.369999885559082,13.40999984741211,-4.039999961853027,-0.33666666348775226,364400,6685900,True,False,True
364816.5,6685937.5,21.59000015258789,18.59000015258789,3.0,0.25,364800,6685900,False,False,False
364101.5,6685936.5,17.940000534057617,16.860000610351562,1.0799999237060547,0.08999999364217122,364100,6685900,False,False,False
364239.5,6685936.5,16.850000381469727,11.210000038146973,5.640000343322754,0.4700000286102295,364200,6685900,False,False,False
364060.5,6685935.5,15.119999885559082,13.479999542236328,1.640000343322754,0.13666669527689615,364000,6685900,False,False,False
364071.5,6685935.5,15.4399995803833,13.609999656677246,1.8299999237060547,0.15249999364217123,364000,6685900,False,False,False
364094.5,6685935.5,16.520000457763672,13.470000267028809,3.0500001907348633,0.2541666825612386,364000,6685900,False,False,False
364117.5,6685935.5,18.899999618530273,16.600000381469727,2.299999237060547,0.1916666030883789,364100,6685900,False,False,False
364181.5,6685935.5,20.6200008392334,20.040000915527344,0.5799999237060547,0.048333326975504555,364100,6685900,False,False,False
364228.5,6685935.5,19.56999969482422,13.619999885559082,5.949999809265137,0.4958333174387614,364200,6685900,False,False,False
364363.5,6685935.5,27.18000030517578,19.510000228881836,7.670000076293945,0.6391666730244955,364300,6685900,False,False,False
364591.5,6685935.5,19.459999084472656,28.229999542236328,-8.770000457763672,-0.730833371480306,364500,6685900,True,False,True
364613.5,6685935.5,31.420000076293945,28.149999618530273,3.270000457763672,0.27250003814697266,364600,6685900,True,False,True
364717.5,6685935.5,25.950000762939453,25.09000015258789,0.8600006103515625,0.07166671752929688,364700,6685900,False,False,False
364795.5,6685935.5,20.600000381469727,18.18000030517578,2.4200000762939453,0.20166667302449545,364700,6685900,False,False,False
364086.5,6685934.5,16.889999389648438,12.609999656677246,4.279999732971191,0.35666664441426593,364000,6685900,False,False,False
364109.5,6685934.5,17.1200008392334,15.90999984741211,1.210000991821289,0.10083341598510742,364100,6685900,False,False,False
364414.5,6685934.5,31.68000030517578,29.649999618530273,2.030000686645508,0.16916672388712564,364400,6685900,True,False,True
364491.5,6685934.5,6.190000057220459,9.010000228881836,-2.820000171661377,-0.23500001430511475,364400,6685900,True,False,True
364078.5,6685933.5,17.280000686645508,14.800000190734863,2.4800004959106445,0.2066667079925537,364000,6685900,False,False,False
364138.5,6685933.5,18.59000015258789,17.950000762939453,0.6399993896484375,0.053333282470703125,364100,6685900,False,False,False
364194.5,6685933.5,20.950000762939453,19.610000610351562,1.3400001525878906,0.11166667938232422,364100,6685900,False,False,False
364202.5,6685933.5,22.6200008392334,22.209999084472656,0.4100017547607422,0.034166812896728516,364200,6685900,False,False,False
364537.5,6685933.5,16.68000030517578,13.020000457763672,3.6599998474121094,0.30499998728434247,364500,6685900,True,False,True
364687.5,6685933.5,29.469999313354492,26.56999969482422,2.8999996185302734,0.2416666348775228,364600,6685900,True,False,True
364747.5,6685933.5,29.309999465942383,25.049999237060547,4.260000228881836,0.35500001907348633,364700,6685900,False,False,False
364800.5,6685933.5,20.950000762939453,18.34000015258789,2.6100006103515625,0.21750005086263022,364800,6685900,False,False,False
364002.5,6685932.5,16.600000381469727,15.220000267028809,1.380000114440918,0.11500000953674316,364000,6685900,False,False,False
364151.5,6685932.5,22.399999618530273,20.950000762939453,1.4499988555908203,0.12083323796590169,364100,6685900,False,False,False
364302.5,6685932.5,14.479999542236328,10.539999961853027,3.939999580383301,0.3283332983652751,364300,6685900,False,False,False
364314.5,6685932.5,14.25,11.710000038146973,2.5399999618530273,0.2116666634877523,364300,6685900,False,False,False
364460.5,6685932.5,33.47999954223633,30.729999542236328,2.75,0.22916666666666666,364400,6685900,True,True,False
364485.5,6685932.5,10.229999542236328,23.25,-13.020000457763672,-1.0850000381469727,364400,6685900,True,False,True
364636.5,6685932.5,30.780000686645508,28.559999465942383,2.220001220703125,0.1850001017252604,364600,6685900,True,False,True
364759.5,6685932.5,31.75,26.219999313354492,5.530000686645508,0.4608333905537923,364700,6685900,False,False,False
364034.5,6685931.5,13.680000305175781,11.84000015258789,1.8400001525878906,0.15333334604899088,364000,6685900,False,False,False
364161.5,6685931.5,13.029999732971191,6.03000020980835,6.999999523162842,0.5833332935969034,364100,6685900,False,False,False
364348.5,6685931.5,18.6200008392334,0.0,18.6200008392334,1.5516667366027832,364300,6685900,False,False,False
364397.5,6685931.5,25.459999084472656,23.239999771118164,2.219999313354492,0.18499994277954102,364300,6685900,False,False,False
364828.5,6685931.5,23.59000015258789,21.389999389648438,2.200000762939453,0.1833333969116211,364800,6685900,False,False,False
364111.5,6685930.5,17.479999542236328,16.479999542236328,1.0,0.08333333333333333,364100,6685900,False,False,False
364246.5,6685930.5,20.15999984741211,14.25,5.909999847412109,0.49249998728434247,364200,6685900,False,False,False
364503.5,6685930.5,28.020000457763672,24.860000610351562,3.1599998474121094,0.2633333206176758,364500,6685900,True,False,True
364659.5,6685930.5,28.670000076293945,23.950000762939453,4.719999313354492,0.39333327611287433,364600,6685900,True,False,True
364834.5,6685930.5,22.25,21.18000030517578,1.0699996948242188,0.08916664123535156,364800,6685900,False,False,False
364224.5,6685929.5,20.610000610351562,14.34000015258789,6.270000457763672,0.5225000381469727,364200,6685900,False,False,False
364279.5,6685929.5,17.649999618530273,10.960000038146973,6.689999580383301,0.5574999650319418,364200,6685900,False,False,False
364298.5,6685929.5,14.25,10.0600004196167,4.189999580383301,0.3491666316986084,364200,6685900,False,False,False
364327.5,6685929.5,20.059999465942383,16.829999923706055,3.229999542236328,0.26916662851969403,364300,6685900,False,False,False
364430.5,6685929.5,32.91999816894531,30.780000686645508,2.1399974822998047,0.17833312352498373,364400,6685900,True,True,False
364478.5,6685929.5,8.670000076293945,21.84000015258789,-13.170000076293945,-1.0975000063578289,364400,6685900,True,False,True
364580.5,6685929.5,29.959999084472656,30.790000915527344,-0.8300018310546875,-0.0691668192545573,364500,6685900,True,False,True
364668.5,6685929.5,27.049999237060547,23.389999389648438,3.6599998474121094,0.30499998728434247,364600,6685900,True,False,True
364775.5,6685929.5,28.610000610351562,28.239999771118164,0.37000083923339844,0.03083340326944987,364700,6685900,False,False,False
364049.5,6685928.5,10.210000038146973,9.829999923706055,0.38000011444091797,0.03166667620340983,364000,6685900,False,False,False
364289.5,6685928.5,19.360000610351562,13.170000076293945,6.190000534057617,0.5158333778381348,364200,6685900,False,False,False
364308.5,6685928.5,12.569999694824219,4.110000133514404,8.459999561309814,0.7049999634424845,364300,6685900,False,False,False
364320.5,6685928.5,19.350000381469727,15.399999618530273,3.950000762939453,0.3291667302449544,364300,6685900,False,False,False
364526.5,6685928.5,29.290000915527344,26.389999389648438,2.9000015258789062,0.2416667938232422,364500,6685900,True,False,True
364783.5,6685928.5,25.3700008392334,23.670000076293945,1.7000007629394531,0.14166673024495444,364700,6685900,False,False,False
364852.5,6685928.5,19.920000076293945,13.630000114440918,6.289999961853027,0.5241666634877523,364800,6685900,False,False,False
364086.5,6685927.5,17.280000686645508,16.1200008392334,1.1599998474121094,0.09666665395100911,364000,6685900,False,False,False
364412.5,6685927.5,32.04999923706055,29.579999923706055,2.469999313354492,0.20583327611287436,364400,6685900,True,False,True
364802.5,6685927.5,21.719999313354492,20.579999923706055,1.1399993896484375,0.0949999491373698,364800,6685900,False,False,False
364078.5,6685926.5,16.68000030517578,13.430000305175781,3.25,0.2708333333333333,364000,6685900,False,False,False
364123.5,6685926.5,18.18000030517578,16.309999465942383,1.8700008392333984,0.15583340326944986,364100,6685900,False,False,False
364175.5,6685926.5,15.569999694824219,7.539999961853027,8.029999732971191,0.669166644414266,364100,6685900,False,False,False
364403.5,6685926.5,26.93000030517578,23.260000228881836,3.6700000762939453,0.3058333396911621,364400,6685900,True,False,True
364545.5,6685926.5,8.899999618530273,4.550000190734863,4.34999942779541,0.3624999523162842,364500,6685900,True,False,True
364728.5,6685926.5,27.81999969482422,27.34000015258789,0.4799995422363281,0.039999961853027344,364700,6685900,False,False,False
364098.5,6685925.5,18.229999542236328,16.3700008392334,1.8599987030029297,0.1549998919169108,364000,6685900,False,False,False
364229.5,6685925.5,21.450000762939453,15.399999618530273,6.05000114440918,0.5041667620340983,364200,6685900,False,False,False
364338.5,6685925.5,21.40999984741211,17.1200008392334,4.289999008178711,0.3574999173482259,364300,6685900,False,False,False
364439.5,6685925.5,30.229999542236328,28.540000915527344,1.6899986267089844,0.14083321889241537,364400,6685900,True,False,True
364494.5,6685925.5,28.06999969482422,24.850000381469727,3.219999313354492,0.26833327611287433,364400,6685900,True,False,True
364702.5,6685925.5,28.030000686645508,25.8700008392334,2.1599998474121094,0.17999998728434244,364700,6685900,False,False,False
364047.5,6685924.5,9.220000267028809,7.53000020980835,1.690000057220459,0.14083333810170492,364000,6685900,False,False,False
364741.5,6685924.5,30.59000015258789,29.239999771118164,1.3500003814697266,0.11250003178914388,364700,6685900,False,False,False
364748.5,6685924.5,29.829999923706055,23.40999984741211,6.420000076293945,0.5350000063578287,364700,6685900,False,False,False
364159.5,6685923.5,21.5,19.3700008392334,2.1299991607666016,0.17749993006388345,364100,6685900,False,False,False
364199.5,6685923.5,21.8799991607666,20.399999618530273,1.4799995422363281,0.12333329518636067,364100,6685900,False,False,False
364250.5,6685923.5,23.239999771118164,16.639999389648438,6.600000381469727,0.5500000317891439,364200,6685900,False,False,False
364377.5,6685923.5,20.709999084472656,15.890000343322754,4.819998741149902,0.4016665617624919,364300,6685900,False,False,False
364567.5,6685923.5,32.47999954223633,30.360000610351562,2.1199989318847656,0.1766665776570638,364500,6685900,True,True,False
364845.5,6685923.5,21.889999389648438,21.8799991607666,0.010000228881835938,0.0008333524068196615,364800,6685900,False,False,False
364117.5,6685922.5,17.719999313354492,16.5,1.2199993133544922,0.10166660944620769,364100,6685900,False,False,False
364237.5,6685922.5,22.93000030517578,16.520000457763672,6.409999847412109,0.5341666539510092,364200,6685900,False,False,False
364259.5,6685922.5,26.56999969482422,19.360000610351562,7.209999084472656,0.6008332570393881,364200,6685900,False,False,False
364361.5,6685922.5,20.760000228881836,16.600000381469727,4.159999847412109,0.3466666539510091,364300,6685900,False,False,False
364512.5,6685922.5,9.010000228881836,21.030000686645508,-12.020000457763672,-1.0016667048136394,364500,6685900,True,False,True
364762.5,6685922.5,28.989999771118164,23.6200008392334,5.369998931884766,0.44749991099039715,364700,6685900,False,False,False
364827.5,6685922.5,14.520000457763672,7.139999866485596,7.380000591278076,0.615000049273173,364800,6685900,False,False,False
364041.5,6685921.5,9.300000190734863,7.28000020980835,2.0199999809265137,0.16833333174387613,364000,6685900,False,False,False
364066.5,6685921.5,15.710000038146973,12.880000114440918,2.8299999237060547,0.23583332697550455,364000,6685900,False,False,False
364129.5,6685921.5,19.270000457763672,18.399999618530273,0.8700008392333984,0.07250006993611653,364100,6685900,False,False,False
364243.5,6685921.5,21.360000610351562,16.280000686645508,5.079999923706055,0.4233333269755046,364200,6685900,False,False,False
364268.5,6685921.5,22.3700008392334,15.319999694824219,7.05000114440918,0.5875000953674316,364200,6685900,False,False,False
364326.5,6685921.5,19.270000457763672,14.59000015258789,4.680000305175781,0.3900000254313151,364300,6685900,False,False,False
364388.5,6685921.5,27.670000076293945,24.40999984741211,3.260000228881836,0.271666685740153,364300,6685900,False,False,False
364483.5,6685921.5,28.450000762939453,28.59000015258789,-0.1399993896484375,-0.011666615804036459,364400,6685900,True,False,True
364632.5,6685921.5,24.420000076293945,22.329999923706055,2.0900001525878906,0.17416667938232422,364600,6685900,True,False,True
364731.5,6685921.5,28.020000457763672,27.84000015258789,0.18000030517578125,0.015000025431315104,364700,6685900,False,False,False
364818.5,6685921.5,20.280000686645508,18.440000534057617,1.8400001525878906,0.15333334604899088,364800,6685900,False,False,False
364075.5,6685920.5,13.930000305175781,10.850000381469727,3.0799999237060547,0.2566666603088379,364000,6685900,False,False,False
364134.5,6685920.5,18.829999923706055,13.6899995803833,5.140000343322754,0.4283333619435628,364100,6685900,False,False,False
364148.5,6685920.5,18.690000534057617,18.709999084472656,-0.019998550415039062,-0.0016665458679199219,364100,6685900,False,False,False
364318.5,6685920.5,18.079999923706055,11.229999542236328,6.850000381469727,0.5708333651224772,364300,6685900,False,False,False
364369.5,6685920.5,23.309999465942383,18.059999465942383,5.25,0.4375,364300,6685900,False,False,False
364500.5,6685920.5,6.960000038146973,3.4200000762939453,3.5399999618530273,0.29499999682108563,364500,6685900,True,False,True
364677.5,6685920.5,26.81999969482422,23.31999969482422,3.5,0.2916666666666667,364600,6685900,True,False,True
364800.5,6685920.5,27.010000228881836,26.860000610351562,0.14999961853027344,0.01249996821085612,364800,6685900,False,False,False
364098.5,6685919.5,16.610000610351562,14.350000381469727,2.260000228881836,0.18833335240681967,364000,6685900,False,False,False
364111.5,6685919.5,19.649999618530273,18.360000610351562,1.289999008178711,0.1074999173482259,364100,6685900,False,False,False
364178.5,6685919.5,17.639999389648438,9.4399995803833,8.199999809265137,0.6833333174387614,364100,6685900,False,False,False
364353.5,6685919.5,19.25,5.840000152587891,13.40999984741211,1.1174999872843425,364300,6685900,False,False,False
364506.5,6685919.5,27.530000686645508,31.81999969482422,-4.289999008178711,-0.3574999173482259,364500,6685900,True,False,True
364558.5,6685919.5,31.600000381469727,28.709999084472656,2.8900012969970703,0.24083344141642252,364500,6685900,True,True,False
364613.5,6685919.5,33.150001525878906,30.3799991607666,2.7700023651123047,0.2308335304260254,364600,6685900,True,True,False
364695.5,6685919.5,28.1299991607666,25.850000381469727,2.279998779296875,0.1899998982747396,364600,6685900,True,False,True
364769.5,6685919.5,28.899999618530273,25.40999984741211,3.489999771118164,0.290833314259847,364700,6685900,False,False,False
364000.5,6685918.5,10.609999656677246,10.399999618530273,0.21000003814697266,0.017500003178914387,364000,6685900,False,False,False
364171.5,6685918.5,19.6200008392334,17.600000381469727,2.020000457763672,0.168333371480306,364100,6685900,False,False,False
364281.5,6685918.5,17.450000762939453,13.4399995803833,4.010001182556152,0.3341667652130127,364200,6685900,False,False,False
364473.5,6685918.5,32.540000915527344,27.389999389648438,5.150001525878906,0.4291667938232422,364400,6685900,True,True,False
364534.5,6685918.5,30.149999618530273,28.06999969482422,2.0799999237060547,0.17333332697550455,364500,6685900,True,False,True
364286.5,6685917.5,17.790000915527344,10.779999732971191,7.010001182556152,0.5841667652130127,364200,6685900,False,False,False
364294.5,6685917.5,17.670000076293945,10.229999542236328,7.440000534057617,0.6200000445048014,364200,6685900,False,False,False
364300.5,6685917.5,16.5,10.930000305175781,5.569999694824219,0.46416664123535156,364300,6685900,False,False,False
364333.5,6685917.5,20.530000686645508,12.520000457763672,8.010000228881836,0.6675000190734863,364300,6685900,False,False,False
364404.5,6685917.5,22.329999923706055,17.299999237060547,5.030000686645508,0.41916672388712567,364400,6685900,True,False,True
364663.5,6685917.5,25.299999237060547,20.6200008392334,4.679998397827148,0.3899998664855957,364600,6685900,True,False,True
364051.5,6685916.5,11.489999771118164,10.619999885559082,0.869999885559082,0.07249999046325684,364000,6685900,False,False,False
364089.5,6685916.5,16.93000030517578,14.970000267028809,1.9600000381469727,0.1633333365122477,364000,6685900,False,False,False
364124.5,6685916.5,17.459999084472656,14.5,2.9599990844726562,0.24666659037272134,364100,6685900,False,False,False
364379.5,6685916.5,22.75,17.770000457763672,4.979999542236328,0.41499996185302734,364300,6685900,False,False,False
364575.5,6685916.5,33.599998474121094,30.75,2.8499984741210938,0.23749987284342447,364500,6685900,True,True,False
364641.5,6685916.5,29.780000686645508,27.25,2.530000686645508,0.21083339055379233,364600,6685900,True,False,True
364686.5,6685916.5,28.399999618530273,25.690000534057617,2.7099990844726562,0.22583325703938803,364600,6685900,True,False,True
364755.5,6685916.5,25.899999618530273,25.489999771118164,0.4099998474121094,0.03416665395100912,364700,6685900,False,False,False
364822.5,6685916.5,19.549999237060547,19.239999771118164,0.3099994659423828,0.025833288828531902,364800,6685900,False,False,False
364835.5,6685916.5,16.219999313354492,0.0,16.219999313354492,1.3516666094462078,364800,6685900,False,False,False
364864.5,6685916.5,19.459999084472656,16.8700008392334,2.589998245239258,0.21583318710327148,364800,6685900,False,False,False
364190.5,6685915.5,17.18000030517578,10.520000457763672,6.659999847412109,0.5549999872843424,364100,6685900,False,False,False
364221.5,6685915.5,21.6299991607666,14.859999656677246,6.7699995040893555,0.5641666253407797,364200,6685900,False,False,False
364655.5,6685915.5,25.399999618530273,21.010000228881836,4.3899993896484375,0.3658332824707031,364600,6685900,True,False,True
364871.5,6685915.5,19.170000076293945,17.030000686645508,2.1399993896484375,0.17833328247070312,364800,6685900,False,False,False
364081.5,6685914.5,16.40999984741211,14.369999885559082,2.0399999618530273,0.1699999968210856,364000,6685900,False,False,False
364095.5,6685914.5,15.739999771118164,11.550000190734863,4.189999580383301,0.3491666316986084,364000,6685900,False,False,False
364139.5,6685914.5,13.960000038146973,4.889999866485596,9.070000171661377,0.7558333476384481,364100,6685900,False,False,False
364240.5,6685914.5,20.469999313354492,14.260000228881836,6.209999084472656,0.5174999237060547,364200,6685900,False,False,False
364245.5,6685914.5,20.260000228881836,14.140000343322754,6.119999885559082,0.5099999904632568,364200,6685900,False,False,False
364368.5,6685914.5,21.280000686645508,17.639999389648438,3.6400012969970703,0.30333344141642254,364300,6685900,False,False,False
364593.5,6685914.5,35.22999954223633,31.860000610351562,3.3699989318847656,0.28083324432373047,364500,6685900,True,True,False
364601.5,6685914.5,31.5,28.489999771118164,3.010000228881836,0.25083335240681964,364600,6685900,True,False,True
364117.5,6685913.5,17.450000762939453,15.369999885559082,2.080000877380371,0.17333340644836426,364100,6685900,False,False,False
364209.5,6685913.5,21.280000686645508,16.889999389648438,4.39000129699707,0.36583344141642254,364200,6685900,False,False,False
364271.5,6685913.5,18.84000015258789,12.430000305175781,6.409999847412109,0.5341666539510092,364200,6685900,False,False,False
364326.5,6685913.5,21.479999542236328,13.020000457763672,8.459999084472656,0.7049999237060547,364300,6685900,False,False,False
364335.5,6685913.5,20.450000762939453,15.649999618530273,4.80000114440918,0.40000009536743164,364300,6685900,False,False,False
364343.5,6685913.5,20.84000015258789,14.039999961853027,6.800000190734863,0.5666666825612386,364300,6685900,False,False,False
364389.5,6685913.5,24.360000610351562,20.729999542236328,3.6300010681152344,0.30250008900960285,364300,6685900,False,False,False
364522.5,6685913.5,25.34000015258789,25.760000228881836,-0.4200000762939453,-0.035000006357828774,364500,6685900,True,False,True
364000.5,6685912.5,11.6899995803833,10.960000038146973,0.7299995422363281,0.06083329518636068,364000,6685900,False,False,False
364153.5,6685912.5,18.100000381469727,9.210000038146973,8.890000343322754,0.7408333619435629,364100,6685900,False,False,False
364257.5,6685912.5,21.309999465942383,15.100000381469727,6.209999084472656,0.5174999237060547,364200,6685900,False,False,False
364348.5,6685912.5,22.68000030517578,18.5,4.180000305175781,0.34833335876464844,364300,6685900,False,False,False
364398.5,6685912.5,23.469999313354492,21.06999969482422,2.3999996185302734,0.1999999682108561,364300,6685900,False,False,False
364417.5,6685912.5,26.899999618530273,23.399999618530273,3.5,0.2916666666666667,364400,6685900,True,False,True
364432.5,6685912.5,30.6299991607666,27.829999923706055,2.799999237060547,0.23333326975504556,364400,6685900,True,False,True
364443.5,6685912.5,34.08000183105469,31.520000457763672,2.5600013732910156,0.2133334477742513,364400,6685900,True,True,False
364719.5,6685912.5,27.989999771118164,25.219999313354492,2.770000457763672,0.230833371480306,364700,6685900,False,False,False
364775.5,6685912.5,26.209999084472656,23.399999618530273,2.809999465942383,0.23416662216186523,364700,6685900,False,False,False
364841.5,6685912.5,19.34000015258789,11.449999809265137,7.890000343322754,0.6575000286102295,364800,6685900,False,False,False
364217.5,6685911.5,21.579999923706055,17.219999313354492,4.3600006103515625,0.36333338419596356,364200,6685900,False,False,False
364319.5,6685911.5,19.700000762939453,11.449999809265137,8.250000953674316,0.6875000794728597,364300,6685900,False,False,False
364633.5,6685911.5,20.959999084472656,15.430000305175781,5.529998779296875,0.46083323160807294,364600,6685900,True,False,True
364133.5,6685910.5,16.940000534057617,13.039999961853027,3.90000057220459,0.3250000476837158,364100,6685900,False,False,False
364230.5,6685910.5,23.520000457763672,18.469999313354492,5.05000114440918,0.42083342870076496,364200,6685900,False,False,False
364240.5,6685910.5,20.770000457763672,15.050000190734863,5.720000267028809,0.4766666889190674,364200,6685900,False,False,False
364789.5,6685910.5,19.34000015258789,10.770000457763672,8.569999694824219,0.7141666412353516,364700,6685900,False,False,False
364047.5,6685909.5,12.470000267028809,11.0600004196167,1.4099998474121094,0.11749998728434245,364000,6685900,False,False,False
364067.5,6685909.5,15.380000114440918,13.989999771118164,1.390000343322754,0.11583336194356282,364000,6685900,False,False,False
364098.5,6685909.5,16.610000610351562,15.079999923706055,1.5300006866455078,0.12750005722045898,364000,6685900,False,False,False
364499.5,6685909.5,27.229999542236328,25.059999465942383,2.1700000762939453,0.1808333396911621,364400,6685900,True,False,True
364872.5,6685909.5,18.389999389648438,13.210000038146973,5.179999351501465,0.43166661262512207,364800,6685900,False,False,False
364055.5,6685908.5,13.460000038146973,12.020000457763672,1.4399995803833008,0.11999996503194173,364000,6685900,False,False,False
364164.5,6685908.5,17.75,16.190000534057617,1.5599994659423828,0.12999995549519858,364100,6685900,False,False,False
364827.5,6685908.5,15.4399995803833,12.770000457763672,2.669999122619629,0.22249992688496908,364800,6685900,False,False,False
364853.5,6685908.5,10.84000015258789,0.0,10.84000015258789,0.9033333460489908,364800,6685900,False,False,False
364879.5,6685908.5,15.8100004196167,0.0,15.8100004196167,1.3175000349680583,364800,6685900,False,False,False
364080.5,6685907.5,15.09000015258789,13.65999984741211,1.4300003051757812,0.11916669209798177,364000,6685900,False,False,False
364107.5,6685907.5,17.559999465942383,15.819999694824219,1.739999771118164,0.14499998092651367,364100,6685900,False,False,False
364121.5,6685907.5,17.489999771118164,15.649999618530273,1.8400001525878906,0.15333334604899088,364100,6685900,False,False,False
364185.5,6685907.5,17.239999771118164,8.699999809265137,8.539999961853027,0.7116666634877523,364100,6685900,False,False,False
364196.5,6685907.5,14.5,6.360000133514404,8.139999866485596,0.6783333222071329,364100,6685900,False,False,False
364251.5,6685907.5,21.950000762939453,17.520000457763672,4.430000305175781,0.36916669209798175,364200,6685900,False,False,False
364274.5,6685907.5,17.889999389648438,13.220000267028809,4.669999122619629,0.38916659355163574,364200,6685900,False,False,False
364358.5,6685907.5,26.0,18.290000915527344,7.709999084472656,0.6424999237060547,364300,6685900,False,False,False
364479.5,6685907.5,32.97999954223633,30.729999542236328,2.25,0.1875,364400,6685900,True,True,False
364552.5,6685907.5,29.93000030517578,27.549999237060547,2.3800010681152344,0.1983334223429362,364500,6685900,True,False,True
364641.5,6685907.5,25.670000076293945,24.860000610351562,0.8099994659423828,0.06749995549519856,364600,6685900,True,False,True
364798.5,6685907.5,16.979999542236328,11.949999809265137,5.029999732971191,0.41916664441426593,364700,6685900,False,False,False
364834.5,6685907.5,15.0600004196167,7.130000114440918,7.930000305175781,0.6608333587646484,364800,6685900,False,False,False
364302.5,6685906.5,18.520000457763672,13.0600004196167,5.460000038146973,0.45500000317891437,364300,6685900,False,False,False
364367.5,6685906.5,25.610000610351562,20.829999923706055,4.780000686645508,0.3983333905537923,364300,6685900,False,False,False
364648.5,6685906.5,26.270000457763672,21.479999542236328,4.790000915527344,0.399166742960612,364600,6685900,True,False,True
364748.5,6685906.5,26.420000076293945,24.790000915527344,1.6299991607666016,0.1358332633972168,364700,6685900,False,False,False
364148.5,6685905.5,21.829999923706055,19.299999237060547,2.530000686645508,0.21083339055379233,364100,6685900,False,False,False
364190.5,6685905.5,14.649999618530273,7.980000019073486,6.669999599456787,0.5558332999547323,364100,6685900,False,False,False
364229.5,6685905.5,21.56999969482422,17.43000030517578,4.1399993896484375,0.3449999491373698,364200,6685900,False,False,False
364535.5,6685905.5,23.559999465942383,29.25,-5.690000534057617,-0.4741667111714681,364500,6685900,True,False,True
364844.5,6685905.5,14.960000038146973,18.440000534057617,-3.4800004959106445,-0.290000041325887,364800,6685900,False,False,False
364090.5,6685904.5,16.09000015258789,14.579999923706055,1.510000228881836,0.12583335240681967,364000,6685900,False,False,False
364417.5,6685904.5,25.649999618530273,22.239999771118164,3.4099998474121094,0.2841666539510091,364400,6685900,True,False,True
364688.5,6685904.5,20.399999618530273,17.979999542236328,2.4200000762939453,0.20166667302449545,364600,6685900,True,False,True
364699.5,6685904.5,23.8799991607666,20.139999389648438,3.739999771118164,0.31166664759318036,364600,6685900,True,False,True
364761.5,6685904.5,22.75,21.639999389648438,1.1100006103515625,0.0925000508626302,364700,6685900,False,False,False
364813.5,6685904.5,23.09000015258789,18.389999389648438,4.700000762939453,0.3916667302449544,364800,6685900,False,False,False
364138.5,6685903.5,15.770000457763672,7.199999809265137,8.570000648498535,0.7141667207082113,364100,6685900,False,False,False
364461.5,6685903.5,32.849998474121094,29.299999237060547,3.549999237060547,0.2958332697550456,364400,6685900,True,True,False
364559.5,6685903.5,29.5,26.959999084472656,2.5400009155273438,0.21166674296061197,364500,6685900,True,False,True
364588.5,6685903.5,31.43000030517578,29.31999969482422,2.1100006103515625,0.17583338419596353,364500,6685900,True,True,False
364602.5,6685903.5,30.219999313354492,26.649999618530273,3.5699996948242188,0.2974999745686849,364600,6685900,True,False,True
364715.5,6685903.5,24.920000076293945,22.510000228881836,2.4099998474121094,0.20083332061767578,364700,6685900,False,False,False
364097.5,6685902.5,18.270000457763672,15.380000114440918,2.890000343322754,0.24083336194356283,364000,6685900,False,False,False
364171.5,6685902.5,17.469999313354492,16.90999984741211,0.5599994659423828,0.046666622161865234,364100,6685900,False,False,False
364309.5,6685902.5,18.5,14.3100004196167,4.189999580383301,0.3491666316986084,364300,6685900,False,False,False
364470.5,6685902.5,30.549999237060547,28.479999542236328,2.0699996948242188,0.1724999745686849,364400,6685900,True,False,True
364498.5,6685902.5,28.850000381469727,27.100000381469727,1.75,0.14583333333333334,364400,6685900,True,False,True
364064.5,6685901.5,14.0600004196167,12.149999618530273,1.9100008010864258,0.1591667334238688,364000,6685900,False,False,False
364114.5,6685901.5,17.6299991607666,16.459999084472656,1.1700000762939453,0.09750000635782878,364100,6685900,False,False,False
364300.5,6685901.5,19.100000381469727,13.899999618530273,5.200000762939453,0.4333333969116211,364300,6685900,False,False,False
364350.5,6685901.5,24.15999984741211,20.280000686645508,3.8799991607666016,0.3233332633972168,364300,6685900,False,False,False
364407.5,6685901.5,25.59000015258789,23.510000228881836,2.0799999237060547,0.17333332697550455,364400,6685900,True,False,True
364487.5,6685901.5,24.079999923706055,27.700000762939453,-3.6200008392333984,-0.3016667366027832,364400,6685900,True,False,True
364551.5,6685901.5,29.559999465942383,27.530000686645508,2.029998779296875,0.16916656494140625,364500,6685900,True,False,True
364612.5,6685901.5,29.209999084472656,26.950000762939453,2.259998321533203,0.18833319346110025,364600,6685900,True,False,True
364705.5,6685901.5,21.649999618530273,14.979999542236328,6.670000076293945,0.5558333396911621,364700,6685900,False,False,False
364781.5,6685901.5,19.940000534057617,12.520000457763672,7.420000076293945,0.6183333396911621,364700,6685900,False,False,False
364863.5,6685901.5,19.6299991607666,13.579999923706055,6.049999237060547,0.5041666030883789,364800,6685900,False,False,False
364049.5,6685900.5,11.489999771118164,9.260000228881836,2.229999542236328,0.1858332951863607,364000,6685900,False,False,False
364125.5,6685900.5,20.93000030517578,20.719999313354492,0.21000099182128906,0.01750008265177409,364100,6685900,False,False,False
364214.5,6685900.5,17.450000762939453,12.970000267028809,4.4800004959106445,0.3733333746592204,364200,6685900,False,False,False
364332.5,6685900.5,24.200000762939453,18.450000762939453,5.75,0.4791666666666667,364300,6685900,False,False,False
364432.5,6685900.5,29.780000686645508,24.65999984741211,5.120000839233398,0.4266667366027832,364400,6685900,True,False,True
364453.5,6685900.5,29.90999984741211,27.139999389648438,2.770000457763672,0.230833371480306,364400,6685900,True,False,True
364680.5,6685900.5,22.81999969482422,15.399999618530273,7.420000076293945,0.6183333396911621,364600,6685900,True,False,True
364731.5,6685900.5,26.030000686645508,23.389999389648438,2.6400012969970703,0.2200001080830892,364700,6685900,False,False,False
364775.5,6685900.5,23.670000076293945,22.979999542236328,0.6900005340576172,0.05750004450480143,364700,6685900,False,False,False
364833.5,6685900.5,14.970000267028809,14.859999656677246,0.1100006103515625,0.009166717529296875,364800,6685900,False,False,False
364880.5,6685900.5,20.030000686645508,15.729999542236328,4.30000114440918,0.35833342870076496,364800,6685900,False,False,False
364043.5,6685899.5,10.039999961853027,8.670000076293945,1.369999885559082,0.11416665712992351,364000,6685800,False,False,False
364200.5,6685899.5,21.950000762939453,19.969999313354492,1.980001449584961,0.16500012079874674,364200,6685800,False,False,False
364768.5,6685899.5,28.6200008392334,28.75,-0.12999916076660156,-0.010833263397216797,364700,6685800,False,False,False
364057.5,6685898.5,14.65999984741211,13.640000343322754,1.0199995040893555,0.08499995867411296,364000,6685800,False,False,False
364084.5,6685898.5,17.040000915527344,15.640000343322754,1.4000005722045898,0.11666671435038249,364000,6685800,False,False,False
364258.5,6685898.5,19.079999923706055,15.3100004196167,3.7699995040893555,0.3141666253407796,364200,6685800,False,False,False
364283.5,6685898.5,13.359999656677246,10.720000267028809,2.6399993896484375,0.21999994913736978,364200,6685800,False,False,False
364380.5,6685898.5,27.260000228881836,22.329999923706055,4.930000305175781,0.41083335876464844,364300,6685800,False,False,False
364530.5,6685898.5,30.219999313354492,28.100000381469727,2.1199989318847656,0.1766665776570638,364500,6685800,False,False,False
364840.5,6685898.5,15.569999694824219,17.84000015258789,-2.270000457763672,-0.1891667048136393,364800,6685800,False,False,False
364001.5,6685897.5,11.270000457763672,9.710000038146973,1.5600004196166992,0.13000003496805826,364000,6685800,False,False,False
364138.5,6685897.5,14.579999923706055,10.199999809265137,4.380000114440918,0.36500000953674316,364100,6685800,False,False,False
364180.5,6685897.5,13.979999542236328,6.860000133514404,7.119999408721924,0.5933332840601603,364100,6685800,False,False,False
364307.5,6685897.5,17.489999771118164,13.100000381469727,4.3899993896484375,0.3658332824707031,364300,6685800,False,False,False
364327.5,6685897.5,20.350000381469727,13.210000038146973,7.140000343322754,0.5950000286102295,364300,6685800,False,False,False
364393.5,6685897.5,30.450000762939453,27.920000076293945,2.530000686645508,0.21083339055379233,364300,6685800,False,False,False
364519.5,6685897.5,30.780000686645508,28.979999542236328,1.8000011444091797,0.15000009536743164,364500,6685800,False,False,False
364659.5,6685897.5,25.450000762939453,19.219999313354492,6.230001449584961,0.5191667874654134,364600,6685800,False,False,False
364108.5,6685896.5,16.579999923706055,15.390000343322754,1.1899995803833008,0.0991666316986084,364100,6685800,False,False,False
364250.5,6685896.5,18.530000686645508,14.720000267028809,3.810000419616699,0.3175000349680583,364200,6685800,False,False,False
364320.5,6685896.5,19.309999465942383,13.460000038146973,5.84999942779541,0.4874999523162842,364300,6685800,False,False,False
364874.5,6685896.5,17.6299991607666,11.970000267028809,5.659998893737793,0.4716665744781494,364800,6685800,False,False,False
364065.5,6685895.5,15.380000114440918,14.010000228881836,1.369999885559082,0.11416665712992351,364000,6685800,False,False,False
364231.5,6685895.5,20.209999084472656,12.59000015258789,7.619998931884766,0.6349999109903971,364200,6685800,False,False,False
364272.5,6685895.5,18.729999542236328,9.399999618530273,9.329999923706055,0.7774999936421713,364200,6685800,False,False,False
364478.5,6685895.5,24.850000381469727,22.420000076293945,2.4300003051757812,0.2025000254313151,364400,6685800,False,False,False
364511.5,6685895.5,29.350000381469727,28.299999237060547,1.0500011444091797,0.08750009536743164,364500,6685800,False,False,False
364568.5,6685895.5,30.75,28.6299991607666,2.1200008392333984,0.1766667366027832,364500,6685800,False,False,False
364602.5,6685895.5,28.510000228881836,25.75,2.760000228881836,0.23000001907348633,364600,6685800,False,False,False
364696.5,6685895.5,21.5,18.31999969482422,3.1800003051757812,0.2650000254313151,364600,6685800,False,False,False
364855.5,6685895.5,16.6200008392334,12.760000228881836,3.8600006103515625,0.3216667175292969,364800,6685800,False,False,False
364124.5,6685894.5,21.270000457763672,21.010000228881836,0.26000022888183594,0.021666685740152996,364100,6685800,False,False,False
364255.5,6685894.5,18.59000015258789,13.430000305175781,5.159999847412109,0.42999998728434247,364200,6685800,False,False,False
364488.5,6685894.5,27.510000228881836,24.889999389648438,2.6200008392333984,0.21833340326944986,364400,6685800,False,False,False
364560.5,6685894.5,31.399999618530273,28.59000015258789,2.809999465942383,0.23416662216186523,364500,6685800,False,False,False
364779.5,6685894.5,23.440000534057617,22.940000534057617,0.5,0.041666666666666664,364700,6685800,False,False,False
364056.5,6685893.5,14.59000015258789,13.930000305175781,0.6599998474121094,0.054999987284342446,364000,6685800,False,False,False
364073.5,6685893.5,18.739999771118164,15.670000076293945,3.0699996948242188,0.25583330790201825,364000,6685800,False,False,False
364219.5,6685893.5,17.860000610351562,12.739999771118164,5.120000839233398,0.4266667366027832,364200,6685800,False,False,False
364411.5,6685893.5,29.3700008392334,25.850000381469727,3.520000457763672,0.29333337148030597,364400,6685800,False,False,False
364808.5,6685893.5,29.579999923706055,28.959999084472656,0.6200008392333984,0.0516667366027832,364800,6685800,False,False,False
364238.5,6685892.5,20.68000030517578,14.630000114440918,6.050000190734863,0.5041666825612386,364200,6685800,False,False,False
364336.5,6685892.5,23.790000915527344,19.639999389648438,4.150001525878906,0.3458334604899089,364300,6685800,False,False,False
364347.5,6685892.5,26.200000762939453,22.06999969482422,4.130001068115234,0.34416675567626953,364300,6685800,False,False,False
364458.5,6685892.5,29.34000015258789,25.81999969482422,3.520000457763672,0.29333337148030597,364400,6685800,False,False,False
364673.5,6685892.5,24.600000381469727,17.940000534057617,6.659999847412109,0.5549999872843424,364600,6685800,False,False,False
364787.5,6685892.5,24.5,24.399999618530273,0.10000038146972656,0.008333365122477213,364700,6685800,False,False,False
364817.5,6685892.5,27.690000534057617,27.25,0.4400005340576172,0.0366667111714681,364800,6685800,False,False,False
364866.5,6685892.5,21.15999984741211,13.0,8.15999984741211,0.6799999872843424,364800,6685800,False,False,False
364144.5,6685891.5,16.469999313354492,10.15999984741211,6.309999465942383,0.5258332888285319,364100,6685800,False,False,False
364267.5,6685891.5,20.34000015258789,16.170000076293945,4.170000076293945,0.3475000063578288,364200,6685800,False,False,False
364440.5,6685891.5,29.110000610351562,25.729999542236328,3.3800010681152344,0.28166675567626953,364400,6685800,False,False,False
364589.5,6685891.5,26.729999542236328,21.139999389648438,5.590000152587891,0.4658333460489909,364500,6685800,False,False,False
364708.5,6685891.5,23.8799991607666,17.31999969482422,6.559999465942383,0.5466666221618652,364700,6685800,False,False,False
364746.5,6685891.5,21.530000686645508,20.309999465942383,1.220001220703125,0.10166676839192708,364700,6685800,False,False,False
364166.5,6685890.5,15.140000343322754,8.520000457763672,6.619999885559082,0.5516666571299235,364100,6685800,False,False,False
364544.5,6685890.5,29.489999771118164,27.209999084472656,2.280000686645508,0.19000005722045898,364500,6685800,False,False,False
364550.5,6685890.5,29.3799991607666,28.190000534057617,1.1899986267089844,0.0991665522257487,364500,6685800,False,False,False
364843.5,6685890.5,26.149999618530273,23.8700008392334,2.279998779296875,0.1899998982747396,364800,6685800,False,False,False
364068.5,6685889.5,18.719999313354492,18.030000686645508,0.6899986267089844,0.05749988555908203,364000,6685800,False,False,False
364083.5,6685889.5,19.670000076293945,17.1299991607666,2.5400009155273438,0.21166674296061197,364000,6685800,False,False,False
364138.5,6685889.5,19.1299991607666,18.100000381469727,1.029998779296875,0.08583323160807292,364100,6685800,False,False,False
364153.5,6685889.5,19.06999969482422,12.300000190734863,6.7699995040893555,0.5641666253407797,364100,6685800,False,False,False
364393.5,6685889.5,28.09000015258789,22.700000762939453,5.3899993896484375,0.44916661580403644,364300,6685800,False,False,False
364534.5,6685889.5,28.700000762939453,26.84000015258789,1.8600006103515625,0.15500005086263022,364500,6685800,False,False,False
364684.5,6685889.5,21.049999237060547,11.829999923706055,9.219999313354492,0.7683332761128744,364600,6685800,False,False,False
364172.5,6685888.5,13.539999961853027,5.800000190734863,7.739999771118164,0.6449999809265137,364100,6685800,False,False,False
364186.5,6685888.5,18.59000015258789,18.43000030517578,0.15999984741210938,0.013333320617675781,364100,6685800,False,False,False
364218.5,6685888.5,16.010000228881836,11.020000457763672,4.989999771118164,0.415833314259847,364200,6685800,False,False,False
364271.5,6685888.5,20.920000076293945,13.300000190734863,7.619999885559082,0.6349999904632568,364200,6685800,False,False,False
364319.5,6685888.5,19.540000915527344,13.289999961853027,6.250000953674316,0.520833412806193,364300,6685800,False,False,False
364692.5,6685888.5,19.450000762939453,11.869999885559082,7.580000877380371,0.6316667397816976,364600,6685800,False,False,False
364715.5,6685888.5,23.030000686645508,15.029999732971191,8.000000953674316,0.6666667461395264,364700,6685800,False,False,False
364723.5,6685888.5,24.489999771118164,17.06999969482422,7.420000076293945,0.6183333396911621,364700,6685800,False,False,False
364767.5,6685888.5,25.610000610351562,25.670000076293945,-0.05999946594238281,-0.004999955495198567,364700,6685800,False,False,False
364897.5,6685888.5,26.209999084472656,25.450000762939453,0.7599983215332031,0.06333319346110027,364800,6685800,False,False,False
364000.5,6685887.5,12.550000190734863,8.779999732971191,3.770000457763672,0.31416670481363934,364000,6685800,False,False,False
364041.5,6685887.5,15.170000076293945,13.970000267028809,1.1999998092651367,0.09999998410542806,364000,6685800,False,False,False
364192.5,6685887.5,14.050000190734863,4.75,9.300000190734863,0.7750000158945719,364100,6685800,False,False,False
364261.5,6685887.5,18.700000762939453,14.899999618530273,3.8000011444091797,0.3166667620340983,364200,6685800,False,False,False
364520.5,6685887.5,29.1200008392334,26.59000015258789,2.530000686645508,0.21083339055379233,364500,6685800,False,False,False
364582.5,6685887.5,27.09000015258789,22.760000228881836,4.329999923706055,0.3608333269755046,364500,6685800,False,False,False
364701.5,6685887.5,25.290000915527344,22.100000381469727,3.190000534057617,0.26583337783813477,364700,6685800,False,False,False
364294.5,6685886.5,17.209999084472656,11.5600004196167,5.649998664855957,0.47083322207132977,364200,6685800,False,False,False
364419.5,6685886.5,30.020000457763672,26.3799991607666,3.6400012969970703,0.30333344141642254,364400,6685800,False,False,False
364472.5,6685886.5,27.280000686645508,24.530000686645508,2.75,0.22916666666666666,364400,6685800,False,False,False
364633.5,6685886.5,14.859999656677246,8.210000038146973,6.649999618530273,0.5541666348775228,364600,6685800,False,False,False
364644.5,6685886.5,18.809999465942383,15.420000076293945,3.3899993896484375,0.2824999491373698,364600,6685800,False,False,False
364670.5,6685886.5,26.290000915527344,20.0,6.290000915527344,0.5241667429606119,364600,6685800,False,False,False
364252.5,6685885.5,20.639999389648438,15.229999542236328,5.409999847412109,0.4508333206176758,364200,6685800,False,False,False
364285.5,6685885.5,16.760000228881836,8.9399995803833,7.820000648498535,0.6516667207082113,364200,6685800,False,False,False
364311.5,6685885.5,16.200000762939453,10.670000076293945,5.530000686645508,0.4608333905537923,364300,6685800,False,False,False
364511.5,6685885.5,30.1200008392334,25.59000015258789,4.530000686645508,0.377500057220459,364500,6685800,False,False,False
364148.5,6685884.5,15.069999694824219,7.550000190734863,7.5199995040893555,0.6266666253407797,364100,6685800,False,False,False
364234.5,6685884.5,18.979999542236328,14.130000114440918,4.84999942779541,0.40416661898295086,364200,6685800,False,False,False
364266.5,6685884.5,19.520000457763672,14.279999732971191,5.2400007247924805,0.43666672706604004,364200,6685800,False,False,False
364363.5,6685884.5,13.779999732971191,11.239999771118164,2.5399999618530273,0.2116666634877523,364300,6685800,False,False,False
364454.5,6685884.5,29.190000534057617,23.889999389648438,5.30000114440918,0.4416667620340983,364400,6685800,False,False,False
364609.5,6685884.5,27.90999984741211,22.030000686645508,5.879999160766602,0.4899999300638835,364600,6685800,False,False,False
364814.5,6685884.5,15.670000076293945,8.640000343322754,7.029999732971191,0.5858333110809326,364800,6685800,False,False,False
364904.5,6685884.5,26.899999618530273,23.600000381469727,3.299999237060547,0.2749999364217122,364900,6685800,False,False,False
364202.5,6685883.5,15.710000038146973,15.550000190734863,0.15999984741210938,0.013333320617675781,364200,6685800,False,False,False
364431.5,6685883.5,29.020000457763672,24.920000076293945,4.100000381469727,0.34166669845581055,364400,6685800,False,False,False
364486.5,6685883.5,21.0,17.610000610351562,3.3899993896484375,0.2824999491373698,364400,6685800,False,False,False
364593.5,6685883.5,17.030000686645508,12.65999984741211,4.370000839233398,0.3641667366027832,364500,6685800,False,False,False
364826.5,6685883.5,26.549999237060547,25.3700008392334,1.1799983978271484,0.09833319981892903,364800,6685800,False,False,False
364867.5,6685883.5,20.760000228881836,5.159999847412109,15.600000381469727,1.3000000317891438,364800,6685800,False,False,False
364000.5,6685882.5,12.119999885559082,10.979999542236328,1.140000343322754,0.09500002861022949,364000,6685800,False,False,False
364163.5,6685882.5,16.950000762939453,8.510000228881836,8.440000534057617,0.7033333778381348,364100,6685800,False,False,False
364168.5,6685882.5,17.100000381469727,8.1899995803833,8.910000801086426,0.7425000667572021,364100,6685800,False,False,False
364305.5,6685882.5,17.079999923706055,13.680000305175781,3.3999996185302734,0.28333330154418945,364300,6685800,False,False,False
364412.5,6685882.5,27.65999984741211,25.239999771118164,2.4200000762939453,0.20166667302449545,364400,6685800,False,False,False
364492.5,6685882.5,20.93000030517578,19.31999969482422,1.6100006103515625,0.13416671752929688,364400,6685800,False,False,False
364720.5,6685882.5,23.729999542236328,20.06999969482422,3.6599998474121094,0.30499998728434247,364700,6685800,False,False,False
364746.5,6685882.5,18.729999542236328,16.8700008392334,1.8599987030029297,0.1549998919169108,364700,6685800,False,False,False
364051.5,6685881.5,15.90999984741211,15.050000190734863,0.8599996566772461,0.07166663805643718,364000,6685800,False,False,False
364078.5,6685881.5,20.530000686645508,19.299999237060547,1.230001449584961,0.10250012079874675,364000,6685800,False,False,False
364098.5,6685881.5,16.8700008392334,15.430000305175781,1.4400005340576172,0.12000004450480144,364000,6685800,False,False,False
364185.5,6685881.5,15.75,7.309999942779541,8.440000057220459,0.703333338101705,364100,6685800,False,False,False
364228.5,6685881.5,16.489999771118164,12.979999542236328,3.510000228881836,0.29250001907348633,364200,6685800,False,False,False
364753.5,6685881.5,21.459999084472656,21.530000686645508,-0.07000160217285156,-0.00583346684773763,364700,6685800,False,False,False
364784.5,6685881.5,24.969999313354492,24.15999984741211,0.8099994659423828,0.06749995549519856,364700,6685800,False,False,False
364856.5,6685881.5,18.389999389648438,16.6200008392334,1.769998550415039,0.14749987920125326,364800,6685800,False,False,False
364881.5,6685881.5,19.149999618530273,15.170000076293945,3.979999542236328,0.33166662851969403,364800,6685800,False,False,False
364060.5,6685880.5,18.1299991607666,17.1299991607666,1.0,0.08333333333333333,364000,6685800,False,False,False
364086.5,6685880.5,19.219999313354492,16.049999237060547,3.1700000762939453,0.2641666730244954,364000,6685800,False,False,False
364290.5,6685880.5,18.09000015258789,10.960000038146973,7.130000114440918,0.5941666762034098,364200,6685800,False,False,False
364317.5,6685880.5,19.18000030517578,11.970000267028809,7.210000038146973,0.6008333365122477,364300,6685800,False,False,False
364764.5,6685880.5,21.239999771118164,19.520000457763672,1.7199993133544922,0.14333327611287436,364700,6685800,False,False,False
364798.5,6685880.5,27.690000534057617,26.989999771118164,0.7000007629394531,0.058333396911621094,364700,6685800,False,False,False
364919.5,6685880.5,14.039999961853027,0.0,14.039999961853027,1.1699999968210857,364900,6685800,False,False,False
364137.5,6685879.5,16.8700008392334,8.100000381469727,8.770000457763672,0.730833371480306,364100,6685800,False,False,False
364327.5,6685879.5,13.550000190734863,12.9399995803833,0.6100006103515625,0.05083338419596354,364300,6685800,False,False,False
364515.5,6685879.5,30.049999237060547,27.309999465942383,2.739999771118164,0.22833331425984701,364500,6685800,False,False,False
364634.5,6685879.5,12.1899995803833,10.829999923706055,1.359999656677246,0.11333330472310384,364600,6685800,False,False,False
364653.5,6685879.5,17.31999969482422,13.279999732971191,4.039999961853027,0.33666666348775226,364600,6685800,False,False,False
364682.5,6685879.5,27.799999237060547,25.889999389648438,1.9099998474121094,0.15916665395100912,364600,6685800,False,False,False
364874.5,6685879.5,19.75,18.729999542236328,1.0200004577636719,0.08500003814697266,364800,6685800,False,False,False
364039.5,6685878.5,15.170000076293945,13.529999732971191,1.640000343322754,0.13666669527689615,364000,6685800,False,False,False
364111.5,6685878.5,19.299999237060547,16.709999084472656,2.5900001525878906,0.21583334604899088,364100,6685800,False,False,False
364259.5,6685878.5,22.079999923706055,14.09000015258789,7.989999771118164,0.665833314259847,364200,6685800,False,False,False
364264.5,6685878.5,19.940000534057617,13.079999923706055,6.8600006103515625,0.5716667175292969,364200,6685800,False,False,False
364359.5,6685878.5,18.049999237060547,1.909999966621399,16.139999270439148,1.3449999392032623,364300,6685800,False,False,False
364845.5,6685878.5,15.800000190734863,9.869999885559082,5.930000305175781,0.49416669209798175,364800,6685800,False,False,False
364927.5,6685878.5,21.65999984741211,21.729999542236328,-0.06999969482421875,-0.0058333079020182295,364900,6685800,False,False,False
364383.5,6685877.5,17.760000228881836,15.380000114440918,2.380000114440918,0.1983333428700765,364300,6685800,False,False,False
364698.5,6685877.5,22.520000457763672,18.56999969482422,3.950000762939453,0.3291667302449544,364600,6685800,False,False,False
364711.5,6685877.5,26.420000076293945,21.049999237060547,5.370000839233398,0.4475000699361165,364700,6685800,False,False,False
364194.5,6685876.5,13.319999694824219,7.050000190734863,6.2699995040893555,0.5224999586741129,364100,6685800,False,False,False
364244.5,6685876.5,19.350000381469727,14.539999961853027,4.810000419616699,0.4008333683013916,364200,6685800,False,False,False
364466.5,6685876.5,30.09000015258789,27.510000228881836,2.5799999237060547,0.21499999364217123,364400,6685800,False,False,False
364568.5,6685876.5,20.049999237060547,14.350000381469727,5.69999885559082,0.47499990463256836,364500,6685800,False,False,False
364598.5,6685876.5,24.56999969482422,18.84000015258789,5.729999542236328,0.47749996185302734,364500,6685800,False,False,False
364692.5,6685876.5,21.559999465942383,20.290000915527344,1.269998550415039,0.1058332125345866,364600,6685800,False,False,False
364817.5,6685876.5,12.40999984741211,2.609999895095825,9.799999952316284,0.8166666626930237,364800,6685800,False,False,False
364857.5,6685876.5,18.479999542236328,17.100000381469727,1.3799991607666016,0.11499993006388347,364800,6685800,False,False,False
364155.5,6685875.5,16.6299991607666,4.590000152587891,12.039999008178711,1.0033332506815593,364100,6685800,False,False,False
364216.5,6685875.5,19.309999465942383,18.40999984741211,0.8999996185302734,0.07499996821085612,364200,6685800,False,False,False
364274.5,6685875.5,18.860000610351562,9.199999809265137,9.660000801086426,0.8050000667572021,364200,6685800,False,False,False
364348.5,6685875.5,8.220000267028809,20.959999084472656,-12.739998817443848,-1.0616665681203206,364300,6685800,False,False,False
364503.5,6685875.5,26.079999923706055,24.579999923706055,1.5,0.125,364500,6685800,False,False,False
364543.5,6685875.5,21.8799991607666,15.649999618530273,6.229999542236328,0.519166628519694,364500,6685800,False,False,False
364591.5,6685875.5,22.229999542236328,16.229999542236328,6.0,0.5,364500,6685800,False,False,False
364661.5,6685875.5,16.18000030517578,11.970000267028809,4.210000038146973,0.35083333651224774,364600,6685800,False,False,False
364902.5,6685875.5,15.5600004196167,6.550000190734863,9.010000228881836,0.7508333524068197,364900,6685800,False,False,False
364941.5,6685875.5,19.34000015258789,18.18000030517578,1.1599998474121094,0.09666665395100911,364900,6685800,False,False,False
364063.5,6685874.5,17.700000762939453,15.489999771118164,2.210000991821289,0.18416674931844076,364000,6685800,False,False,False
364352.5,6685874.5,7.579999923706055,0.0,7.579999923706055,0.6316666603088379,364300,6685800,False,False,False
364641.5,6685874.5,15.40999984741211,6.869999885559082,8.539999961853027,0.7116666634877523,364600,6685800,False,False,False
364727.5,6685874.5,25.15999984741211,21.5,3.6599998474121094,0.30499998728434247,364700,6685800,False,False,False
364174.5,6685873.5,18.489999771118164,13.539999961853027,4.949999809265137,0.41249998410542804,364100,6685800,False,False,False
364206.5,6685873.5,11.710000038146973,5.710000038146973,6.0,0.5,364200,6685800,False,False,False
364737.5,6685873.5,20.6200008392334,17.65999984741211,2.960000991821289,0.24666674931844076,364700,6685800,False,False,False
364885.5,6685873.5,25.850000381469727,25.030000686645508,0.8199996948242188,0.06833330790201823,364800,6685800,False,False,False
364110.5,6685872.5,20.459999084472656,16.549999237060547,3.9099998474121094,0.3258333206176758,364100,6685800,False,False,False
364235.5,6685872.5,18.510000228881836,13.050000190734863,5.460000038146973,0.45500000317891437,364200,6685800,False,False,False
364255.5,6685872.5,19.829999923706055,14.979999542236328,4.850000381469727,0.40416669845581055,364200,6685800,False,False,False
364266.5,6685872.5,23.209999084472656,16.709999084472656,6.5,0.5416666666666666,364200,6685800,False,False,False
364281.5,6685872.5,21.719999313354492,15.90999984741211,5.809999465942383,0.48416662216186523,364200,6685800,False,False,False
364295.5,6685872.5,13.1899995803833,6.170000076293945,7.0199995040893555,0.5849999586741129,364200,6685800,False,False,False
364311.5,6685872.5,18.81999969482422,12.8100004196167,6.0099992752075195,0.50083327293396,364300,6685800,False,False,False
364396.5,6685872.5,22.229999542236328,19.959999084472656,2.270000457763672,0.1891667048136393,364300,6685800,False,False,False
364416.5,6685872.5,24.510000228881836,21.829999923706055,2.6800003051757812,0.22333335876464844,364400,6685800,False,False,False
364556.5,6685872.5,25.3799991607666,18.81999969482422,6.559999465942383,0.5466666221618652,364500,6685800,False,False,False
364721.5,6685872.5,26.229999542236328,23.309999465942383,2.9200000762939453,0.2433333396911621,364700,6685800,False,False,False
364819.5,6685872.5,12.649999618530273,0.0,12.649999618530273,1.0541666348775227,364800,6685800,False,False,False
364910.5,6685872.5,16.329999923706055,6.960000038146973,9.369999885559082,0.7808333237965902,364900,6685800,False,False,False
364951.5,6685872.5,17.780000686645508,11.90999984741211,5.870000839233398,0.4891667366027832,364900,6685800,False,False,False
364058.5,6685871.5,16.360000610351562,14.59000015258789,1.7700004577636719,0.14750003814697266,364000,6685800,False,False,False
364094.5,6685871.5,19.729999542236328,18.760000228881836,0.9699993133544922,0.08083327611287434,364000,6685800,False,False,False
364120.5,6685871.5,22.989999771118164,22.559999465942383,0.43000030517578125,0.03583335876464844,364100,6685800,False,False,False
364136.5,6685871.5,13.920000076293945,6.789999961853027,7.130000114440918,0.5941666762034098,364100,6685800,False,False,False
364302.5,6685871.5,9.550000190734863,4.25,5.300000190734863,0.4416666825612386,364300,6685800,False,False,False
364785.5,6685871.5,11.420000076293945,6.869999885559082,4.550000190734863,0.3791666825612386,364700,6685800,False,False,False
364894.5,6685871.5,24.709999084472656,22.389999389648438,2.3199996948242188,0.19333330790201822,364800,6685800,False,False,False
364074.5,6685870.5,22.670000076293945,21.610000610351562,1.0599994659423828,0.0883332888285319,364000,6685800,False,False,False
364274.5,6685870.5,21.600000381469727,16.100000381469727,5.5,0.4583333333333333,364200,6685800,False,False,False
364340.5,6685870.5,18.329999923706055,16.360000610351562,1.9699993133544922,0.16416660944620767,364300,6685800,False,False,False
364356.5,6685870.5,5.050000190734863,10.489999771118164,-5.439999580383301,-0.4533332983652751,364300,6685800,False,False,False
364480.5,6685870.5,27.030000686645508,25.420000076293945,1.6100006103515625,0.13416671752929688,364400,6685800,False,False,False
364498.5,6685870.5,26.309999465942383,24.350000381469727,1.9599990844726562,0.16333325703938803,364400,6685800,False,False,False
364764.5,6685870.5,16.93000030517578,13.479999542236328,3.450000762939453,0.2875000635782878,364700,6685800,False,False,False
364812.5,6685870.5,15.90999984741211,8.220000267028809,7.689999580383301,0.640833298365275,364800,6685800,False,False,False
364832.5,6685870.5,28.09000015258789,26.68000030517578,1.4099998474121094,0.11749998728434245,364800,6685800,False,False,False
364049.5,6685869.5,17.709999084472656,16.139999389648438,1.5699996948242188,0.13083330790201822,364000,6685800,False,False,False
364128.5,6685869.5,16.3799991607666,10.630000114440918,5.749999046325684,0.47916658719380695,364100,6685800,False,False,False
364162.5,6685869.5,16.3700008392334,11.239999771118164,5.130001068115234,0.42750008900960285,364100,6685800,False,False,False
364193.5,6685869.5,12.15999984741211,5.96999979019165,6.190000057220459,0.515833338101705,364100,6685800,False,False,False
364450.5,6685869.5,29.530000686645508,25.309999465942383,4.220001220703125,0.35166676839192706,364400,6685800,False,False,False
364465.5,6685869.5,31.209999084472656,27.229999542236328,3.979999542236328,0.33166662851969403,364400,6685800,False,False,False
364525.5,6685869.5,20.450000762939453,16.34000015258789,4.1100006103515625,0.3425000508626302,364500,6685800,False,False,False
364579.5,6685869.5,13.09000015258789,10.449999809265137,2.640000343322754,0.2200000286102295,364500,6685800,False,False,False
364702.5,6685869.5,24.690000534057617,20.010000228881836,4.680000305175781,0.3900000254313151,364700,6685800,False,False,False
364925.5,6685869.5,18.959999084472656,9.350000381469727,9.60999870300293,0.8008332252502441,364900,6685800,False,False,False
364066.5,6685868.5,18.860000610351562,16.959999084472656,1.9000015258789062,0.15833346048990884,364000,6685800,False,False,False
364151.5,6685868.5,16.8700008392334,8.529999732971191,8.340001106262207,0.6950000921885172,364100,6685800,False,False,False
364320.5,6685868.5,22.0,17.0,5.0,0.4166666666666667,364300,6685800,False,False,False
364441.5,6685868.5,30.0,27.719999313354492,2.280000686645508,0.19000005722045898,364400,6685800,False,False,False
364536.5,6685868.5,22.479999542236328,16.190000534057617,6.289999008178711,0.5241665840148926,364500,6685800,False,False,False
364621.5,6685868.5,25.68000030517578,18.68000030517578,7.0,0.5833333333333334,364600,6685800,False,False,False
364755.5,6685868.5,17.969999313354492,14.59000015258789,3.3799991607666016,0.2816665967305501,364700,6685800,False,False,False
364824.5,6685868.5,7.059999942779541,0.23999999463558197,6.819999948143959,0.5683333290119966,364800,6685800,False,False,False
364102.5,6685867.5,20.719999313354492,16.700000762939453,4.019998550415039,0.33499987920125324,364100,6685800,False,False,False
364114.5,6685867.5,20.280000686645508,15.550000190734863,4.7300004959106445,0.3941667079925537,364100,6685800,False,False,False
364179.5,6685867.5,14.579999923706055,7.440000057220459,7.139999866485596,0.5949999888737997,364100,6685800,False,False,False
364200.5,6685867.5,14.1899995803833,7.079999923706055,7.109999656677246,0.5924999713897705,364200,6685800,False,False,False
364431.5,6685867.5,27.5,22.469999313354492,5.030000686645508,0.41916672388712567,364400,6685800,False,False,False
364518.5,6685867.5,18.190000534057617,12.75,5.440000534057617,0.45333337783813477,364500,6685800,False,False,False
364550.5,6685867.5,23.940000534057617,17.780000686645508,6.159999847412109,0.5133333206176758,364500,6685800,False,False,False
364787.5,6685867.5,11.210000038146973,0.0,11.210000038146973,0.934166669845581,364700,6685800,False,False,False
364934.5,6685867.5,19.889999389648438,17.809999465942383,2.0799999237060547,0.17333332697550455,364900,6685800,False,False,False
364004.5,6685866.5,16.420000076293945,15.029999732971191,1.390000343322754,0.11583336194356282,364000,6685800,False,False,False
364490.5,6685866.5,26.399999618530273,24.860000610351562,1.539999008178711,0.12833325068155924,364400,6685800,False,False,False
364646.5,6685866.5,17.219999313354492,12.680000305175781,4.539999008178711,0.37833325068155926,364600,6685800,False,False,False
364743.5,6685866.5,18.25,14.270000457763672,3.979999542236328,0.33166662851969403,364700,6685800,False,False,False
364795.5,6685866.5,13.479999542236328,8.430000305175781,5.049999237060547,0.4208332697550456,364700,6685800,False,False,False
364807.5,6685866.5,14.84000015258789,9.90999984741211,4.930000305175781,0.41083335876464844,364800,6685800,False,False,False
364901.5,6685866.5,21.43000030517578,15.770000457763672,5.659999847412109,0.4716666539510091,364900,6685800,False,False,False
364205.5,6685865.5,14.170000076293945,6.46999979019165,7.700000286102295,0.6416666905085245,364200,6685800,False,False,False
364248.5,6685865.5,20.280000686645508,13.319999694824219,6.960000991821289,0.580000082651774,364200,6685800,False,False,False
364661.5,6685865.5,20.81999969482422,18.940000534057617,1.8799991607666016,0.15666659673055014,364600,6685800,False,False,False
364843.5,6685865.5,18.81999969482422,11.75,7.069999694824219,0.5891666412353516,364800,6685800,False,False,False
364856.5,6685865.5,18.559999465942383,12.479999542236328,6.079999923706055,0.5066666603088379,364800,6685800,False,False,False
364130.5,6685864.5,17.760000228881836,11.34000015258789,6.420000076293945,0.5350000063578287,364100,6685800,False,False,False
364219.5,6685864.5,13.34000015258789,4.610000133514404,8.730000019073486,0.7275000015894572,364200,6685800,False,False,False
364282.5,6685864.5,17.399999618530273,10.819999694824219,6.579999923706055,0.5483333269755045,364200,6685800,False,False,False
364339.5,6685864.5,18.969999313354492,17.5,1.4699993133544922,0.12249994277954102,364300,6685800,False,False,False
364509.5,6685864.5,22.809999465942383,18.979999542236328,3.8299999237060547,0.3191666603088379,364500,6685800,False,False,False
364542.5,6685864.5,22.030000686645508,16.84000015258789,5.190000534057617,0.43250004450480145,364500,6685800,False,False,False
364598.5,6685864.5,23.81999969482422,17.780000686645508,6.039999008178711,0.5033332506815592,364500,6685800,False,False,False
364668.5,6685864.5,24.329999923706055,22.190000534057617,2.1399993896484375,0.17833328247070312,364600,6685800,False,False,False
364680.5,6685864.5,27.719999313354492,25.040000915527344,2.6799983978271484,0.22333319981892905,364600,6685800,False,False,False
364694.5,6685864.5,28.15999984741211,21.829999923706055,6.329999923706055,0.5274999936421713,364600,6685800,False,False,False
364860.5,6685864.5,19.18000030517578,11.0600004196167,8.119999885559082,0.6766666571299235,364800,6685800,False,False,False
364093.5,6685863.5,24.209999084472656,22.8799991607666,1.3299999237060547,0.11083332697550456,364000,6685800,False,False,False
364151.5,6685863.5,16.850000381469727,7.909999847412109,8.940000534057617,0.7450000445048014,364100,6685800,False,False,False
364236.5,6685863.5,17.0,11.819999694824219,5.180000305175781,0.43166669209798175,364200,6685800,False,False,False
364276.5,6685863.5,17.040000915527344,11.850000381469727,5.190000534057617,0.43250004450480145,364200,6685800,False,False,False
364420.5,6685863.5,28.420000076293945,23.31999969482422,5.100000381469727,0.42500003178914386,364400,6685800,False,False,False
364763.5,6685863.5,18.440000534057617,16.559999465942383,1.8800010681152344,0.15666675567626953,364700,6685800,False,False,False
364950.5,6685863.5,22.940000534057617,20.68000030517578,2.260000228881836,0.18833335240681967,364900,6685800,False,False,False
364979.5,6685863.5,13.100000381469727,10.899999618530273,2.200000762939453,0.1833333969116211,364900,6685800,False,False,False
364050.5,6685862.5,18.1299991607666,16.350000381469727,1.779998779296875,0.1483332316080729,364000,6685800,False,False,False
364060.5,6685862.5,16.90999984741211,13.979999542236328,2.9300003051757812,0.24416669209798178,364000,6685800,False,False,False
364082.5,6685862.5,22.1200008392334,20.059999465942383,2.0600013732910156,0.17166678110758463,364000,6685800,False,False,False
364191.5,6685862.5,19.030000686645508,18.170000076293945,0.8600006103515625,0.07166671752929688,364100,6685800,False,False,False
364607.5,6685862.5,23.40999984741211,16.239999771118164,7.170000076293945,0.5975000063578287,364600,6685800,False,False,False
364705.5,6685862.5,22.079999923706055,17.389999389648438,4.690000534057617,0.39083337783813477,364700,6685800,False,False,False
364869.5,6685862.5,25.549999237060547,24.18000030517578,1.3699989318847656,0.1141665776570638,364800,6685800,False,False,False
364000.5,6685861.5,16.56999969482422,14.989999771118164,1.5799999237060547,0.1316666603088379,364000,6685800,False,False,False
364025.5,6685861.5,14.460000038146973,12.680000305175781,1.7799997329711914,0.14833331108093262,364000,6685800,False,False,False
364100.5,6685861.5,24.040000915527344,21.969999313354492,2.0700016021728516,0.1725001335144043,364100,6685800,False,False,False
364162.5,6685861.5,15.600000381469727,9.640000343322754,5.960000038146973,0.49666666984558105,364100,6685800,False,False,False
364168.5,6685861.5,18.229999542236328,9.010000228881836,9.219999313354492,0.7683332761128744,364100,6685800,False,False,False
364211.5,6685861.5,21.010000228881836,20.34000015258789,0.6700000762939453,0.05583333969116211,364200,6685800,False,False,False
364256.5,6685861.5,20.729999542236328,17.079999923706055,3.6499996185302734,0.30416663487752277,364200,6685800,False,False,False
364304.5,6685861.5,18.559999465942383,13.779999732971191,4.779999732971191,0.3983333110809326,364300,6685800,False,False,False
364551.5,6685861.5,23.790000915527344,18.709999084472656,5.0800018310546875,0.42333348592122394,364500,6685800,False,False,False
364578.5,6685861.5,20.760000228881836,16.030000686645508,4.729999542236328,0.39416662851969403,364500,6685800,False,False,False
364687.5,6685861.5,29.110000610351562,23.260000228881836,5.850000381469727,0.48750003178914386,364600,6685800,False,False,False
364804.5,6685861.5,15.510000228881836,12.0,3.510000228881836,0.29250001907348633,364800,6685800,False,False,False
364887.5,6685861.5,22.510000228881836,21.469999313354492,1.0400009155273438,0.08666674296061198,364800,6685800,False,False,False
364916.5,6685861.5,24.8799991607666,23.84000015258789,1.039999008178711,0.08666658401489258,364900,6685800,False,False,False
364971.5,6685861.5,18.09000015258789,16.280000686645508,1.8099994659423828,0.1508332888285319,364900,6685800,False,False,False
364073.5,6685860.5,21.020000457763672,20.469999313354492,0.5500011444091797,0.045833428700764976,364000,6685800,False,False,False
364265.5,6685860.5,17.950000762939453,11.289999961853027,6.660000801086426,0.5550000667572021,364200,6685800,False,False,False
364317.5,6685860.5,20.81999969482422,17.049999237060547,3.770000457763672,0.31416670481363934,364300,6685800,False,False,False
364462.5,6685860.5,32.369998931884766,26.8799991607666,5.489999771118164,0.45749998092651367,364400,6685800,False,False,False
364658.5,6685860.5,19.459999084472656,14.720000267028809,4.739998817443848,0.394999901453654,364600,6685800,False,False,False
364825.5,6685860.5,26.549999237060547,25.579999923706055,0.9699993133544922,0.08083327611287434,364800,6685800,False,False,False
364040.5,6685859.5,17.420000076293945,15.6899995803833,1.7300004959106445,0.1441667079925537,364000,6685800,False,False,False
364112.5,6685859.5,18.469999313354492,13.819999694824219,4.649999618530273,0.38749996821085614,364100,6685800,False,False,False
364398.5,6685859.5,26.549999237060547,24.950000762939453,1.5999984741210938,0.1333332061767578,364300,6685800,False,False,False
364622.5,6685859.5,26.139999389648438,22.170000076293945,3.969999313354492,0.33083327611287433,364600,6685800,False,False,False
364648.5,6685859.5,17.760000228881836,11.9399995803833,5.820000648498535,0.4850000540415446,364600,6685800,False,False,False
364958.5,6685859.5,22.8799991607666,22.149999618530273,0.7299995422363281,0.06083329518636068,364900,6685800,False,False,False
364141.5,6685858.5,17.290000915527344,12.289999961853027,5.000000953674316,0.41666674613952637,364100,6685800,False,False,False
364156.5,6685858.5,17.65999984741211,7.329999923706055,10.329999923706055,0.8608333269755045,364100,6685800,False,False,False
364246.5,6685858.5,21.399999618530273,17.15999984741211,4.239999771118164,0.353333314259847,364200,6685800,False,False,False
364407.5,6685858.5,27.739999771118164,24.770000457763672,2.969999313354492,0.24749994277954102,364400,6685800,False,False,False
364429.5,6685858.5,28.600000381469727,25.399999618530273,3.200000762939453,0.2666667302449544,364400,6685800,False,False,False
364570.5,6685858.5,23.850000381469727,19.049999237060547,4.80000114440918,0.40000009536743164,364500,6685800,False,False,False
364924.5,6685858.5,23.18000030517578,22.25,0.9300003051757812,0.07750002543131511,364900,6685800,False,False,False
364941.5,6685858.5,21.010000228881836,18.75,2.260000228881836,0.18833335240681967,364900,6685800,False,False,False
364130.5,6685857.5,17.469999313354492,12.180000305175781,5.289999008178711,0.44083325068155926,364100,6685800,False,False,False
364223.5,6685857.5,15.899999618530273,9.260000228881836,6.6399993896484375,0.5533332824707031,364200,6685800,False,False,False
364474.5,6685857.5,23.139999389648438,14.9399995803833,8.199999809265137,0.6833333174387614,364400,6685800,False,False,False
364501.5,6685857.5,21.8700008392334,16.709999084472656,5.160001754760742,0.43000014623006183,364500,6685800,False,False,False
364522.5,6685857.5,7.0,3.9100000858306885,3.0899999141693115,0.2574999928474426,364500,6685800,False,False,False
364528.5,6685857.5,20.329999923706055,14.220000267028809,6.109999656677246,0.5091666380564371,364500,6685800,False,False,False
364899.5,6685857.5,19.030000686645508,11.869999885559082,7.160000801086426,0.5966667334238688,364800,6685800,False,False,False
364950.5,6685857.5,21.760000228881836,21.739999771118164,0.020000457763671875,0.001666704813639323,364900,6685800,False,False,False
364986.5,6685857.5,20.059999465942383,18.190000534057617,1.8699989318847656,0.15583324432373047,364900,6685800,False,False,False
364091.5,6685856.5,21.770000457763672,20.670000076293945,1.1000003814697266,0.09166669845581055,364000,6685800,False,False,False
364096.5,6685856.5,23.440000534057617,21.649999618530273,1.7900009155273438,0.14916674296061197,364000,6685800,False,False,False
364126.5,6685856.5,17.43000030517578,11.0600004196167,6.369999885559082,0.5308333237965902,364100,6685800,False,False,False
364152.5,6685856.5,17.700000762939453,10.819999694824219,6.880001068115234,0.5733334223429362,364100,6685800,False,False,False
364696.5,6685856.5,29.799999237060547,23.190000534057617,6.60999870300293,0.5508332252502441,364600,6685800,False,False,False
364764.5,6685856.5,15.90999984741211,13.149999618530273,2.760000228881836,0.23000001907348633,364700,6685800,False,False,False
364932.5,6685856.5,20.899999618530273,9.8100004196167,11.089999198913574,0.9241665999094645,364900,6685800,False,False,False
364014.5,6685855.5,17.739999771118164,14.960000038146973,2.7799997329711914,0.23166664441426596,364000,6685800,False,False,False
364077.5,6685855.5,21.56999969482422,19.84000015258789,1.7299995422363281,0.144166628519694,364000,6685800,False,False,False
364196.5,6685855.5,12.460000038146973,5.409999847412109,7.050000190734863,0.5875000158945719,364100,6685800,False,False,False
364240.5,6685855.5,19.399999618530273,15.109999656677246,4.289999961853027,0.35749999682108563,364200,6685800,False,False,False
364259.5,6685855.5,22.530000686645508,17.1200008392334,5.409999847412109,0.4508333206176758,364200,6685800,False,False,False
364292.5,6685855.5,20.739999771118164,16.459999084472656,4.280000686645508,0.35666672388712567,364200,6685800,False,False,False
364538.5,6685855.5,23.540000915527344,15.520000457763672,8.020000457763672,0.668333371480306,364500,6685800,False,False,False
364590.5,6685855.5,24.93000030517578,16.75,8.180000305175781,0.6816666920979818,364500,6685800,False,False,False
364661.5,6685855.5,19.020000457763672,14.34000015258789,4.680000305175781,0.3900000254313151,364600,6685800,False,False,False
364881.5,6685855.5,19.989999771118164,10.539999961853027,9.449999809265137,0.7874999841054281,364800,6685800,False,False,False
364890.5,6685855.5,23.719999313354492,23.920000076293945,-0.20000076293945312,-0.016666730244954426,364800,6685800,False,False,False
364906.5,6685855.5,20.93000030517578,6.550000190734863,14.380000114440918,1.1983333428700764,364900,6685800,False,False,False
364113.5,6685854.5,18.739999771118164,14.699999809265137,4.039999961853027,0.33666666348775226,364100,6685800,False,False,False
364136.5,6685854.5,17.260000228881836,12.489999771118164,4.770000457763672,0.39750003814697266,364100,6685800,False,False,False
364205.5,6685854.5,20.09000015258789,18.940000534057617,1.1499996185302734,0.09583330154418945,364200,6685800,False,False,False
364436.5,6685854.5,28.829999923706055,24.65999984741211,4.170000076293945,0.3475000063578288,364400,6685800,False,False,False
364005.5,6685853.5,17.59000015258789,15.069999694824219,2.520000457763672,0.21000003814697266,364000,6685800,False,False,False
364041.5,6685853.5,17.299999237060547,15.039999961853027,2.2599992752075195,0.18833327293395996,364000,6685800,False,False,False
364057.5,6685853.5,12.979999542236328,10.739999771118164,2.239999771118164,0.18666664759318033,364000,6685800,False,False,False
364248.5,6685853.5,19.6200008392334,12.479999542236328,7.14000129699707,0.5950001080830892,364200,6685800,False,False,False
364327.5,6685853.5,10.140000343322754,17.040000915527344,-6.90000057220459,-0.5750000476837158,364300,6685800,False,False,False
364451.5,6685853.5,28.520000457763672,23.709999084472656,4.810001373291016,0.4008334477742513,364400,6685800,False,False,False
364562.5,6685853.5,22.770000457763672,18.43000030517578,4.340000152587891,0.3616666793823242,364500,6685800,False,False,False
364677.5,6685853.5,25.549999237060547,19.280000686645508,6.269998550415039,0.5224998792012533,364600,6685800,False,False,False
364816.5,6685853.5,7.150000095367432,5.070000171661377,2.0799999237060547,0.17333332697550455,364800,6685800,False,False,False
364069.5,6685852.5,20.1299991607666,18.850000381469727,1.279998779296875,0.10666656494140625,364000,6685800,False,False,False
364085.5,6685852.5,21.260000228881836,19.649999618530273,1.6100006103515625,0.13416671752929688,364000,6685800,False,False,False
364145.5,6685852.5,18.020000457763672,14.5600004196167,3.4600000381469727,0.28833333651224774,364100,6685800,False,False,False
364487.5,6685852.5,18.959999084472656,10.380000114440918,8.579998970031738,0.7149999141693115,364400,6685800,False,False,False
364614.5,6685852.5,24.260000228881836,18.010000228881836,6.25,0.5208333333333334,364600,6685800,False,False,False
364898.5,6685852.5,20.239999771118164,14.430000305175781,5.809999465942383,0.48416662216186523,364800,6685800,False,False,False
364991.5,6685852.5,20.229999542236328,18.790000915527344,1.4399986267089844,0.11999988555908203,364900,6685800,False,False,False
364048.5,6685851.5,17.520000457763672,14.010000228881836,3.510000228881836,0.29250001907348633,364000,6685800,False,False,False
364162.5,6685851.5,15.239999771118164,8.119999885559082,7.119999885559082,0.5933333237965902,364100,6685800,False,False,False
364173.5,6685851.5,22.600000381469727,22.149999618530273,0.4500007629394531,0.03750006357828776,364100,6685800,False,False,False
364518.5,6685851.5,8.890000343322754,4.449999809265137,4.440000534057617,0.37000004450480145,364500,6685800,False,False,False
364531.5,6685851.5,22.950000762939453,16.459999084472656,6.490001678466797,0.5408334732055664,364500,6685800,False,False,False
364849.5,6685851.5,22.6299991607666,20.790000915527344,1.8399982452392578,0.15333318710327148,364800,6685800,False,False,False
364968.5,6685851.5,18.770000457763672,11.529999732971191,7.2400007247924805,0.6033333937327067,364900,6685800,False,False,False
364017.5,6685850.5,17.049999237060547,15.130000114440918,1.919999122619629,0.15999992688496908,364000,6685800,False,False,False
364240.5,6685850.5,20.059999465942383,12.949999809265137,7.109999656677246,0.5924999713897705,364200,6685800,False,False,False
364272.5,6685850.5,22.559999465942383,16.59000015258789,5.969999313354492,0.497499942779541,364200,6685800,False,False,False
364410.5,6685850.5,29.309999465942383,26.329999923706055,2.979999542236328,0.2483332951863607,364400,6685800,False,False,False
364472.5,6685850.5,18.93000030517578,11.180000305175781,7.75,0.6458333333333334,364400,6685800,False,False,False
364480.5,6685850.5,19.540000915527344,10.34000015258789,9.200000762939453,0.7666667302449545,364400,6685800,False,False,False
364539.5,6685850.5,23.510000228881836,17.489999771118164,6.020000457763672,0.5016667048136393,364500,6685800,False,False,False
364607.5,6685850.5,24.6299991607666,18.239999771118164,6.3899993896484375,0.5324999491373698,364600,6685800,False,False,False
364630.5,6685850.5,25.610000610351562,20.360000610351562,5.25,0.4375,364600,6685800,False,False,False
364827.5,6685850.5,11.40999984741211,0.0,11.40999984741211,0.9508333206176758,364800,6685800,False,False,False
364834.5,6685850.5,13.390000343322754,4.340000152587891,9.050000190734863,0.7541666825612386,364800,6685800,False,False,False
364954.5,6685850.5,24.8700008392334,22.59000015258789,2.280000686645508,0.19000005722045898,364900,6685800,False,False,False
364284.5,6685849.5,23.260000228881836,17.110000610351562,6.149999618530273,0.5124999682108561,364200,6685800,False,False,False
364573.5,6685849.5,21.549999237060547,16.6299991607666,4.920000076293945,0.4100000063578288,364500,6685800,False,False,False
364221.5,6685848.5,18.270000457763672,17.700000762939453,0.5699996948242188,0.0474999745686849,364200,6685800,False,False,False
364425.5,6685848.5,31.450000762939453,28.06999969482422,3.3800010681152344,0.28166675567626953,364400,6685800,False,False,False
364555.5,6685848.5,22.549999237060547,15.640000343322754,6.909998893737793,0.575833241144816,364500,6685800,False,False,False
364872.5,6685848.5,25.989999771118164,24.649999618530273,1.3400001525878906,0.11166667938232422,364800,6685800,False,False,False
364932.5,6685848.5,27.8700008392334,26.950000762939453,0.9200000762939453,0.07666667302449544,364900,6685800,False,False,False
364006.5,6685847.5,15.6899995803833,11.84000015258789,3.84999942779541,0.3208332856496175,364000,6685800,False,False,False
364084.5,6685847.5,19.530000686645508,17.84000015258789,1.6900005340576172,0.14083337783813477,364000,6685800,False,False,False
364156.5,6685847.5,16.290000915527344,10.039999961853027,6.250000953674316,0.520833412806193,364100,6685800,False,False,False
364189.5,6685847.5,11.390000343322754,5.03000020980835,6.360000133514404,0.5300000111262003,364100,6685800,False,False,False
364198.5,6685847.5,15.369999885559082,9.050000190734863,6.319999694824219,0.5266666412353516,364100,6685800,False,False,False
364402.5,6685847.5,29.260000228881836,25.959999084472656,3.3000011444091797,0.27500009536743164,364400,6685800,False,False,False
364504.5,6685847.5,19.450000762939453,13.880000114440918,5.570000648498535,0.46416672070821124,364500,6685800,False,False,False
364562.5,6685847.5,22.75,18.15999984741211,4.590000152587891,0.38250001271565753,364500,6685800,False,False,False
364661.5,6685847.5,17.989999771118164,12.640000343322754,5.34999942779541,0.4458332856496175,364600,6685800,False,False,False
364677.5,6685847.5,26.780000686645508,20.239999771118164,6.540000915527344,0.5450000762939453,364600,6685800,False,False,False
364779.5,6685847.5,5.949999809265137,0.10000000149011612,5.849999807775021,0.4874999839812517,364700,6685800,False,False,False
364822.5,6685847.5,11.180000305175781,6.670000076293945,4.510000228881836,0.37583335240681964,364800,6685800,False,False,False
364906.5,6685847.5,21.780000686645508,14.6899995803833,7.090001106262207,0.5908334255218506,364900,6685800,False,False,False
364923.5,6685846.5,20.34000015258789,13.479999542236328,6.8600006103515625,0.5716667175292969,364900,6685800,False,False,False
364025.5,6685845.5,17.079999923706055,15.4399995803833,1.640000343322754,0.13666669527689615,364000,6685800,False,False,False
364118.5,6685845.5,19.06999969482422,7.170000076293945,11.899999618530273,0.9916666348775228,364100,6685800,False,False,False
364294.5,6685845.5,21.81999969482422,18.65999984741211,3.1599998474121094,0.2633333206176758,364200,6685800,False,False,False
364418.5,6685845.5,29.770000457763672,24.510000228881836,5.260000228881836,0.43833335240681964,364400,6685800,False,False,False
364618.5,6685845.5,25.040000915527344,19.649999618530273,5.39000129699707,0.44916677474975586,364600,6685800,False,False,False
364723.5,6685845.5,9.579999923706055,2.9000000953674316,6.679999828338623,0.5566666523615519,364700,6685800,False,False,False
364850.5,6685845.5,21.010000228881836,20.190000534057617,0.8199996948242188,0.06833330790201823,364800,6685800,False,False,False
364976.5,6685845.5,24.020000457763672,23.690000534057617,0.3299999237060547,0.027499993642171223,364900,6685800,False,False,False
364988.5,6685845.5,22.43000030517578,20.709999084472656,1.720001220703125,0.14333343505859375,364900,6685800,False,False,False
364577.5,6685844.5,20.81999969482422,16.09000015258789,4.729999542236328,0.39416662851969403,364500,6685800,False,False,False
364797.5,6685844.5,12.619999885559082,8.869999885559082,3.75,0.3125,364700,6685800,False,False,False
364902.5,6685844.5,21.469999313354492,16.280000686645508,5.189998626708984,0.43249988555908203,364900,6685800,False,False,False
364915.5,6685844.5,23.719999313354492,11.779999732971191,11.9399995803833,0.9949999650319418,364900,6685800,False,False,False
364109.5,6685843.5,19.299999237060547,11.0600004196167,8.239998817443848,0.6866665681203207,364100,6685800,False,False,False
364123.5,6685843.5,18.979999542236328,11.979999542236328,7.0,0.5833333333333334,364100,6685800,False,False,False
364228.5,6685843.5,16.040000915527344,14.979999542236328,1.0600013732910156,0.0883334477742513,364200,6685800,False,False,False
364240.5,6685843.5,21.040000915527344,19.90999984741211,1.1300010681152344,0.09416675567626953,364200,6685800,False,False,False
364251.5,6685843.5,21.850000381469727,16.610000610351562,5.239999771118164,0.43666664759318036,364200,6685800,False,False,False
364306.5,6685843.5,18.899999618530273,11.489999771118164,7.409999847412109,0.6174999872843424,364300,6685800,False,False,False
364470.5,6685843.5,21.399999618530273,9.100000381469727,12.299999237060547,1.0249999364217122,364400,6685800,False,False,False
364718.5,6685843.5,8.789999961853027,2.009999990463257,6.7799999713897705,0.5649999976158142,364700,6685800,False,False,False
364728.5,6685843.5,10.100000381469727,2.9100000858306885,7.190000295639038,0.5991666913032532,364700,6685800,False,False,False
364845.5,6685843.5,19.489999771118164,12.3100004196167,7.179999351501465,0.5983332792917887,364800,6685800,False,False,False
364994.5,6685843.5,23.010000228881836,21.6299991607666,1.3800010681152344,0.11500008900960286,364900,6685800,False,False,False
364051.5,6685842.5,19.959999084472656,17.90999984741211,2.049999237060547,0.17083326975504556,364000,6685800,False,False,False
364074.5,6685842.5,21.010000228881836,19.18000030517578,1.8299999237060547,0.15249999364217123,364000,6685800,False,False,False
364097.5,6685842.5,20.06999969482422,15.210000038146973,4.859999656677246,0.4049999713897705,364000,6685800,False,False,False
364507.5,6685842.5,20.8799991607666,15.40999984741211,5.469999313354492,0.45583327611287433,364500,6685800,False,False,False
364702.5,6685842.5,28.739999771118164,21.020000457763672,7.719999313354492,0.6433332761128744,364700,6685800,False,False,False
364888.5,6685842.5,22.579999923706055,21.450000762939453,1.1299991607666016,0.09416659673055013,364800,6685800,False,False,False
364057.5,6685841.5,20.920000076293945,17.920000076293945,3.0,0.25,364000,6685800,False,False,False
364130.5,6685841.5,18.100000381469727,12.960000038146973,5.140000343322754,0.4283333619435628,364100,6685800,False,False,False
364148.5,6685841.5,19.90999984741211,15.5,4.409999847412109,0.36749998728434247,364100,6685800,False,False,False
364258.5,6685841.5,21.719999313354492,12.760000228881836,8.959999084472656,0.7466665903727213,364200,6685800,False,False,False
364446.5,6685841.5,25.75,17.530000686645508,8.219999313354492,0.684999942779541,364400,6685800,False,False,False
364453.5,6685841.5,21.6200008392334,14.65999984741211,6.960000991821289,0.580000082651774,364400,6685800,False,False,False
364476.5,6685841.5,20.829999923706055,14.600000381469727,6.229999542236328,0.519166628519694,364400,6685800,False,False,False
364660.5,6685841.5,18.040000915527344,9.569999694824219,8.470001220703125,0.7058334350585938,364600,6685800,False,False,False
364694.5,6685841.5,28.600000381469727,22.40999984741211,6.190000534057617,0.5158333778381348,364600,6685800,False,False,False
364783.5,6685841.5,5.96999979019165,14.859999656677246,-8.889999866485596,-0.7408333222071329,364700,6685800,False,False,False
364832.5,6685841.5,20.030000686645508,18.1299991607666,1.9000015258789062,0.15833346048990884,364800,6685800,False,False,False
364187.5,6685840.5,16.889999389648438,8.359999656677246,8.529999732971191,0.7108333110809326,364100,6685800,False,False,False
364267.5,6685840.5,23.809999465942383,19.059999465942383,4.75,0.3958333333333333,364200,6685800,False,False,False
364299.5,6685840.5,23.200000762939453,17.690000534057617,5.510000228881836,0.459166685740153,364200,6685800,False,False,False
364482.5,6685840.5,19.81999969482422,13.350000381469727,6.469999313354492,0.5391666094462076,364400,6685800,False,False,False
364908.5,6685840.5,24.690000534057617,18.979999542236328,5.710000991821289,0.4758334159851074,364900,6685800,False,False,False
364017.5,6685839.5,16.93000030517578,15.970000267028809,0.9600000381469727,0.08000000317891438,364000,6685800,False,False,False
364039.5,6685839.5,15.859999656677246,15.350000381469727,0.5099992752075195,0.042499939600626625,364000,6685800,False,False,False
364067.5,6685839.5,17.739999771118164,15.6899995803833,2.0500001907348633,0.17083334922790527,364000,6685800,False,False,False
364438.5,6685839.5,26.739999771118164,21.649999618530273,5.090000152587891,0.4241666793823242,364400,6685800,False,False,False
364589.5,6685839.5,18.450000762939453,10.029999732971191,8.420001029968262,0.7016667524973551,364500,6685800,False,False,False
364771.5,6685839.5,18.700000762939453,17.709999084472656,0.9900016784667969,0.08250013987223308,364700,6685800,False,False,False
364941.5,6685839.5,24.40999984741211,24.59000015258789,-0.18000030517578125,-0.015000025431315104,364900,6685800,False,False,False
364964.5,6685839.5,25.690000534057617,23.280000686645508,2.4099998474121094,0.20083332061767578,364900,6685800,False,False,False
364142.5,6685838.5,20.8700008392334,12.3100004196167,8.5600004196167,0.7133333683013916,364100,6685800,False,False,False
364156.5,6685838.5,20.649999618530273,14.979999542236328,5.670000076293945,0.4725000063578288,364100,6685800,False,False,False
364169.5,6685838.5,22.59000015258789,21.639999389648438,0.9500007629394531,0.07916673024495442,364100,6685800,False,False,False
364207.5,6685838.5,19.940000534057617,19.049999237060547,0.8900012969970703,0.07416677474975586,364200,6685800,False,False,False
364288.5,6685838.5,24.290000915527344,16.540000915527344,7.75,0.6458333333333334,364200,6685800,False,False,False
364461.5,6685838.5,22.920000076293945,11.1899995803833,11.730000495910645,0.9775000413258871,364400,6685800,False,False,False
364471.5,6685838.5,20.93000030517578,10.90999984741211,10.020000457763672,0.8350000381469727,364400,6685800,False,False,False
364492.5,6685838.5,21.549999237060547,16.719999313354492,4.829999923706055,0.4024999936421712,364400,6685800,False,False,False
364556.5,6685838.5,21.280000686645508,14.739999771118164,6.540000915527344,0.5450000762939453,364500,6685800,False,False,False
364723.5,6685838.5,8.699999809265137,0.18000000715255737,8.51999980211258,0.7099999835093816,364700,6685800,False,False,False
364899.5,6685838.5,21.780000686645508,15.869999885559082,5.910000801086426,0.49250006675720215,364800,6685800,False,False,False
364522.5,6685837.5,21.399999618530273,20.809999465942383,0.5900001525878906,0.04916667938232422,364500,6685800,False,False,False
364530.5,6685837.5,18.270000457763672,13.0,5.270000457763672,0.43916670481363934,364500,6685800,False,False,False
364605.5,6685837.5,20.530000686645508,14.989999771118164,5.540000915527344,0.461666742960612,364600,6685800,False,False,False
364853.5,6685837.5,13.460000038146973,8.359999656677246,5.100000381469727,0.42500003178914386,364800,6685800,False,False,False
364971.5,6685837.5,24.739999771118164,22.549999237060547,2.190000534057617,0.18250004450480142,364900,6685800,False,False,False
364983.5,6685837.5,22.18000030517578,21.389999389648438,0.7900009155273438,0.06583340962727864,364900,6685800,False,False,False
364120.5,6685836.5,18.530000686645508,14.770000457763672,3.760000228881836,0.31333335240681964,364100,6685800,False,False,False
364127.5,6685836.5,18.81999969482422,11.3100004196167,7.5099992752075195,0.62583327293396,364100,6685800,False,False,False
364231.5,6685836.5,13.979999542236328,6.630000114440918,7.34999942779541,0.6124999523162842,364200,6685800,False,False,False
364312.5,6685836.5,15.40999984741211,9.180000305175781,6.229999542236328,0.519166628519694,364300,6685800,False,False,False
364502.5,6685836.5,23.780000686645508,18.899999618530273,4.880001068115234,0.40666675567626953,364500,6685800,False,False,False
364536.5,6685836.5,17.420000076293945,7.760000228881836,9.65999984741211,0.8049999872843424,364500,6685800,False,False,False
364575.5,6685836.5,21.860000610351562,15.779999732971191,6.080000877380371,0.5066667397816976,364500,6685800,False,False,False
364099.5,6685835.5,17.489999771118164,11.119999885559082,6.369999885559082,0.5308333237965902,364000,6685800,False,False,False
364449.5,6685835.5,23.459999084472656,16.940000534057617,6.519998550415039,0.5433332125345866,364400,6685800,False,False,False
364813.5,6685835.5,17.81999969482422,15.270000457763672,2.549999237060547,0.21249993642171225,364800,6685800,False,False,False
364994.5,6685835.5,24.420000076293945,23.719999313354492,0.7000007629394531,0.058333396911621094,364900,6685800,False,False,False
364008.5,6685834.5,15.84000015258789,14.119999885559082,1.7200002670288086,0.14333335558573404,364000,6685800,False,False,False
364030.5,6685834.5,20.420000076293945,19.489999771118164,0.9300003051757812,0.07750002543131511,364000,6685800,False,False,False
364191.5,6685834.5,20.950000762939453,19.280000686645508,1.6700000762939453,0.13916667302449545,364100,6685800,False,False,False
364400.5,6685834.5,27.760000228881836,26.049999237060547,1.710000991821289,0.14250008265177408,364400,6685800,False,False,False
364476.5,6685834.5,19.940000534057617,14.75,5.190000534057617,0.43250004450480145,364400,6685800,False,False,False
364782.5,6685834.5,6.25,2.5299999713897705,3.7200000286102295,0.3100000023841858,364700,6685800,False,False,False
364057.5,6685833.5,19.110000610351562,17.729999542236328,1.3800010681152344,0.11500008900960286,364000,6685800,False,False,False
364139.5,6685833.5,20.15999984741211,13.369999885559082,6.789999961853027,0.565833330154419,364100,6685800,False,False,False
364152.5,6685833.5,21.84000015258789,12.319999694824219,9.520000457763672,0.793333371480306,364100,6685800,False,False,False
364216.5,6685833.5,13.479999542236328,4.460000038146973,9.019999504089355,0.7516666253407797,364200,6685800,False,False,False
364247.5,6685833.5,20.65999984741211,16.530000686645508,4.129999160766602,0.3441665967305501,364200,6685800,False,False,False
364294.5,6685833.5,17.299999237060547,8.470000267028809,8.829998970031738,0.7358332475026449,364200,6685800,False,False,False
364422.5,6685833.5,28.889999389648438,24.200000762939453,4.689998626708984,0.39083321889241535,364400,6685800,False,False,False
364487.5,6685833.5,21.68000030517578,13.550000190734863,8.130000114440918,0.6775000095367432,364400,6685800,False,False,False
364552.5,6685833.5,21.31999969482422,14.859999656677246,6.460000038146973,0.5383333365122477,364500,6685800,False,False,False
364000.5,6685832.5,16.81999969482422,15.5,1.3199996948242188,0.10999997456868489,364000,6685800,False,False,False
364223.5,6685832.5,14.65999984741211,7.929999828338623,6.730000019073486,0.5608333349227905,364200,6685800,False,False,False
364255.5,6685832.5,21.950000762939453,16.40999984741211,5.540000915527344,0.461666742960612,364200,6685800,False,False,False
364408.5,6685832.5,25.360000610351562,23.170000076293945,2.190000534057617,0.18250004450480142,364400,6685800,False,False,False
364559.5,6685832.5,21.420000076293945,15.210000038146973,6.210000038146973,0.5175000031789144,364500,6685800,False,False,False
364598.5,6685832.5,22.8700008392334,17.200000762939453,5.670000076293945,0.4725000063578288,364500,6685800,False,False,False
364825.5,6685832.5,7.0,0.0,7.0,0.5833333333333334,364800,6685800,False,False,False
364840.5,6685832.5,15.600000381469727,10.6899995803833,4.910000801086426,0.40916673342386883,364800,6685800,False,False,False
364179.5,6685831.5,18.75,12.800000190734863,5.949999809265137,0.4958333174387614,364100,6685800,False,False,False
364316.5,6685831.5,13.470000267028809,10.5,2.9700002670288086,0.24750002225240073,364300,6685800,False,False,False
364391.5,6685831.5,7.340000152587891,10.989999771118164,-3.6499996185302734,-0.30416663487752277,364300,6685800,False,False,False
364466.5,6685831.5,20.149999618530273,13.010000228881836,7.1399993896484375,0.5949999491373698,364400,6685800,False,False,False
364483.5,6685831.5,21.350000381469727,16.31999969482422,5.030000686645508,0.41916672388712567,364400,6685800,False,False,False
364544.5,6685831.5,21.8700008392334,15.600000381469727,6.270000457763672,0.5225000381469727,364500,6685800,False,False,False
364630.5,6685831.5,27.260000228881836,21.09000015258789,6.170000076293945,0.5141666730244955,364600,6685800,False,False,False
364693.5,6685831.5,27.299999237060547,20.559999465942383,6.739999771118164,0.5616666475931803,364600,6685800,False,False,False
364277.5,6685830.5,23.049999237060547,17.3799991607666,5.670000076293945,0.4725000063578288,364200,6685800,False,False,False
364456.5,6685830.5,18.770000457763672,13.960000038146973,4.810000419616699,0.4008333683013916,364400,6685800,False,False,False
364583.5,6685830.5,18.06999969482422,13.329999923706055,4.739999771118164,0.39499998092651367,364500,6685800,False,False,False
364655.5,6685830.5,22.600000381469727,14.789999961853027,7.810000419616699,0.6508333683013916,364600,6685800,False,False,False
364833.5,6685830.5,18.1200008392334,8.270000457763672,9.850000381469727,0.8208333651224772,364800,6685800,False,False,False
364505.5,6685829.5,20.649999618530273,13.069999694824219,7.579999923706055,0.6316666603088379,364500,6685800,False,False,False
364570.5,6685829.5,21.18000030517578,16.68000030517578,4.5,0.375,364500,6685800,False,False,False
364686.5,6685829.5,26.579999923706055,19.489999771118164,7.090000152587891,0.5908333460489908,364600,6685800,False,False,False
364701.5,6685829.5,27.459999084472656,24.010000228881836,3.4499988555908203,0.28749990463256836,364700,6685800,False,False,False
364913.5,6685829.5,23.190000534057617,18.649999618530273,4.540000915527344,0.3783334096272786,364900,6685800,False,False,False
364014.5,6685828.5,19.979999542236328,18.18000030517578,1.7999992370605469,0.14999993642171225,364000,6685800,False,False,False
364052.5,6685828.5,9.40999984741211,7.550000190734863,1.859999656677246,0.1549999713897705,364000,6685800,False,False,False
364123.5,6685828.5,19.600000381469727,15.050000190734863,4.550000190734863,0.3791666825612386,364100,6685800,False,False,False
364308.5,6685828.5,18.290000915527344,9.989999771118164,8.30000114440918,0.6916667620340983,364300,6685800,False,False,False
364500.5,6685828.5,20.850000381469727,15.1899995803833,5.660000801086426,0.47166673342386883,364500,6685800,False,False,False
364606.5,6685828.5,23.510000228881836,18.889999389648438,4.620000839233398,0.3850000699361165,364600,6685800,False,False,False
364863.5,6685828.5,27.139999389648438,22.75,4.3899993896484375,0.3658332824707031,364800,6685800,False,False,False
364106.5,6685827.5,19.209999084472656,16.0,3.2099990844726562,0.2674999237060547,364100,6685800,False,False,False
364206.5,6685827.5,19.399999618530273,17.979999542236328,1.4200000762939453,0.11833333969116211,364200,6685800,False,False,False
364482.5,6685827.5,21.399999618530273,15.329999923706055,6.069999694824219,0.5058333079020182,364400,6685800,False,False,False
364616.5,6685827.5,25.8700008392334,19.360000610351562,6.510000228881836,0.5425000190734863,364600,6685800,False,False,False
364877.5,6685827.5,25.420000076293945,19.479999542236328,5.940000534057617,0.49500004450480145,364800,6685800,False,False,False
364576.5,6685826.5,22.1299991607666,17.469999313354492,4.659999847412109,0.3883333206176758,364500,6685800,False,False,False
364673.5,6685826.5,21.170000076293945,14.670000076293945,6.5,0.5416666666666666,364600,6685800,False,False,False
364750.5,6685826.5,14.510000228881836,11.600000381469727,2.9099998474121094,0.24249998728434244,364700,6685800,False,False,False
364941.5,6685826.5,21.3700008392334,16.700000762939453,4.670000076293945,0.3891666730244954,364900,6685800,False,False,False
364978.5,6685826.5,24.149999618530273,21.579999923706055,2.5699996948242188,0.21416664123535156,364900,6685800,False,False,False
364111.5,6685825.5,19.170000076293945,15.699999809265137,3.4700002670288086,0.2891666889190674,364100,6685800,False,False,False
364198.5,6685825.5,14.039999961853027,5.71999979019165,8.320000171661377,0.6933333476384481,364100,6685800,False,False,False
364324.5,6685825.5,5.849999904632568,3.359999895095825,2.490000009536743,0.2075000007947286,364300,6685800,False,False,False
364475.5,6685825.5,17.959999084472656,12.890000343322754,5.069998741149902,0.4224998950958252,364400,6685800,False,False,False
364531.5,6685825.5,17.520000457763672,12.550000190734863,4.970000267028809,0.4141666889190674,364500,6685800,False,False,False
364600.5,6685825.5,23.559999465942383,16.190000534057617,7.369998931884766,0.6141665776570638,364600,6685800,False,False,False
364887.5,6685825.5,25.790000915527344,20.43000030517578,5.3600006103515625,0.4466667175292969,364800,6685800,False,False,False
364000.5,6685824.5,7.599999904632568,5.320000171661377,2.2799997329711914,0.18999997774759927,364000,6685800,False,False,False
364007.5,6685824.5,7.96999979019165,5.78000020980835,2.189999580383301,0.18249996503194174,364000,6685800,False,False,False
364099.5,6685824.5,19.489999771118164,14.479999542236328,5.010000228881836,0.41750001907348633,364000,6685800,False,False,False
364262.5,6685824.5,21.649999618530273,17.809999465942383,3.8400001525878906,0.32000001271565753,364200,6685800,False,False,False
364440.5,6685824.5,23.6200008392334,17.510000228881836,6.1100006103515625,0.5091667175292969,364400,6685800,False,False,False
364456.5,6685824.5,19.010000228881836,11.210000038146973,7.800000190734863,0.6500000158945719,364400,6685800,False,False,False
364467.5,6685824.5,20.5,14.600000381469727,5.899999618530273,0.49166663487752277,364400,6685800,False,False,False
364510.5,6685824.5,21.719999313354492,14.140000343322754,7.579998970031738,0.6316665808359782,364500,6685800,False,False,False
364629.5,6685824.5,27.200000762939453,16.229999542236328,10.970001220703125,0.9141667683919271,364600,6685800,False,False,False
364815.5,6685824.5,8.479999542236328,0.0,8.479999542236328,0.706666628519694,364800,6685800,False,False,False
364920.5,6685824.5,24.270000457763672,17.969999313354492,6.30000114440918,0.5250000953674316,364900,6685800,False,False,False
364125.5,6685823.5,20.31999969482422,11.960000038146973,8.359999656677246,0.6966666380564371,364100,6685800,False,False,False
364257.5,6685823.5,23.469999313354492,18.559999465942383,4.909999847412109,0.4091666539510091,364200,6685800,False,False,False
364014.5,6685822.5,7.010000228881836,15.569999694824219,-8.559999465942383,-0.7133332888285319,364000,6685800,False,False,False
364139.5,6685822.5,20.600000381469727,14.40999984741211,6.190000534057617,0.5158333778381348,364100,6685800,False,False,False
364156.5,6685822.5,16.31999969482422,12.649999618530273,3.6700000762939453,0.3058333396911621,364100,6685800,False,False,False
364164.5,6685822.5,18.940000534057617,12.100000381469727,6.840000152587891,0.5700000127156576,364100,6685800,False,False,False
364172.5,6685822.5,19.100000381469727,11.989999771118164,7.1100006103515625,0.5925000508626302,364100,6685800,False,False,False
364275.5,6685822.5,22.850000381469727,14.649999618530273,8.200000762939453,0.6833333969116211,364200,6685800,False,False,False
364318.5,6685822.5,15.869999885559082,10.640000343322754,5.229999542236328,0.43583329518636066,364300,6685800,False,False,False
364358.5,6685822.5,24.040000915527344,22.610000610351562,1.4300003051757812,0.11916669209798177,364300,6685800,False,False,False
364447.5,6685822.5,17.93000030517578,12.65999984741211,5.270000457763672,0.43916670481363934,364400,6685800,False,False,False
364484.5,6685822.5,22.170000076293945,17.549999237060547,4.620000839233398,0.3850000699361165,364400,6685800,False,False,False
364558.5,6685822.5,22.139999389648438,17.170000076293945,4.969999313354492,0.4141666094462077,364500,6685800,False,False,False
364583.5,6685822.5,21.1200008392334,16.290000915527344,4.829999923706055,0.4024999936421712,364500,6685800,False,False,False
364903.5,6685822.5,15.569999694824219,0.0,15.569999694824219,1.2974999745686848,364900,6685800,False,False,False
364119.5,6685821.5,18.90999984741211,13.460000038146973,5.449999809265137,0.4541666507720947,364100,6685800,False,False,False
364146.5,6685821.5,19.040000915527344,12.449999809265137,6.590001106262207,0.549166758855184,364100,6685800,False,False,False
364227.5,6685821.5,17.81999969482422,17.360000610351562,0.45999908447265625,0.03833325703938802,364200,6685800,False,False,False
364504.5,6685821.5,20.420000076293945,13.5600004196167,6.859999656677246,0.5716666380564371,364500,6685800,False,False,False
364178.5,6685820.5,19.540000915527344,12.850000381469727,6.690000534057617,0.5575000445048014,364100,6685800,False,False,False
364292.5,6685820.5,21.34000015258789,14.380000114440918,6.960000038146973,0.5800000031789144,364200,6685800,False,False,False
364381.5,6685820.5,9.640000343322754,0.0,9.640000343322754,0.8033333619435629,364300,6685800,False,False,False
364414.5,6685820.5,28.440000534057617,24.020000457763672,4.420000076293945,0.3683333396911621,364400,6685800,False,False,False
364547.5,6685820.5,20.520000457763672,14.670000076293945,5.850000381469727,0.48750003178914386,364500,6685800,False,False,False
364832.5,6685820.5,17.25,10.890000343322754,6.359999656677246,0.5299999713897705,364800,6685800,False,False,False
364955.5,6685820.5,22.770000457763672,19.809999465942383,2.960000991821289,0.24666674931844076,364900,6685800,False,False,False
364269.5,6685819.5,22.139999389648438,15.050000190734863,7.089999198913574,0.5908332665761312,364200,6685800,False,False,False
364458.5,6685819.5,21.079999923706055,12.84000015258789,8.239999771118164,0.6866666475931803,364400,6685800,False,False,False
364477.5,6685819.5,20.059999465942383,13.119999885559082,6.939999580383301,0.578333298365275,364400,6685800,False,False,False
364516.5,6685819.5,21.93000030517578,14.170000076293945,7.760000228881836,0.646666685740153,364500,6685800,False,False,False
364635.5,6685819.5,27.290000915527344,22.68000030517578,4.6100006103515625,0.3841667175292969,364600,6685800,False,False,False
364753.5,6685819.5,14.869999885559082,13.380000114440918,1.489999771118164,0.12416664759318034,364700,6685800,False,False,False
364805.5,6685819.5,7.03000020980835,3.609999895095825,3.4200003147125244,0.2850000262260437,364800,6685800,False,False,False
364840.5,6685819.5,15.630000114440918,10.069999694824219,5.560000419616699,0.4633333683013916,364800,6685800,False,False,False
364496.5,6685818.5,23.0,18.5,4.5,0.375,364400,6685800,False,False,False
364568.5,6685818.5,24.09000015258789,18.65999984741211,5.430000305175781,0.4525000254313151,364500,6685800,False,False,False
364944.5,6685818.5,18.8700008392334,10.84000015258789,8.030000686645508,0.6691667238871256,364900,6685800,False,False,False
364110.5,6685817.5,18.239999771118164,14.140000343322754,4.09999942779541,0.34166661898295086,364100,6685800,False,False,False
364317.5,6685817.5,19.219999313354492,14.479999542236328,4.739999771118164,0.39499998092651367,364300,6685800,False,False,False
364648.5,6685817.5,26.389999389648438,13.0600004196167,13.329998970031738,1.1108332475026448,364600,6685800,False,False,False
364184.5,6685816.5,19.06999969482422,11.930000305175781,7.1399993896484375,0.5949999491373698,364100,6685800,False,False,False
364245.5,6685816.5,16.709999084472656,14.680000305175781,2.029998779296875,0.16916656494140625,364200,6685800,False,False,False
364471.5,6685816.5,20.979999542236328,12.149999618530273,8.829999923706055,0.7358333269755045,364400,6685800,False,False,False
364533.5,6685816.5,18.5,12.069999694824219,6.430000305175781,0.5358333587646484,364500,6685800,False,False,False
364540.5,6685816.5,20.969999313354492,16.84000015258789,4.129999160766602,0.3441665967305501,364500,6685800,False,False,False
364607.5,6685816.5,22.260000228881836,16.329999923706055,5.930000305175781,0.49416669209798175,364600,6685800,False,False,False
364671.5,6685816.5,20.290000915527344,13.869999885559082,6.420001029968262,0.5350000858306885,364600,6685800,False,False,False
364704.5,6685816.5,28.219999313354492,22.239999771118164,5.979999542236328,0.49833329518636066,364700,6685800,False,False,False
364855.5,6685816.5,24.270000457763672,15.5600004196167,8.710000038146973,0.7258333365122477,364800,6685800,False,False,False
364872.5,6685816.5,27.329999923706055,20.950000762939453,6.379999160766602,0.5316665967305502,364800,6685800,False,False,False
364993.5,6685816.5,24.530000686645508,16.479999542236328,8.05000114440918,0.670833428700765,364900,6685800,False,False,False
364089.5,6685815.5,8.199999809265137,6.840000152587891,1.359999656677246,0.11333330472310384,364000,6685800,False,False,False
364095.5,6685815.5,5.949999809265137,13.550000190734863,-7.600000381469727,-0.6333333651224772,364000,6685800,False,False,False
364134.5,6685815.5,19.950000762939453,9.760000228881836,10.190000534057617,0.8491667111714681,364100,6685800,False,False,False
364167.5,6685815.5,19.1299991607666,13.539999961853027,5.589999198913574,0.46583326657613117,364100,6685800,False,False,False
364214.5,6685815.5,12.050000190734863,4.75,7.300000190734863,0.6083333492279053,364200,6685800,False,False,False
364278.5,6685815.5,23.739999771118164,17.309999465942383,6.430000305175781,0.5358333587646484,364200,6685800,False,False,False
364298.5,6685815.5,21.09000015258789,15.210000038146973,5.880000114440918,0.49000000953674316,364200,6685800,False,False,False
364502.5,6685815.5,19.610000610351562,12.09000015258789,7.520000457763672,0.6266667048136393,364500,6685800,False,False,False
364509.5,6685815.5,21.6299991607666,13.5600004196167,8.069998741149902,0.6724998950958252,364500,6685800,False,False,False
364787.5,6685815.5,5.599999904632568,0.07000000029802322,5.529999904334545,0.4608333253612121,364700,6685800,False,False,False
364202.5,6685814.5,19.329999923706055,11.180000305175781,8.149999618530273,0.6791666348775228,364200,6685800,False,False,False
364594.5,6685814.5,22.030000686645508,16.56999969482422,5.460000991821289,0.4550000826517741,364500,6685800,False,False,False
364599.5,6685814.5,21.030000686645508,13.760000228881836,7.270000457763672,0.605833371480306,364500,6685800,False,False,False
364929.5,6685814.5,21.100000381469727,14.989999771118164,6.1100006103515625,0.5091667175292969,364900,6685800,False,False,False
364939.5,6685814.5,18.979999542236328,20.209999084472656,-1.2299995422363281,-0.10249996185302734,364900,6685800,False,False,False
364122.5,6685813.5,19.329999923706055,11.84000015258789,7.489999771118164,0.6241666475931803,364100,6685800,False,False,False
364283.5,6685813.5,23.399999618530273,17.610000610351562,5.789999008178711,0.4824999173482259,364200,6685800,False,False,False
364406.5,6685813.5,26.809999465942383,23.329999923706055,3.479999542236328,0.28999996185302734,364400,6685800,False,False,False
364686.5,6685813.5,25.770000457763672,23.760000228881836,2.010000228881836,0.16750001907348633,364600,6685800,False,False,False
364887.5,6685813.5,27.260000228881836,22.329999923706055,4.930000305175781,0.41083335876464844,364800,6685800,False,False,False
364144.5,6685812.5,18.030000686645508,10.989999771118164,7.040000915527344,0.5866667429606119,364100,6685800,False,False,False
364258.5,6685812.5,18.760000228881836,9.680000305175781,9.079999923706055,0.7566666603088379,364200,6685800,False,False,False
364263.5,6685812.5,24.559999465942383,14.960000038146973,9.59999942779541,0.7999999523162842,364200,6685800,False,False,False
364371.5,6685812.5,21.18000030517578,19.709999084472656,1.470001220703125,0.12250010172526042,364300,6685800,False,False,False
364624.5,6685812.5,26.270000457763672,19.549999237060547,6.720001220703125,0.5600001017252604,364600,6685800,False,False,False
364717.5,6685812.5,24.18000030517578,18.06999969482422,6.1100006103515625,0.5091667175292969,364700,6685800,False,False,False
364755.5,6685812.5,14.670000076293945,12.970000267028809,1.6999998092651367,0.14166665077209473,364700,6685800,False,False,False
364837.5,6685812.5,15.770000457763672,10.180000305175781,5.590000152587891,0.4658333460489909,364800,6685800,False,False,False
364149.5,6685811.5,21.850000381469727,16.6299991607666,5.220001220703125,0.43500010172526044,364100,6685800,False,False,False
364416.5,6685811.5,23.010000228881836,18.899999618530273,4.1100006103515625,0.3425000508626302,364400,6685800,False,False,False
364451.5,6685811.5,20.860000610351562,13.180000305175781,7.680000305175781,0.6400000254313151,364400,6685800,False,False,False
364538.5,6685811.5,19.360000610351562,14.0,5.3600006103515625,0.4466667175292969,364500,6685800,False,False,False
364548.5,6685811.5,17.68000030517578,12.020000457763672,5.659999847412109,0.4716666539510091,364500,6685800,False,False,False
364666.5,6685811.5,20.020000457763672,15.970000267028809,4.050000190734863,0.33750001589457196,364600,6685800,False,False,False
364934.5,6685811.5,21.200000762939453,21.719999313354492,-0.5199985504150391,-0.043333212534586586,364900,6685800,False,False,False
364086.5,6685810.5,13.3100004196167,9.819999694824219,3.4900007247924805,0.2908333937327067,364000,6685800,False,False,False
364154.5,6685810.5,21.010000228881836,17.149999618530273,3.8600006103515625,0.3216667175292969,364100,6685800,False,False,False
364614.5,6685810.5,23.059999465942383,15.850000381469727,7.209999084472656,0.6008332570393881,364600,6685800,False,False,False
364467.5,6685809.5,20.639999389648438,14.699999809265137,5.939999580383301,0.4949999650319417,364400,6685800,False,False,False
364522.5,6685809.5,22.989999771118164,16.770000457763672,6.219999313354492,0.5183332761128744,364500,6685800,False,False,False
364588.5,6685809.5,24.020000457763672,19.6200008392334,4.399999618530273,0.36666663487752277,364500,6685800,False,False,False
364598.5,6685809.5,21.3799991607666,15.869999885559082,5.5099992752075195,0.4591666062672933,364500,6685800,False,False,False
364631.5,6685809.5,24.889999389648438,13.180000305175781,11.709999084472656,0.9758332570393881,364600,6685800,False,False,False
364798.5,6685809.5,18.0,12.739999771118164,5.260000228881836,0.43833335240681964,364700,6685800,False,False,False
364828.5,6685809.5,15.760000228881836,4.440000057220459,11.320000171661377,0.9433333476384481,364800,6685800,False,False,False
364913.5,6685809.5,24.239999771118164,18.360000610351562,5.879999160766602,0.4899999300638835,364900,6685800,False,False,False
364970.5,6685809.5,24.829999923706055,21.56999969482422,3.260000228881836,0.271666685740153,364900,6685800,False,False,False
364024.5,6685808.5,6.309999942779541,4.869999885559082,1.440000057220459,0.12000000476837158,364000,6685800,False,False,False
364096.5,6685808.5,15.050000190734863,12.8100004196167,2.239999771118164,0.18666664759318033,364000,6685800,False,False,False
364184.5,6685808.5,16.350000381469727,10.100000381469727,6.25,0.5208333333333334,364100,6685800,False,False,False
364321.5,6685808.5,22.190000534057617,5.300000190734863,16.890000343322754,1.4075000286102295,364300,6685800,False,False,False
364356.5,6685808.5,21.969999313354492,20.899999618530273,1.0699996948242188,0.08916664123535156,364300,6685800,False,False,False
364445.5,6685808.5,21.639999389648438,16.809999465942383,4.829999923706055,0.4024999936421712,364400,6685800,False,False,False
364461.5,6685808.5,20.190000534057617,13.149999618530273,7.040000915527344,0.5866667429606119,364400,6685800,False,False,False
364485.5,6685808.5,22.219999313354492,13.890000343322754,8.329998970031738,0.6941665808359782,364400,6685800,False,False,False
364514.5,6685808.5,22.510000228881836,16.920000076293945,5.590000152587891,0.4658333460489909,364500,6685800,False,False,False
364608.5,6685808.5,21.8700008392334,16.31999969482422,5.55000114440918,0.46250009536743164,364600,6685800,False,False,False
364637.5,6685808.5,26.309999465942383,21.59000015258789,4.719999313354492,0.39333327611287433,364600,6685800,False,False,False
364676.5,6685808.5,17.989999771118164,10.979999542236328,7.010000228881836,0.584166685740153,364600,6685800,False,False,False
364142.5,6685807.5,20.450000762939453,14.619999885559082,5.830000877380371,0.48583340644836426,364100,6685800,False,False,False
364196.5,6685807.5,22.06999969482422,15.029999732971191,7.039999961853027,0.5866666634877523,364100,6685800,False,False,False
364257.5,6685807.5,21.350000381469727,17.469999313354492,3.8800010681152344,0.3233334223429362,364200,6685800,False,False,False
364303.5,6685807.5,19.709999084472656,14.59000015258789,5.119998931884766,0.4266665776570638,364300,6685800,False,False,False
364310.5,6685807.5,19.25,14.369999885559082,4.880000114440918,0.40666667620340985,364300,6685800,False,False,False
364345.5,6685807.5,6.409999847412109,9.75,-3.3400001525878906,-0.2783333460489909,364300,6685800,False,False,False
364475.5,6685807.5,18.8799991607666,12.970000267028809,5.909998893737793,0.49249990781148273,364400,6685800,False,False,False
364563.5,6685807.5,18.739999771118164,12.59000015258789,6.149999618530273,0.5124999682108561,364500,6685800,False,False,False
364582.5,6685807.5,23.170000076293945,16.729999542236328,6.440000534057617,0.5366667111714681,364500,6685800,False,False,False
364705.5,6685807.5,26.90999984741211,22.969999313354492,3.940000534057617,0.32833337783813477,364700,6685800,False,False,False
364722.5,6685807.5,25.010000228881836,19.190000534057617,5.819999694824219,0.4849999745686849,364700,6685800,False,False,False
364921.5,6685807.5,25.31999969482422,23.639999389648438,1.6800003051757812,0.1400000254313151,364900,6685800,False,False,False
364232.5,6685806.5,21.469999313354492,20.270000457763672,1.1999988555908203,0.09999990463256836,364200,6685800,False,False,False
364669.5,6685806.5,21.09000015258789,14.460000038146973,6.630000114440918,0.5525000095367432,364600,6685800,False,False,False
364857.5,6685806.5,24.8700008392334,18.889999389648438,5.980001449584961,0.4983334541320801,364800,6685800,False,False,False
364124.5,6685805.5,17.25,11.5,5.75,0.4791666666666667,364100,6685800,False,False,False
364166.5,6685805.5,19.06999969482422,13.640000343322754,5.429999351501465,0.4524999459584554,364100,6685800,False,False,False
364547.5,6685805.5,17.889999389648438,12.260000228881836,5.629999160766602,0.4691665967305501,364500,6685800,False,False,False
364953.5,6685805.5,22.709999084472656,19.110000610351562,3.5999984741210938,0.2999998728434245,364900,6685800,False,False,False
364985.5,6685805.5,26.020000457763672,22.959999084472656,3.0600013732910156,0.25500011444091797,364900,6685800,False,False,False
364994.5,6685805.5,23.649999618530273,19.639999389648438,4.010000228881836,0.334166685740153,364900,6685800,False,False,False
364108.5,6685804.5,5.71999979019165,10.1899995803833,-4.46999979019165,-0.3724999825159709,364100,6685800,False,False,False
364176.5,6685804.5,18.43000030517578,11.65999984741211,6.770000457763672,0.5641667048136393,364100,6685800,False,False,False
364246.5,6685804.5,10.319999694824219,3.6500000953674316,6.669999599456787,0.5558332999547323,364200,6685800,False,False,False
364333.5,6685804.5,6.739999771118164,6.579999923706055,0.15999984741210938,0.013333320617675781,364300,6685800,False,False,False
364908.5,6685804.5,21.729999542236328,13.1899995803833,8.539999961853027,0.7116666634877523,364900,6685800,False,False,False
364942.5,6685804.5,21.309999465942383,22.329999923706055,-1.0200004577636719,-0.08500003814697266,364900,6685800,False,False,False
364454.5,6685803.5,20.1200008392334,14.800000190734863,5.320000648498535,0.44333338737487793,364400,6685800,False,False,False
364499.5,6685803.5,21.5,16.809999465942383,4.690000534057617,0.39083337783813477,364400,6685800,False,False,False
364515.5,6685803.5,20.709999084472656,14.520000457763672,6.189998626708984,0.5158332188924154,364500,6685800,False,False,False
364569.5,6685803.5,19.139999389648438,11.270000457763672,7.869998931884766,0.6558332443237305,364500,6685800,False,False,False
364652.5,6685803.5,27.350000381469727,21.329999923706055,6.020000457763672,0.5016667048136393,364600,6685800,False,False,False
364681.5,6685803.5,12.420000076293945,5.289999961853027,7.130000114440918,0.5941666762034098,364600,6685800,False,False,False
364787.5,6685803.5,13.100000381469727,10.5,2.6000003814697266,0.21666669845581055,364700,6685800,False,False,False
364832.5,6685803.5,13.800000190734863,5.320000171661377,8.480000019073486,0.7066666682561239,364800,6685800,False,False,False
364136.5,6685802.5,19.8700008392334,11.930000305175781,7.940000534057617,0.6616667111714681,364100,6685800,False,False,False
364212.5,6685802.5,22.299999237060547,14.970000267028809,7.329998970031738,0.6108332475026449,364200,6685800,False,False,False
364321.5,6685802.5,22.290000915527344,19.010000228881836,3.280000686645508,0.2733333905537923,364300,6685800,False,False,False
364508.5,6685802.5,23.670000076293945,17.309999465942383,6.3600006103515625,0.5300000508626302,364500,6685800,False,False,False
364525.5,6685802.5,22.479999542236328,18.799999237060547,3.6800003051757812,0.30666669209798175,364500,6685800,False,False,False
364883.5,6685802.5,25.0,19.540000915527344,5.459999084472656,0.4549999237060547,364800,6685800,False,False,False
364000.5,6685801.5,9.729999542236328,15.65999984741211,-5.930000305175781,-0.49416669209798175,364000,6685800,False,False,False
364282.5,6685801.5,11.850000381469727,3.3399999141693115,8.510000467300415,0.7091667056083679,364200,6685800,False,False,False
364297.5,6685801.5,21.43000030517578,14.5,6.930000305175781,0.5775000254313151,364200,6685800,False,False,False
364420.5,6685801.5,20.260000228881836,15.739999771118164,4.520000457763672,0.37666670481363934,364400,6685800,False,False,False
364432.5,6685801.5,18.8799991607666,13.039999961853027,5.839999198913574,0.48666659990946454,364400,6685800,False,False,False
364585.5,6685801.5,22.670000076293945,14.739999771118164,7.930000305175781,0.6608333587646484,364500,6685800,False,False,False
364797.5,6685801.5,20.600000381469727,12.109999656677246,8.49000072479248,0.7075000603993734,364700,6685800,False,False,False
364171.5,6685800.5,19.889999389648438,15.710000038146973,4.179999351501465,0.34833327929178876,364100,6685800,False,False,False
364205.5,6685800.5,23.520000457763672,15.720000267028809,7.800000190734863,0.6500000158945719,364200,6685800,False,False,False
364221.5,6685800.5,23.299999237060547,18.68000030517578,4.619998931884766,0.38499991099039715,364200,6685800,False,False,False
364313.5,6685800.5,23.6200008392334,18.010000228881836,5.6100006103515625,0.4675000508626302,364300,6685800,False,False,False
364369.5,6685800.5,16.020000457763672,8.470000267028809,7.550000190734863,0.6291666825612386,364300,6685800,False,False,False
364411.5,6685800.5,20.40999984741211,16.399999618530273,4.010000228881836,0.334166685740153,364400,6685800,False,False,False
364480.5,6685800.5,20.43000030517578,18.75,1.6800003051757812,0.1400000254313151,364400,6685800,False,False,False
364592.5,6685800.5,22.5,12.930000305175781,9.569999694824219,0.7974999745686849,364500,6685800,False,False,False
364608.5,6685800.5,20.90999984741211,12.319999694824219,8.59000015258789,0.7158333460489908,364600,6685800,False,False,False
364847.5,6685800.5,21.889999389648438,15.399999618530273,6.489999771118164,0.540833314259847,364800,6685800,False,False,False
364258.5,6685799.5,21.149999618530273,15.270000457763672,5.879999160766602,0.4899999300638835,364200,6685700,False,False,False
364362.5,6685799.5,17.59000015258789,11.609999656677246,5.9800004959106445,0.4983333746592204,364300,6685700,False,False,False
364778.5,6685799.5,14.119999885559082,13.079999923706055,1.0399999618530273,0.08666666348775227,364700,6685700,False,False,False
364864.5,6685799.5,24.40999984741211,17.579999923706055,6.829999923706055,0.5691666603088379,364800,6685700,False,False,False
364872.5,6685799.5,24.889999389648438,18.6299991607666,6.260000228881836,0.521666685740153,364800,6685700,False,False,False
364898.5,6685799.5,25.350000381469727,18.579999923706055,6.770000457763672,0.5641667048136393,364800,6685700,False,False,False
364950.5,6685799.5,22.729999542236328,14.329999923706055,8.399999618530273,0.6999999682108561,364900,6685700,False,False,False
364015.5,6685798.5,6.179999828338623,5.699999809265137,0.48000001907348633,0.04000000158945719,364000,6685700,False,False,False
364081.5,6685798.5,13.5,9.960000038146973,3.5399999618530273,0.29499999682108563,364000,6685700,False,False,False
364177.5,6685798.5,17.56999969482422,10.1899995803833,7.380000114440918,0.6150000095367432,364100,6685700,False,False,False
364188.5,6685798.5,20.450000762939453,14.579999923706055,5.870000839233398,0.4891667366027832,364100,6685700,False,False,False
364290.5,6685798.5,17.3700008392334,11.15999984741211,6.210000991821289,0.517500082651774,364200,6685700,False,False,False
364447.5,6685798.5,22.079999923706055,16.760000228881836,5.319999694824219,0.44333330790201825,364400,6685700,False,False,False
364467.5,6685798.5,21.020000457763672,19.65999984741211,1.3600006103515625,0.11333338419596355,364400,6685700,False,False,False
364488.5,6685798.5,17.780000686645508,12.449999809265137,5.330000877380371,0.4441667397816976,364400,6685700,False,False,False
364554.5,6685798.5,18.239999771118164,11.720000267028809,6.5199995040893555,0.5433332920074463,364500,6685700,False,False,False
364638.5,6685798.5,25.979999542236328,17.059999465942383,8.920000076293945,0.7433333396911621,364600,6685700,False,False,False
364820.5,6685798.5,19.940000534057617,12.630000114440918,7.310000419616699,0.609166701634725,364800,6685700,False,False,False
364830.5,6685798.5,14.529999732971191,7.010000228881836,7.5199995040893555,0.6266666253407797,364800,6685700,False,False,False
364905.5,6685798.5,24.81999969482422,19.860000610351562,4.959999084472656,0.413333257039388,364900,6685700,False,False,False
364958.5,6685798.5,26.5,25.049999237060547,1.4500007629394531,0.1208333969116211,364900,6685700,False,False,False
364091.5,6685797.5,11.8100004196167,7.369999885559082,4.440000534057617,0.37000004450480145,364000,6685700,False,False,False
364235.5,6685797.5,24.020000457763672,18.75,5.270000457763672,0.43916670481363934,364200,6685700,False,False,False
364455.5,6685797.5,19.6200008392334,14.470000267028809,5.15000057220459,0.4291667143503825,364400,6685700,False,False,False
364601.5,6685797.5,22.09000015258789,17.15999984741211,4.930000305175781,0.41083335876464844,364600,6685700,False,False,False
364103.5,6685796.5,13.039999961853027,9.739999771118164,3.3000001907348633,0.27500001589457196,364100,6685700,False,False,False
364414.5,6685796.5,20.229999542236328,14.630000114440918,5.59999942779541,0.46666661898295086,364400,6685700,False,False,False
364932.5,6685796.5,18.860000610351562,21.18000030517578,-2.3199996948242188,-0.19333330790201822,364900,6685700,False,False,False
364118.5,6685795.5,21.299999237060547,14.09000015258789,7.209999084472656,0.6008332570393881,364100,6685700,False,False,False
364141.5,6685795.5,19.530000686645508,10.4399995803833,9.090001106262207,0.7575000921885172,364100,6685700,False,False,False
364154.5,6685795.5,19.079999923706055,12.720000267028809,6.359999656677246,0.5299999713897705,364100,6685700,False,False,False
364249.5,6685795.5,15.949999809265137,10.609999656677246,5.340000152587891,0.44500001271565753,364200,6685700,False,False,False
364270.5,6685795.5,20.540000915527344,15.270000457763672,5.270000457763672,0.43916670481363934,364200,6685700,False,False,False
364320.5,6685795.5,22.059999465942383,13.050000190734863,9.00999927520752,0.75083327293396,364300,6685700,False,False,False
364511.5,6685795.5,24.420000076293945,18.739999771118164,5.680000305175781,0.47333335876464844,364500,6685700,False,False,False
364543.5,6685795.5,16.780000686645508,11.4399995803833,5.340001106262207,0.44500009218851727,364500,6685700,False,False,False
364577.5,6685795.5,23.149999618530273,19.950000762939453,3.1999988555908203,0.26666657129923504,364500,6685700,False,False,False
364658.5,6685795.5,27.059999465942383,18.56999969482422,8.489999771118164,0.7074999809265137,364600,6685700,False,False,False
364729.5,6685795.5,19.209999084472656,16.530000686645508,2.6799983978271484,0.22333319981892905,364700,6685700,False,False,False
364998.5,6685795.5,20.559999465942383,19.3700008392334,1.1899986267089844,0.0991665522257487,364900,6685700,False,False,False
364132.5,6685794.5,18.850000381469727,13.720000267028809,5.130000114440918,0.42750000953674316,364100,6685700,False,False,False
364202.5,6685794.5,22.520000457763672,15.789999961853027,6.7300004959106445,0.5608333746592203,364200,6685700,False,False,False
364279.5,6685794.5,13.260000228881836,6.880000114440918,6.380000114440918,0.5316666762034098,364200,6685700,False,False,False
364303.5,6685794.5,18.450000762939453,12.470000267028809,5.9800004959106445,0.4983333746592204,364300,6685700,False,False,False
364313.5,6685794.5,20.600000381469727,12.119999885559082,8.480000495910645,0.7066667079925537,364300,6685700,False,False,False
364430.5,6685794.5,19.829999923706055,14.649999618530273,5.180000305175781,0.43166669209798175,364400,6685700,False,False,False
364498.5,6685794.5,20.450000762939453,15.380000114440918,5.070000648498535,0.4225000540415446,364400,6685700,False,False,False
364607.5,6685794.5,21.489999771118164,15.699999809265137,5.789999961853027,0.48249999682108563,364600,6685700,False,False,False
364619.5,6685794.5,23.579999923706055,17.889999389648438,5.690000534057617,0.4741667111714681,364600,6685700,False,False,False
364792.5,6685794.5,20.079999923706055,14.609999656677246,5.470000267028809,0.45583335558573407,364700,6685700,False,False,False
364884.5,6685794.5,25.81999969482422,17.540000915527344,8.279998779296875,0.6899998982747396,364800,6685700,False,False,False
364356.5,6685793.5,16.920000076293945,9.270000457763672,7.649999618530273,0.6374999682108561,364300,6685700,False,False,False
364535.5,6685793.5,20.18000030517578,15.739999771118164,4.440000534057617,0.37000004450480145,364500,6685700,False,False,False
364672.5,6685793.5,26.040000915527344,15.859999656677246,10.180001258850098,0.8483334382375082,364600,6685700,False,False,False
364708.5,6685793.5,19.260000228881836,11.270000457763672,7.989999771118164,0.665833314259847,364700,6685700,False,False,False
364293.5,6685792.5,17.790000915527344,13.260000228881836,4.530000686645508,0.377500057220459,364200,6685700,False,False,False
364368.5,6685792.5,18.530000686645508,10.90999984741211,7.620000839233398,0.6350000699361166,364300,6685700,False,False,False
364566.5,6685792.5,19.600000381469727,14.359999656677246,5.2400007247924805,0.43666672706604004,364500,6685700,False,False,False
364840.5,6685792.5,21.479999542236328,17.34000015258789,4.1399993896484375,0.3449999491373698,364800,6685700,False,False,False
364990.5,6685792.5,22.760000228881836,19.059999465942383,3.700000762939453,0.3083333969116211,364900,6685700,False,False,False
364109.5,6685791.5,17.1200008392334,15.09000015258789,2.030000686645508,0.16916672388712564,364100,6685700,False,False,False
364196.5,6685791.5,16.649999618530273,9.850000381469727,6.799999237060547,0.5666666030883789,364100,6685700,False,False,False
364287.5,6685791.5,15.289999961853027,12.09000015258789,3.1999998092651367,0.2666666507720947,364200,6685700,False,False,False
364415.5,6685791.5,20.860000610351562,17.489999771118164,3.3700008392333984,0.2808334032694499,364400,6685700,False,False,False
364420.5,6685791.5,22.75,18.559999465942383,4.190000534057617,0.3491667111714681,364400,6685700,False,False,False
364522.5,6685791.5,24.270000457763672,17.209999084472656,7.060001373291016,0.5883334477742513,364500,6685700,False,False,False
364826.5,6685791.5,15.600000381469727,9.0600004196167,6.539999961853027,0.5449999968210856,364800,6685700,False,False,False
364897.5,6685791.5,20.010000228881836,11.859999656677246,8.15000057220459,0.6791667143503824,364800,6685700,False,False,False
364903.5,6685791.5,24.530000686645508,20.299999237060547,4.230001449584961,0.35250012079874676,364900,6685700,False,False,False
364264.5,6685790.5,23.420000076293945,17.75,5.670000076293945,0.4725000063578288,364200,6685700,False,False,False
364318.5,6685790.5,22.6200008392334,18.31999969482422,4.30000114440918,0.35833342870076496,364300,6685700,False,False,False
364639.5,6685790.5,24.639999389648438,19.15999984741211,5.479999542236328,0.45666662851969403,364600,6685700,False,False,False
364698.5,6685790.5,23.899999618530273,17.959999084472656,5.940000534057617,0.49500004450480145,364600,6685700,False,False,False
364722.5,6685790.5,16.84000015258789,10.479999542236328,6.3600006103515625,0.5300000508626302,364700,6685700,False,False,False
364146.5,6685789.5,21.43000030517578,16.06999969482422,5.3600006103515625,0.4466667175292969,364100,6685700,False,False,False
364186.5,6685789.5,19.639999389648438,14.550000190734863,5.089999198913574,0.42416659990946454,364100,6685700,False,False,False
364270.5,6685789.5,23.65999984741211,17.239999771118164,6.420000076293945,0.5350000063578287,364200,6685700,False,False,False
364377.5,6685789.5,9.720000267028809,4.119999885559082,5.600000381469727,0.46666669845581055,364300,6685700,False,False,False
364462.5,6685789.5,20.030000686645508,15.579999923706055,4.450000762939453,0.3708333969116211,364400,6685700,False,False,False
364483.5,6685789.5,18.420000076293945,11.90999984741211,6.510000228881836,0.5425000190734863,364400,6685700,False,False,False
364152.5,6685788.5,20.350000381469727,12.510000228881836,7.840000152587891,0.6533333460489908,364100,6685700,False,False,False
364229.5,6685788.5,24.709999084472656,16.8799991607666,7.829999923706055,0.6524999936421713,364200,6685700,False,False,False
364282.5,6685788.5,16.59000015258789,10.619999885559082,5.970000267028809,0.4975000222524007,364200,6685700,False,False,False
364326.5,6685788.5,21.540000915527344,11.0600004196167,10.480000495910645,0.8733333746592203,364300,6685700,False,False,False
364331.5,6685788.5,20.950000762939453,13.09000015258789,7.8600006103515625,0.6550000508626302,364300,6685700,False,False,False
364362.5,6685788.5,17.559999465942383,8.880000114440918,8.679999351501465,0.7233332792917887,364300,6685700,False,False,False
364737.5,6685788.5,19.979999542236328,19.420000076293945,0.5599994659423828,0.046666622161865234,364700,6685700,False,False,False
364778.5,6685788.5,9.6899995803833,8.010000228881836,1.6799993515014648,0.1399999459584554,364700,6685700,False,False,False
364814.5,6685788.5,21.690000534057617,15.619999885559082,6.070000648498535,0.5058333873748779,364800,6685700,False,False,False
364911.5,6685788.5,26.549999237060547,24.579999923706055,1.9699993133544922,0.16416660944620767,364900,6685700,False,False,False
364973.5,6685788.5,28.260000228881836,27.09000015258789,1.1700000762939453,0.09750000635782878,364900,6685700,False,False,False
364091.5,6685787.5,14.079999923706055,12.90999984741211,1.1700000762939453,0.09750000635782878,364000,6685700,False,False,False
364308.5,6685787.5,15.770000457763672,9.34000015258789,6.430000305175781,0.5358333587646484,364300,6685700,False,False,False
364492.5,6685787.5,23.079999923706055,17.010000228881836,6.069999694824219,0.5058333079020182,364400,6685700,False,False,False
364501.5,6685787.5,22.729999542236328,16.93000030517578,5.799999237060547,0.4833332697550456,364500,6685700,False,False,False
364514.5,6685787.5,24.09000015258789,18.700000762939453,5.3899993896484375,0.44916661580403644,364500,6685700,False,False,False
364839.5,6685787.5,22.239999771118164,16.850000381469727,5.3899993896484375,0.44916661580403644,364800,6685700,False,False,False
364866.5,6685787.5,23.1200008392334,17.719999313354492,5.400001525878906,0.4500001271565755,364800,6685700,False,False,False
364926.5,6685787.5,17.010000228881836,17.459999084472656,-0.4499988555908203,-0.03749990463256836,364900,6685700,False,False,False
364955.5,6685787.5,18.059999465942383,25.889999389648438,-7.829999923706055,-0.6524999936421713,364900,6685700,False,False,False
364042.5,6685786.5,5.090000152587891,8.350000381469727,-3.260000228881836,-0.271666685740153,364000,6685700,False,False,False
364122.5,6685786.5,20.469999313354492,14.550000190734863,5.919999122619629,0.4933332602183024,364100,6685700,False,False,False
364440.5,6685786.5,19.06999969482422,11.6899995803833,7.380000114440918,0.6150000095367432,364400,6685700,False,False,False
364860.5,6685786.5,24.209999084472656,17.549999237060547,6.659999847412109,0.5549999872843424,364800,6685700,False,False,False
364941.5,6685786.5,16.809999465942383,26.68000030517578,-9.870000839233398,-0.8225000699361166,364900,6685700,False,False,False
364994.5,6685786.5,19.459999084472656,14.649999618530273,4.809999465942383,0.4008332888285319,364900,6685700,False,False,False
364046.5,6685785.5,9.4399995803833,7.489999771118164,1.9499998092651367,0.16249998410542807,364000,6685700,False,False,False
364084.5,6685785.5,16.729999542236328,16.290000915527344,0.4399986267089844,0.036666552225748696,364000,6685700,False,False,False
364343.5,6685785.5,21.56999969482422,15.1899995803833,6.380000114440918,0.5316666762034098,364300,6685700,False,False,False
364354.5,6685785.5,19.6299991607666,10.550000190734863,9.079998970031738,0.7566665808359782,364300,6685700,False,False,False
364421.5,6685785.5,22.440000534057617,17.8700008392334,4.569999694824219,0.38083330790201825,364400,6685700,False,False,False
364528.5,6685785.5,21.299999237060547,16.81999969482422,4.479999542236328,0.37333329518636066,364500,6685700,False,False,False
364601.5,6685785.5,18.729999542236328,12.489999771118164,6.239999771118164,0.5199999809265137,364600,6685700,False,False,False
364662.5,6685785.5,27.260000228881836,21.059999465942383,6.200000762939453,0.5166667302449545,364600,6685700,False,False,False
364688.5,6685785.5,21.65999984741211,15.760000228881836,5.899999618530273,0.49166663487752277,364600,6685700,False,False,False
364199.5,6685784.5,22.239999771118164,16.1200008392334,6.119998931884766,0.5099999109903971,364100,6685700,False,False,False
364235.5,6685784.5,21.889999389648438,15.289999961853027,6.59999942779541,0.5499999523162842,364200,6685700,False,False,False
364243.5,6685784.5,21.649999618530273,15.420000076293945,6.229999542236328,0.519166628519694,364200,6685700,False,False,False
364256.5,6685784.5,19.559999465942383,15.380000114440918,4.179999351501465,0.34833327929178876,364200,6685700,False,False,False
364300.5,6685784.5,21.920000076293945,16.770000457763672,5.149999618530273,0.42916663487752277,364300,6685700,False,False,False
364415.5,6685784.5,22.09000015258789,16.729999542236328,5.3600006103515625,0.4466667175292969,364400,6685700,False,False,False
364434.5,6685784.5,21.639999389648438,14.430000305175781,7.209999084472656,0.6008332570393881,364400,6685700,False,False,False
364454.5,6685784.5,20.719999313354492,13.789999961853027,6.929999351501465,0.5774999459584554,364400,6685700,False,False,False
364710.5,6685784.5,19.690000534057617,11.489999771118164,8.200000762939453,0.6833333969116211,364700,6685700,False,False,False
364720.5,6685784.5,16.0,6.630000114440918,9.369999885559082,0.7808333237965902,364700,6685700,False,False,False
364805.5,6685784.5,23.829999923706055,17.729999542236328,6.100000381469727,0.5083333651224772,364800,6685700,False,False,False
364963.5,6685784.5,16.260000228881836,21.469999313354492,-5.209999084472656,-0.4341665903727214,364900,6685700,False,False,False
364016.5,6685783.5,9.4399995803833,6.829999923706055,2.609999656677246,0.2174999713897705,364000,6685700,False,False,False
364115.5,6685783.5,12.8100004196167,6.75,6.060000419616699,0.5050000349680582,364100,6685700,False,False,False
364248.5,6685783.5,21.34000015258789,15.899999618530273,5.440000534057617,0.45333337783813477,364200,6685700,False,False,False
364330.5,6685783.5,21.75,16.65999984741211,5.090000152587891,0.4241666793823242,364300,6685700,False,False,False
364367.5,6685783.5,18.959999084472656,12.149999618530273,6.809999465942383,0.5674999554951986,364300,6685700,False,False,False
364427.5,6685783.5,20.959999084472656,16.079999923706055,4.879999160766602,0.4066665967305501,364400,6685700,False,False,False
364537.5,6685783.5,21.010000228881836,16.799999237060547,4.210000991821289,0.3508334159851074,364500,6685700,False,False,False
364629.5,6685783.5,24.559999465942383,19.15999984741211,5.399999618530273,0.44999996821085614,364600,6685700,False,False,False
364799.5,6685783.5,21.3700008392334,15.460000038146973,5.910000801086426,0.49250006675720215,364700,6685700,False,False,False
364007.5,6685782.5,9.789999961853027,13.010000228881836,-3.2200002670288086,-0.26833335558573407,364000,6685700,False,False,False
364135.5,6685782.5,19.670000076293945,11.979999542236328,7.690000534057617,0.6408333778381348,364100,6685700,False,False,False
364217.5,6685782.5,22.420000076293945,17.760000228881836,4.659999847412109,0.3883333206176758,364200,6685700,False,False,False
364264.5,6685782.5,22.920000076293945,16.420000076293945,6.5,0.5416666666666666,364200,6685700,False,False,False
364486.5,6685782.5,21.170000076293945,14.430000305175781,6.739999771118164,0.5616666475931803,364400,6685700,False,False,False
364542.5,6685782.5,20.809999465942383,11.180000305175781,9.629999160766602,0.8024999300638834,364500,6685700,False,False,False
364674.5,6685782.5,26.610000610351562,20.100000381469727,6.510000228881836,0.5425000190734863,364600,6685700,False,False,False
364813.5,6685782.5,25.690000534057617,18.489999771118164,7.200000762939453,0.6000000635782877,364800,6685700,False,False,False
364884.5,6685782.5,25.989999771118164,20.3799991607666,5.6100006103515625,0.4675000508626302,364800,6685700,False,False,False
364932.5,6685782.5,15.710000038146973,25.1299991607666,-9.419999122619629,-0.7849999268849691,364900,6685700,False,False,False
364149.5,6685781.5,19.93000030517578,14.1899995803833,5.7400007247924805,0.4783333937327067,364100,6685700,False,False,False
364155.5,6685781.5,21.1200008392334,15.350000381469727,5.770000457763672,0.48083337148030597,364100,6685700,False,False,False
364177.5,6685781.5,16.34000015258789,9.09000015258789,7.25,0.6041666666666666,364100,6685700,False,False,False
364188.5,6685781.5,18.860000610351562,14.8100004196167,4.050000190734863,0.33750001589457196,364100,6685700,False,False,False
364282.5,6685781.5,17.6200008392334,14.350000381469727,3.270000457763672,0.27250003814697266,364200,6685700,False,False,False
364493.5,6685781.5,21.520000457763672,14.899999618530273,6.620000839233398,0.5516667366027832,364400,6685700,False,False,False
364781.5,6685781.5,8.59000015258789,8.050000190734863,0.5399999618530273,0.04499999682108561,364700,6685700,False,False,False
364835.5,6685781.5,20.81999969482422,14.850000381469727,5.969999313354492,0.497499942779541,364800,6685700,False,False,False
364867.5,6685781.5,24.34000015258789,19.450000762939453,4.8899993896484375,0.4074999491373698,364800,6685700,False,False,False
364919.5,6685781.5,18.31999969482422,25.469999313354492,-7.149999618530273,-0.5958333015441895,364900,6685700,False,False,False
364047.5,6685780.5,11.359999656677246,8.420000076293945,2.939999580383301,0.24499996503194174,364000,6685700,False,False,False
364105.5,6685780.5,14.979999542236328,13.789999961853027,1.1899995803833008,0.0991666316986084,364100,6685700,False,False,False
364339.5,6685780.5,21.510000228881836,15.449999809265137,6.060000419616699,0.5050000349680582,364300,6685700,False,False,False
364473.5,6685780.5,19.18000030517578,14.510000228881836,4.670000076293945,0.3891666730244954,364400,6685700,False,False,False
364643.5,6685780.5,24.100000381469727,16.540000915527344,7.559999465942383,0.6299999554951986,364600,6685700,False,False,False
364699.5,6685780.5,27.8700008392334,25.309999465942383,2.5600013732910156,0.2133334477742513,364600,6685700,False,False,False
364902.5,6685780.5,24.93000030517578,16.280000686645508,8.649999618530273,0.7208333015441895,364900,6685700,False,False,False
364923.5,6685780.5,17.770000457763672,25.809999465942383,-8.039999008178711,-0.669999917348226,364900,6685700,False,False,False
364940.5,6685780.5,5.119999885559082,23.3799991607666,-18.25999927520752,-1.5216666062672932,364900,6685700,False,False,False
364229.5,6685779.5,20.780000686645508,13.680000305175781,7.100000381469727,0.5916666984558105,364200,6685700,False,False,False
364253.5,6685779.5,21.0,14.850000381469727,6.149999618530273,0.5124999682108561,364200,6685700,False,False,False
364437.5,6685779.5,22.020000457763672,10.90999984741211,11.110000610351562,0.9258333841959635,364400,6685700,False,False,False
364619.5,6685779.5,25.389999389648438,20.350000381469727,5.039999008178711,0.4199999173482259,364600,6685700,False,False,False
364956.5,6685779.5,18.020000457763672,12.109999656677246,5.910000801086426,0.49250006675720215,364900,6685700,False,False,False
364084.5,6685778.5,15.859999656677246,10.630000114440918,5.229999542236328,0.43583329518636066,364000,6685700,False,False,False
364110.5,6685778.5,14.8100004196167,13.130000114440918,1.6800003051757812,0.1400000254313151,364100,6685700,False,False,False
364196.5,6685778.5,22.049999237060547,15.970000267028809,6.079998970031738,0.5066665808359782,364100,6685700,False,False,False
364299.5,6685778.5,21.299999237060547,14.680000305175781,6.619998931884766,0.5516665776570638,364200,6685700,False,False,False
364427.5,6685778.5,21.950000762939453,16.329999923706055,5.620000839233398,0.4683334032694499,364400,6685700,False,False,False
364563.5,6685778.5,16.920000076293945,10.970000267028809,5.949999809265137,0.4958333174387614,364500,6685700,False,False,False
364594.5,6685778.5,19.559999465942383,11.119999885559082,8.4399995803833,0.703333298365275,364500,6685700,False,False,False
364666.5,6685778.5,27.110000610351562,16.56999969482422,10.540000915527344,0.8783334096272787,364600,6685700,False,False,False
364804.5,6685778.5,23.979999542236328,17.399999618530273,6.579999923706055,0.5483333269755045,364800,6685700,False,False,False
364847.5,6685778.5,21.899999618530273,14.359999656677246,7.539999961853027,0.628333330154419,364800,6685700,False,False,False
364039.5,6685777.5,17.889999389648438,16.020000457763672,1.8699989318847656,0.15583324432373047,364000,6685700,False,False,False
364293.5,6685777.5,20.209999084472656,16.209999084472656,4.0,0.3333333333333333,364200,6685700,False,False,False
364310.5,6685777.5,20.110000610351562,13.75,6.3600006103515625,0.5300000508626302,364300,6685700,False,False,False
364409.5,6685777.5,19.93000030517578,15.9399995803833,3.9900007247924805,0.33250006039937335,364400,6685700,False,False,False
364458.5,6685777.5,20.81999969482422,13.84000015258789,6.979999542236328,0.581666628519694,364400,6685700,False,False,False
364576.5,6685777.5,19.989999771118164,14.470000267028809,5.5199995040893555,0.459999958674113,364500,6685700,False,False,False
364840.5,6685777.5,22.389999389648438,17.049999237060547,5.340000152587891,0.44500001271565753,364800,6685700,False,False,False
364094.5,6685776.5,11.779999732971191,7.929999828338623,3.8499999046325684,0.32083332538604736,364000,6685700,False,False,False
364143.5,6685776.5,20.940000534057617,15.319999694824219,5.620000839233398,0.4683334032694499,364100,6685700,False,False,False
364287.5,6685776.5,18.670000076293945,13.779999732971191,4.890000343322754,0.4075000286102295,364200,6685700,False,False,False
364656.5,6685776.5,27.309999465942383,21.770000457763672,5.539999008178711,0.4616665840148926,364600,6685700,False,False,False
364798.5,6685776.5,24.059999465942383,17.34000015258789,6.719999313354492,0.559999942779541,364700,6685700,False,False,False
364832.5,6685776.5,21.639999389648438,14.84000015258789,6.799999237060547,0.5666666030883789,364800,6685700,False,False,False
364883.5,6685776.5,26.040000915527344,18.100000381469727,7.940000534057617,0.6616667111714681,364800,6685700,False,False,False
364236.5,6685775.5,22.989999771118164,16.479999542236328,6.510000228881836,0.5425000190734863,364200,6685700,False,False,False
364270.5,6685775.5,21.6200008392334,14.15999984741211,7.460000991821289,0.6216667493184408,364200,6685700,False,False,False
364344.5,6685775.5,20.56999969482422,14.449999809265137,6.119999885559082,0.5099999904632568,364300,6685700,False,False,False
364367.5,6685775.5,20.309999465942383,14.260000228881836,6.049999237060547,0.5041666030883789,364300,6685700,False,False,False
364502.5,6685775.5,22.610000610351562,16.84000015258789,5.770000457763672,0.48083337148030597,364500,6685700,False,False,False
364547.5,6685775.5,20.8799991607666,14.920000076293945,5.959999084472656,0.4966665903727214,364500,6685700,False,False,False
364571.5,6685775.5,18.799999237060547,15.739999771118164,3.059999465942383,0.25499995549519855,364500,6685700,False,False,False
364723.5,6685775.5,25.31999969482422,20.969999313354492,4.350000381469727,0.36250003178914386,364700,6685700,False,False,False
364996.5,6685775.5,26.200000762939453,25.149999618530273,1.0500011444091797,0.08750009536743164,364900,6685700,False,False,False
364205.5,6685774.5,18.190000534057617,11.5600004196167,6.630000114440918,0.5525000095367432,364200,6685700,False,False,False
364265.5,6685774.5,20.56999969482422,15.869999885559082,4.699999809265137,0.3916666507720947,364200,6685700,False,False,False
364449.5,6685774.5,24.110000610351562,13.739999771118164,10.370000839233398,0.8641667366027832,364400,6685700,False,False,False
364512.5,6685774.5,18.850000381469727,14.199999809265137,4.65000057220459,0.3875000476837158,364500,6685700,False,False,False
364524.5,6685774.5,17.479999542236328,12.630000114440918,4.84999942779541,0.40416661898295086,364500,6685700,False,False,False
364628.5,6685774.5,24.719999313354492,19.510000228881836,5.209999084472656,0.4341665903727214,364600,6685700,False,False,False
364642.5,6685774.5,24.399999618530273,19.649999618530273,4.75,0.3958333333333333,364600,6685700,False,False,False
364931.5,6685774.5,17.579999923706055,20.309999465942383,-2.729999542236328,-0.22749996185302734,364900,6685700,False,False,False
364978.5,6685774.5,28.829999923706055,27.75,1.0799999237060547,0.08999999364217122,364900,6685700,False,False,False
364026.5,6685773.5,12.930000305175781,8.15999984741211,4.770000457763672,0.39750003814697266,364000,6685700,False,False,False
364049.5,6685773.5,16.290000915527344,15.430000305175781,0.8600006103515625,0.07166671752929688,364000,6685700,False,False,False
364128.5,6685773.5,19.81999969482422,15.100000381469727,4.719999313354492,0.39333327611287433,364100,6685700,False,False,False
364168.5,6685773.5,14.380000114440918,7.940000057220459,6.440000057220459,0.5366666714350382,364100,6685700,False,False,False
364216.5,6685773.5,24.8700008392334,17.229999542236328,7.64000129699707,0.6366667747497559,364200,6685700,False,False,False
364377.5,6685773.5,18.780000686645508,10.6899995803833,8.090001106262207,0.674166758855184,364300,6685700,False,False,False
364419.5,6685773.5,21.579999923706055,16.43000030517578,5.149999618530273,0.42916663487752277,364400,6685700,False,False,False
364479.5,6685773.5,19.6299991607666,9.630000114440918,9.999999046325684,0.8333332538604736,364400,6685700,False,False,False
364519.5,6685773.5,16.479999542236328,8.59000015258789,7.8899993896484375,0.6574999491373698,364500,6685700,False,False,False
364551.5,6685773.5,20.56999969482422,12.949999809265137,7.619999885559082,0.6349999904632568,364500,6685700,False,False,False
364674.5,6685773.5,26.8700008392334,18.479999542236328,8.39000129699707,0.6991667747497559,364600,6685700,False,False,False
364894.5,6685773.5,25.559999465942383,14.399999618530273,11.15999984741211,0.9299999872843424,364800,6685700,False,False,False
364036.5,6685772.5,17.3700008392334,16.3799991607666,0.9900016784667969,0.08250013987223308,364000,6685700,False,False,False
364091.5,6685772.5,10.0,9.050000190734863,0.9499998092651367,0.07916665077209473,364000,6685700,False,False,False
364243.5,6685772.5,19.450000762939453,14.130000114440918,5.320000648498535,0.44333338737487793,364200,6685700,False,False,False
364304.5,6685772.5,20.329999923706055,13.550000190734863,6.779999732971191,0.5649999777475992,364300,6685700,False,False,False
364356.5,6685772.5,20.950000762939453,10.4399995803833,10.510001182556152,0.8758334318796793,364300,6685700,False,False,False
364467.5,6685772.5,19.280000686645508,12.199999809265137,7.080000877380371,0.5900000731150309,364400,6685700,False,False,False
364854.5,6685772.5,22.600000381469727,17.219999313354492,5.380001068115234,0.4483334223429362,364800,6685700,False,False,False
364152.5,6685771.5,20.1200008392334,12.399999618530273,7.720001220703125,0.6433334350585938,364100,6685700,False,False,False
364193.5,6685771.5,19.56999969482422,14.710000038146973,4.859999656677246,0.4049999713897705,364100,6685700,False,False,False
364294.5,6685771.5,19.559999465942383,10.25,9.309999465942383,0.7758332888285319,364200,6685700,False,False,False
364314.5,6685771.5,19.610000610351562,14.119999885559082,5.4900007247924805,0.45750006039937335,364300,6685700,False,False,False
364326.5,6685771.5,22.90999984741211,14.15999984741211,8.75,0.7291666666666666,364300,6685700,False,False,False
364362.5,6685771.5,19.450000762939453,12.789999961853027,6.660000801086426,0.5550000667572021,364300,6685700,False,False,False
364662.5,6685771.5,25.959999084472656,19.959999084472656,6.0,0.5,364600,6685700,False,False,False
364694.5,6685771.5,25.56999969482422,25.209999084472656,0.3600006103515625,0.030000050862630207,364600,6685700,False,False,False
364138.5,6685770.5,20.639999389648438,13.989999771118164,6.649999618530273,0.5541666348775228,364100,6685700,False,False,False
364187.5,6685770.5,19.219999313354492,13.619999885559082,5.59999942779541,0.46666661898295086,364100,6685700,False,False,False
364255.5,6685770.5,20.149999618530273,15.649999618530273,4.5,0.375,364200,6685700,False,False,False
364408.5,6685770.5,20.579999923706055,16.540000915527344,4.039999008178711,0.3366665840148926,364400,6685700,False,False,False
364530.5,6685770.5,20.350000381469727,12.390000343322754,7.960000038146973,0.6633333365122477,364500,6685700,False,False,False
364635.5,6685770.5,24.969999313354492,17.100000381469727,7.869998931884766,0.6558332443237305,364600,6685700,False,False,False
364788.5,6685770.5,20.09000015258789,14.579999923706055,5.510000228881836,0.459166685740153,364700,6685700,False,False,False
364288.5,6685769.5,20.989999771118164,13.300000190734863,7.689999580383301,0.640833298365275,364200,6685700,False,False,False
364779.5,6685769.5,13.0600004196167,6.630000114440918,6.430000305175781,0.5358333587646484,364700,6685700,False,False,False
364042.5,6685768.5,14.699999809265137,13.609999656677246,1.0900001525878906,0.09083334604899089,364000,6685700,False,False,False
364076.5,6685768.5,16.65999984741211,12.989999771118164,3.6700000762939453,0.3058333396911621,364000,6685700,False,False,False
364083.5,6685768.5,14.25,13.180000305175781,1.0699996948242188,0.08916664123535156,364000,6685700,False,False,False
364114.5,6685768.5,19.190000534057617,17.639999389648438,1.5500011444091797,0.1291667620340983,364100,6685700,False,False,False
364229.5,6685768.5,21.950000762939453,13.760000228881836,8.190000534057617,0.6825000445048014,364200,6685700,False,False,False
364368.5,6685768.5,18.84000015258789,12.359999656677246,6.4800004959106445,0.5400000413258871,364300,6685700,False,False,False
364388.5,6685768.5,18.1299991607666,10.479999542236328,7.649999618530273,0.6374999682108561,364300,6685700,False,False,False
364485.5,6685768.5,16.209999084472656,8.640000343322754,7.569998741149902,0.6308332284291586,364400,6685700,False,False,False
364682.5,6685768.5,22.969999313354492,13.609999656677246,9.359999656677246,0.7799999713897705,364600,6685700,False,False,False
364806.5,6685768.5,26.1299991607666,19.25,6.879999160766602,0.5733332633972168,364800,6685700,False,False,False
364947.5,6685768.5,20.790000915527344,23.610000610351562,-2.8199996948242188,-0.2349999745686849,364900,6685700,False,False,False
364120.5,6685767.5,17.850000381469727,12.050000190734863,5.800000190734863,0.4833333492279053,364100,6685700,False,False,False
364127.5,6685767.5,20.610000610351562,16.239999771118164,4.370000839233398,0.3641667366027832,364100,6685700,False,False,False
364279.5,6685767.5,22.149999618530273,17.889999389648438,4.260000228881836,0.35500001907348633,364200,6685700,False,False,False
364492.5,6685767.5,18.479999542236328,13.350000381469727,5.129999160766602,0.4274999300638835,364400,6685700,False,False,False
364569.5,6685767.5,19.040000915527344,12.789999961853027,6.250000953674316,0.520833412806193,364500,6685700,False,False,False
364831.5,6685767.5,24.829999923706055,20.190000534057617,4.6399993896484375,0.38666661580403644,364800,6685700,False,False,False
364914.5,6685767.5,17.639999389648438,24.899999618530273,-7.260000228881836,-0.6050000190734863,364900,6685700,False,False,False
364025.5,6685766.5,9.5,7.539999961853027,1.9600000381469727,0.1633333365122477,364000,6685700,False,False,False
364092.5,6685766.5,17.219999313354492,15.770000457763672,1.4499988555908203,0.12083323796590169,364000,6685700,False,False,False
364143.5,6685766.5,20.350000381469727,15.829999923706055,4.520000457763672,0.37666670481363934,364100,6685700,False,False,False
364302.5,6685766.5,19.43000030517578,13.920000076293945,5.510000228881836,0.459166685740153,364300,6685700,False,False,False
364429.5,6685766.5,21.059999465942383,16.329999923706055,4.729999542236328,0.39416662851969403,364400,6685700,False,False,False
364470.5,6685766.5,19.729999542236328,15.09000015258789,4.6399993896484375,0.38666661580403644,364400,6685700,False,False,False
364505.5,6685766.5,17.8700008392334,13.529999732971191,4.340001106262207,0.3616667588551839,364500,6685700,False,False,False
364511.5,6685766.5,20.579999923706055,12.489999771118164,8.09000015258789,0.6741666793823242,364500,6685700,False,False,False
364558.5,6685766.5,18.049999237060547,12.899999618530273,5.149999618530273,0.42916663487752277,364500,6685700,False,False,False
364609.5,6685766.5,19.950000762939453,16.889999389648438,3.0600013732910156,0.25500011444091797,364600,6685700,False,False,False
364871.5,6685766.5,26.639999389648438,0.0,26.639999389648438,2.2199999491373696,364800,6685700,False,False,False
364919.5,6685766.5,16.06999969482422,11.399999618530273,4.670000076293945,0.3891666730244954,364900,6685700,False,False,False
364938.5,6685766.5,17.34000015258789,22.700000762939453,-5.3600006103515625,-0.4466667175292969,364900,6685700,False,False,False
364058.5,6685765.5,6.559999942779541,16.040000915527344,-9.480000972747803,-0.7900000810623169,364000,6685700,False,False,False
364206.5,6685765.5,22.530000686645508,18.09000015258789,4.440000534057617,0.37000004450480145,364200,6685700,False,False,False
364245.5,6685765.5,18.760000228881836,13.0,5.760000228881836,0.48000001907348633,364200,6685700,False,False,False
364336.5,6685765.5,22.81999969482422,15.979999542236328,6.840000152587891,0.5700000127156576,364300,6685700,False,False,False
364351.5,6685765.5,20.760000228881836,14.069999694824219,6.690000534057617,0.5575000445048014,364300,6685700,False,False,False
364439.5,6685765.5,22.93000030517578,10.899999618530273,12.030000686645508,1.002500057220459,364400,6685700,False,False,False
364465.5,6685765.5,19.389999389648438,11.430000305175781,7.959999084472656,0.6633332570393881,364400,6685700,False,False,False
364474.5,6685765.5,19.84000015258789,7.480000019073486,12.360000133514404,1.0300000111262004,364400,6685700,False,False,False
364497.5,6685765.5,18.1299991607666,11.279999732971191,6.84999942779541,0.5708332856496176,364400,6685700,False,False,False
364708.5,6685765.5,24.8799991607666,24.520000457763672,0.3599987030029297,0.02999989191691081,364700,6685700,False,False,False
364068.5,6685764.5,15.149999618530273,11.4399995803833,3.7100000381469727,0.30916666984558105,364000,6685700,False,False,False
364157.5,6685764.5,21.84000015258789,13.970000267028809,7.869999885559082,0.6558333237965902,364100,6685700,False,False,False
364223.5,6685764.5,19.530000686645508,13.399999618530273,6.130001068115234,0.5108334223429362,364200,6685700,False,False,False
364270.5,6685764.5,19.309999465942383,12.6899995803833,6.619999885559082,0.5516666571299235,364200,6685700,False,False,False
364411.5,6685764.5,22.940000534057617,13.75,9.190000534057617,0.7658333778381348,364400,6685700,False,False,False
364007.5,6685763.5,14.430000305175781,13.3100004196167,1.119999885559082,0.09333332379659016,364000,6685700,False,False,False
364019.5,6685763.5,13.979999542236328,13.029999732971191,0.9499998092651367,0.07916665077209473,364000,6685700,False,False,False
364133.5,6685763.5,16.790000915527344,12.899999618530273,3.8900012969970703,0.32416677474975586,364100,6685700,False,False,False
364312.5,6685763.5,19.389999389648438,17.059999465942383,2.3299999237060547,0.1941666603088379,364300,6685700,False,False,False
364344.5,6685763.5,20.09000015258789,13.529999732971191,6.560000419616699,0.546666701634725,364300,6685700,False,False,False
364520.5,6685763.5,13.850000381469727,0.1899999976158142,13.660000383853912,1.1383333653211594,364500,6685700,False,False,False
364590.5,6685763.5,23.18000030517578,17.100000381469727,6.079999923706055,0.5066666603088379,364500,6685700,False,False,False
364840.5,6685763.5,24.110000610351562,19.209999084472656,4.900001525878906,0.4083334604899089,364800,6685700,False,False,False
364961.5,6685763.5,21.15999984741211,15.229999542236328,5.930000305175781,0.49416669209798175,364900,6685700,False,False,False
364986.5,6685763.5,24.219999313354492,21.579999923706055,2.6399993896484375,0.21999994913736978,364900,6685700,False,False,False
364029.5,6685762.5,11.220000267028809,10.890000343322754,0.3299999237060547,0.027499993642171223,364000,6685700,False,False,False
364036.5,6685762.5,10.890000343322754,9.260000228881836,1.630000114440918,0.1358333428700765,364000,6685700,False,False,False
364082.5,6685762.5,18.610000610351562,16.59000015258789,2.020000457763672,0.168333371480306,364000,6685700,False,False,False
364198.5,6685762.5,19.770000457763672,14.699999809265137,5.070000648498535,0.4225000540415446,364100,6685700,False,False,False
364289.5,6685762.5,20.219999313354492,13.289999961853027,6.929999351501465,0.5774999459584554,364200,6685700,False,False,False
364384.5,6685762.5,15.270000457763672,7.769999980926514,7.500000476837158,0.6250000397364298,364300,6685700,False,False,False
364396.5,6685762.5,14.630000114440918,6.71999979019165,7.910000324249268,0.659166693687439,364300,6685700,False,False,False
364578.5,6685762.5,21.3700008392334,13.960000038146973,7.410000801086426,0.6175000667572021,364500,6685700,False,False,False
364636.5,6685762.5,24.0,18.350000381469727,5.649999618530273,0.47083330154418945,364600,6685700,False,False,False
364801.5,6685762.5,26.299999237060547,19.260000228881836,7.039999008178711,0.5866665840148926,364800,6685700,False,False,False
364902.5,6685762.5,19.31999969482422,23.6200008392334,-4.30000114440918,-0.35833342870076496,364900,6685700,False,False,False
364974.5,6685762.5,20.010000228881836,23.200000762939453,-3.190000534057617,-0.26583337783813477,364900,6685700,False,False,False
364015.5,6685761.5,14.510000228881836,12.5600004196167,1.9499998092651367,0.16249998410542807,364000,6685700,False,False,False
364189.5,6685761.5,19.920000076293945,12.229999542236328,7.690000534057617,0.6408333778381348,364100,6685700,False,False,False
364284.5,6685761.5,20.5,15.350000381469727,5.149999618530273,0.42916663487752277,364200,6685700,False,False,False
364328.5,6685761.5,22.719999313354492,17.020000457763672,5.69999885559082,0.47499990463256836,364300,6685700,False,False,False
364540.5,6685761.5,21.100000381469727,15.739999771118164,5.3600006103515625,0.4466667175292969,364500,6685700,False,False,False
364882.5,6685761.5,25.030000686645508,16.1299991607666,8.900001525878906,0.7416667938232422,364800,6685700,False,False,False
364907.5,6685761.5,21.719999313354492,18.479999542236328,3.239999771118164,0.26999998092651367,364900,6685700,False,False,False
364916.5,6685761.5,17.600000381469727,24.729999542236328,-7.129999160766602,-0.5941665967305502,364900,6685700,False,False,False
364000.5,6685760.5,15.960000038146973,14.449999809265137,1.510000228881836,0.12583335240681967,364000,6685700,False,False,False
364390.5,6685760.5,17.959999084472656,8.039999961853027,9.919999122619629,0.8266665935516357,364300,6685700,False,False,False
364445.5,6685760.5,23.010000228881836,15.899999618530273,7.1100006103515625,0.5925000508626302,364400,6685700,False,False,False
364479.5,6685760.5,16.309999465942383,8.710000038146973,7.59999942779541,0.6333332856496176,364400,6685700,False,False,False
364552.5,6685760.5,19.649999618530273,13.890000343322754,5.7599992752075195,0.47999993960062665,364500,6685700,False,False,False
364699.5,6685760.5,21.93000030517578,21.8700008392334,0.05999946594238281,0.004999955495198567,364600,6685700,False,False,False
364931.5,6685760.5,18.149999618530273,22.170000076293945,-4.020000457763672,-0.33500003814697266,364900,6685700,False,False,False
364245.5,6685759.5,18.520000457763672,12.0,6.520000457763672,0.543333371480306,364200,6685700,False,False,False
364367.5,6685759.5,20.43000030517578,10.800000190734863,9.630000114440918,0.8025000095367432,364300,6685700,False,False,False
364454.5,6685759.5,18.700000762939453,14.119999885559082,4.580000877380371,0.3816667397816976,364400,6685700,False,False,False
364649.5,6685759.5,25.6200008392334,17.829999923706055,7.790000915527344,0.6491667429606119,364600,6685700,False,False,False
364656.5,6685759.5,26.860000610351562,18.31999969482422,8.540000915527344,0.7116667429606119,364600,6685700,False,False,False
364792.5,6685759.5,24.350000381469727,17.06999969482422,7.280000686645508,0.6066667238871256,364700,6685700,False,False,False
364834.5,6685759.5,22.56999969482422,16.940000534057617,5.629999160766602,0.4691665967305501,364800,6685700,False,False,False
364922.5,6685759.5,20.350000381469727,19.600000381469727,0.75,0.0625,364900,6685700,False,False,False
364101.5,6685758.5,15.050000190734863,14.640000343322754,0.4099998474121094,0.03416665395100912,364100,6685700,False,False,False
364171.5,6685758.5,21.299999237060547,14.470000267028809,6.829998970031738,0.5691665808359782,364100,6685700,False,False,False
364206.5,6685758.5,18.510000228881836,12.010000228881836,6.5,0.5416666666666666,364200,6685700,False,False,False
364058.5,6685757.5,12.229999542236328,9.960000038146973,2.2699995040893555,0.18916662534077963,364000,6685700,False,False,False
364148.5,6685757.5,19.850000381469727,13.630000114440918,6.220000267028809,0.518333355585734,364100,6685700,False,False,False
364156.5,6685757.5,20.790000915527344,13.34000015258789,7.450000762939453,0.6208333969116211,364100,6685700,False,False,False
364341.5,6685757.5,18.530000686645508,7.650000095367432,10.880000591278076,0.9066667159398397,364300,6685700,False,False,False
364672.5,6685757.5,25.649999618530273,18.940000534057617,6.709999084472656,0.5591665903727213,364600,6685700,False,False,False
364677.5,6685757.5,25.979999542236328,20.780000686645508,5.19999885559082,0.4333332379659017,364600,6685700,False,False,False
364777.5,6685757.5,15.829999923706055,7.849999904632568,7.980000019073486,0.6650000015894572,364700,6685700,False,False,False
364990.5,6685757.5,24.510000228881836,11.960000038146973,12.550000190734863,1.0458333492279053,364900,6685700,False,False,False
364998.5,6685757.5,26.579999923706055,19.0,7.579999923706055,0.6316666603088379,364900,6685700,False,False,False
364111.5,6685756.5,14.819999694824219,13.729999542236328,1.0900001525878906,0.09083334604899089,364100,6685700,False,False,False
364318.5,6685756.5,22.670000076293945,17.6200008392334,5.049999237060547,0.4208332697550456,364300,6685700,False,False,False
364461.5,6685756.5,16.280000686645508,10.819999694824219,5.460000991821289,0.4550000826517741,364400,6685700,False,False,False
364503.5,6685756.5,20.440000534057617,16.0,4.440000534057617,0.37000004450480145,364500,6685700,False,False,False
364588.5,6685756.5,21.8799991607666,15.5600004196167,6.319998741149902,0.5266665617624918,364500,6685700,False,False,False
364638.5,6685756.5,24.799999237060547,14.970000267028809,9.829998970031738,0.8191665808359782,364600,6685700,False,False,False
364667.5,6685756.5,26.229999542236328,18.329999923706055,7.899999618530273,0.6583333015441895,364600,6685700,False,False,False
364047.5,6685755.5,13.739999771118164,13.329999923706055,0.4099998474121094,0.03416665395100912,364000,6685700,False,False,False
364121.5,6685755.5,20.899999618530273,20.190000534057617,0.7099990844726562,0.05916659037272135,364100,6685700,False,False,False
364141.5,6685755.5,21.860000610351562,15.970000267028809,5.890000343322754,0.4908333619435628,364100,6685700,False,False,False
364307.5,6685755.5,18.299999237060547,11.199999809265137,7.09999942779541,0.5916666189829508,364300,6685700,False,False,False
364402.5,6685755.5,18.6299991607666,12.470000267028809,6.159998893737793,0.513333241144816,364400,6685700,False,False,False
364497.5,6685755.5,20.780000686645508,16.760000228881836,4.020000457763672,0.33500003814697266,364400,6685700,False,False,False
364511.5,6685755.5,19.25,12.630000114440918,6.619999885559082,0.5516666571299235,364500,6685700,False,False,False
364612.5,6685755.5,24.540000915527344,18.530000686645508,6.010000228881836,0.5008333524068197,364600,6685700,False,False,False
364845.5,6685755.5,25.0,16.5,8.5,0.7083333333333334,364800,6685700,False,False,False
364878.5,6685755.5,24.219999313354492,4.860000133514404,19.359999179840088,1.613333264986674,364800,6685700,False,False,False
364884.5,6685755.5,24.5,10.90999984741211,13.59000015258789,1.1325000127156575,364800,6685700,False,False,False
364961.5,6685755.5,22.049999237060547,20.739999771118164,1.3099994659423828,0.10916662216186523,364900,6685700,False,False,False
364025.5,6685754.5,8.079999923706055,5.159999847412109,2.9200000762939453,0.2433333396911621,364000,6685700,False,False,False
364131.5,6685754.5,18.780000686645508,15.8100004196167,2.9700002670288086,0.24750002225240073,364100,6685700,False,False,False
364189.5,6685754.5,21.43000030517578,14.800000190734863,6.630000114440918,0.5525000095367432,364100,6685700,False,False,False
364213.5,6685754.5,19.030000686645508,11.760000228881836,7.270000457763672,0.605833371480306,364200,6685700,False,False,False
364250.5,6685754.5,22.549999237060547,16.6299991607666,5.920000076293945,0.4933333396911621,364200,6685700,False,False,False
364256.5,6685754.5,23.190000534057617,18.899999618530273,4.290000915527344,0.3575000762939453,364200,6685700,False,False,False
364302.5,6685754.5,19.329999923706055,12.3100004196167,7.0199995040893555,0.5849999586741129,364300,6685700,False,False,False
364545.5,6685754.5,21.190000534057617,14.050000190734863,7.140000343322754,0.5950000286102295,364500,6685700,False,False,False
364580.5,6685754.5,21.540000915527344,13.220000267028809,8.320000648498535,0.6933333873748779,364500,6685700,False,False,False
364723.5,6685754.5,30.719999313354492,26.510000228881836,4.209999084472656,0.350833257039388,364700,6685700,False,False,False
364859.5,6685754.5,26.610000610351562,19.360000610351562,7.25,0.6041666666666666,364800,6685700,False,False,False
364091.5,6685753.5,15.569999694824219,14.970000267028809,0.5999994277954102,0.04999995231628418,364000,6685700,False,False,False
364162.5,6685753.5,22.520000457763672,14.630000114440918,7.890000343322754,0.6575000286102295,364100,6685700,False,False,False
364198.5,6685753.5,16.84000015258789,11.9399995803833,4.90000057220459,0.40833338101704914,364100,6685700,False,False,False
364272.5,6685753.5,21.360000610351562,16.440000534057617,4.920000076293945,0.4100000063578288,364200,6685700,False,False,False
364333.5,6685753.5,21.40999984741211,15.699999809265137,5.710000038146973,0.47583333651224774,364300,6685700,False,False,False
364349.5,6685753.5,19.700000762939453,9.649999618530273,10.05000114440918,0.8375000953674316,364300,6685700,False,False,False
364922.5,6685753.5,19.75,13.770000457763672,5.979999542236328,0.49833329518636066,364900,6685700,False,False,False
364040.5,6685752.5,13.970000267028809,12.579999923706055,1.390000343322754,0.11583336194356282,364000,6685700,False,False,False
364052.5,6685752.5,15.069999694824219,11.84000015258789,3.229999542236328,0.26916662851969403,364000,6685700,False,False,False
364172.5,6685752.5,21.049999237060547,14.789999961853027,6.2599992752075195,0.5216666062672933,364100,6685700,False,False,False
364182.5,6685752.5,21.6200008392334,17.0,4.620000839233398,0.3850000699361165,364100,6685700,False,False,False
364358.5,6685752.5,20.639999389648438,9.210000038146973,11.429999351501465,0.9524999459584554,364300,6685700,False,False,False
364390.5,6685752.5,16.8799991607666,8.619999885559082,8.25999927520752,0.68833327293396,364300,6685700,False,False,False
364415.5,6685752.5,21.649999618530273,12.569999694824219,9.079999923706055,0.7566666603088379,364400,6685700,False,False,False
364436.5,6685752.5,22.049999237060547,16.010000228881836,6.039999008178711,0.5033332506815592,364400,6685700,False,False,False
364488.5,6685752.5,20.389999389648438,15.760000228881836,4.629999160766602,0.3858332633972168,364400,6685700,False,False,False
364568.5,6685752.5,20.149999618530273,15.550000190734863,4.59999942779541,0.3833332856496175,364500,6685700,False,False,False
364794.5,6685752.5,23.59000015258789,17.43000030517578,6.159999847412109,0.5133333206176758,364700,6685700,False,False,False
364836.5,6685752.5,21.68000030517578,17.489999771118164,4.190000534057617,0.3491667111714681,364800,6685700,False,False,False
364935.5,6685752.5,21.639999389648438,14.699999809265137,6.939999580383301,0.578333298365275,364900,6685700,False,False,False
364012.5,6685751.5,14.460000038146973,13.15999984741211,1.3000001907348633,0.10833334922790527,364000,6685700,False,False,False
364097.5,6685751.5,17.520000457763672,14.460000038146973,3.060000419616699,0.2550000349680583,364000,6685700,False,False,False
364220.5,6685751.5,21.040000915527344,13.399999618530273,7.64000129699707,0.6366667747497559,364200,6685700,False,False,False
364366.5,6685751.5,21.3799991607666,13.390000343322754,7.989998817443848,0.6658332347869873,364300,6685700,False,False,False
364445.5,6685751.5,20.729999542236328,14.4399995803833,6.289999961853027,0.5241666634877523,364400,6685700,False,False,False
364483.5,6685751.5,19.8700008392334,14.720000267028809,5.15000057220459,0.4291667143503825,364400,6685700,False,False,False
364681.5,6685751.5,26.450000762939453,18.5,7.950000762939453,0.6625000635782877,364600,6685700,False,False,False
364853.5,6685751.5,25.209999084472656,17.530000686645508,7.679998397827148,0.6399998664855957,364800,6685700,False,False,False
364903.5,6685751.5,22.950000762939453,11.109999656677246,11.840001106262207,0.986666758855184,364900,6685700,False,False,False
364955.5,6685751.5,5.699999809265137,21.899999618530273,-16.199999809265137,-1.349999984105428,364900,6685700,False,False,False
364023.5,6685750.5,9.460000038146973,7.300000190734863,2.1599998474121094,0.17999998728434244,364000,6685700,False,False,False
364267.5,6685750.5,22.600000381469727,17.920000076293945,4.680000305175781,0.3900000254313151,364200,6685700,False,False,False
364431.5,6685750.5,21.299999237060547,16.350000381469727,4.94999885559082,0.41249990463256836,364400,6685700,False,False,False
364501.5,6685750.5,21.6200008392334,16.389999389648438,5.230001449584961,0.4358334541320801,364500,6685700,False,False,False
364988.5,6685750.5,25.780000686645508,17.579999923706055,8.200000762939453,0.6833333969116211,364900,6685700,False,False,False
364060.5,6685749.5,14.869999885559082,11.359999656677246,3.510000228881836,0.29250001907348633,364000,6685700,False,False,False
364378.5,6685749.5,19.139999389648438,9.510000228881836,9.629999160766602,0.8024999300638834,364300,6685700,False,False,False
364475.5,6685749.5,18.56999969482422,15.380000114440918,3.189999580383301,0.2658332983652751,364400,6685700,False,False,False
364710.5,6685749.5,25.030000686645508,20.780000686645508,4.25,0.3541666666666667,364700,6685700,False,False,False
364743.5,6685749.5,20.350000381469727,14.8100004196167,5.539999961853027,0.46166666348775226,364700,6685700,False,False,False
364032.5,6685748.5,14.0600004196167,13.319999694824219,0.7400007247924805,0.06166672706604004,364000,6685700,False,False,False
364106.5,6685748.5,12.180000305175781,11.109999656677246,1.0700006484985352,0.08916672070821126,364100,6685700,False,False,False
364177.5,6685748.5,22.049999237060547,13.989999771118164,8.059999465942383,0.6716666221618652,364100,6685700,False,False,False
364232.5,6685748.5,22.5,18.06999969482422,4.430000305175781,0.36916669209798175,364200,6685700,False,False,False
364286.5,6685748.5,19.43000030517578,14.6899995803833,4.7400007247924805,0.39500006039937335,364200,6685700,False,False,False
364332.5,6685748.5,21.079999923706055,16.579999923706055,4.5,0.375,364300,6685700,False,False,False
364558.5,6685748.5,21.75,13.300000190734863,8.449999809265137,0.7041666507720947,364500,6685700,False,False,False
364872.5,6685748.5,23.600000381469727,16.709999084472656,6.89000129699707,0.5741667747497559,364800,6685700,False,False,False
364917.5,6685748.5,20.690000534057617,14.489999771118164,6.200000762939453,0.5166667302449545,364900,6685700,False,False,False
364127.5,6685747.5,16.719999313354492,13.869999885559082,2.84999942779541,0.23749995231628418,364100,6685700,False,False,False
364157.5,6685747.5,23.770000457763672,16.84000015258789,6.930000305175781,0.5775000254313151,364100,6685700,False,False,False
364238.5,6685747.5,24.899999618530273,18.190000534057617,6.709999084472656,0.5591665903727213,364200,6685700,False,False,False
364257.5,6685747.5,19.75,13.800000190734863,5.949999809265137,0.4958333174387614,364200,6685700,False,False,False
364342.5,6685747.5,20.90999984741211,14.260000228881836,6.649999618530273,0.5541666348775228,364300,6685700,False,False,False
364352.5,6685747.5,20.3700008392334,13.140000343322754,7.2300004959106445,0.6025000413258871,364300,6685700,False,False,False
364426.5,6685747.5,21.360000610351562,15.210000038146973,6.15000057220459,0.5125000476837158,364400,6685700,False,False,False
364531.5,6685747.5,22.510000228881836,18.200000762939453,4.309999465942383,0.35916662216186523,364500,6685700,False,False,False
364576.5,6685747.5,22.079999923706055,16.0,6.079999923706055,0.5066666603088379,364500,6685700,False,False,False
364597.5,6685747.5,21.459999084472656,14.149999618530273,7.309999465942383,0.6091666221618652,364500,6685700,False,False,False
364802.5,6685747.5,23.780000686645508,17.209999084472656,6.570001602172852,0.5475001335144043,364800,6685700,False,False,False
364844.5,6685747.5,24.399999618530273,18.450000762939453,5.94999885559082,0.4958332379659017,364800,6685700,False,False,False
364878.5,6685747.5,23.709999084472656,15.329999923706055,8.379999160766602,0.6983332633972168,364800,6685700,False,False,False
364933.5,6685747.5,23.049999237060547,18.350000381469727,4.69999885559082,0.39166657129923504,364900,6685700,False,False,False
364941.5,6685747.5,23.229999542236328,18.200000762939453,5.029998779296875,0.41916656494140625,364900,6685700,False,False,False
364020.5,6685746.5,9.430000305175781,6.190000057220459,3.2400002479553223,0.27000002066294354,364000,6685700,False,False,False
364078.5,6685746.5,16.690000534057617,16.049999237060547,0.6400012969970703,0.053333441416422524,364000,6685700,False,False,False
364209.5,6685746.5,21.170000076293945,15.220000267028809,5.949999809265137,0.4958333174387614,364200,6685700,False,False,False
364448.5,6685746.5,20.5,12.729999542236328,7.770000457763672,0.6475000381469727,364400,6685700,False,False,False
364582.5,6685746.5,21.18000030517578,14.520000457763672,6.659999847412109,0.5549999872843424,364500,6685700,False,False,False
364639.5,6685746.5,25.43000030517578,9.760000228881836,15.670000076293945,1.305833339691162,364600,6685700,False,False,False
364776.5,6685746.5,20.969999313354492,16.190000534057617,4.779998779296875,0.39833323160807294,364700,6685700,False,False,False
364947.5,6685746.5,21.600000381469727,14.739999771118164,6.8600006103515625,0.5716667175292969,364900,6685700,False,False,False
364004.5,6685745.5,10.329999923706055,8.180000305175781,2.1499996185302734,0.1791666348775228,364000,6685700,False,False,False
364115.5,6685745.5,14.819999694824219,12.920000076293945,1.8999996185302734,0.15833330154418945,364100,6685700,False,False,False
364294.5,6685745.5,16.280000686645508,11.720000267028809,4.560000419616699,0.3800000349680583,364200,6685700,False,False,False
364312.5,6685745.5,20.020000457763672,15.329999923706055,4.690000534057617,0.39083337783813477,364300,6685700,False,False,False
364462.5,6685745.5,20.020000457763672,13.569999694824219,6.450000762939453,0.5375000635782877,364400,6685700,False,False,False
364999.5,6685745.5,25.81999969482422,22.43000030517578,3.3899993896484375,0.2824999491373698,364900,6685700,False,False,False
364201.5,6685744.5,21.100000381469727,16.649999618530273,4.450000762939453,0.3708333969116211,364200,6685700,False,False,False
364474.5,6685744.5,19.940000534057617,14.319999694824219,5.620000839233398,0.4683334032694499,364400,6685700,False,False,False
364567.5,6685744.5,22.399999618530273,17.010000228881836,5.3899993896484375,0.44916661580403644,364500,6685700,False,False,False
364615.5,6685744.5,23.75,17.75,6.0,0.5,364600,6685700,False,False,False
364623.5,6685744.5,24.90999984741211,17.559999465942383,7.350000381469727,0.6125000317891439,364600,6685700,False,False,False
364825.5,6685744.5,24.90999984741211,17.780000686645508,7.129999160766602,0.5941665967305502,364800,6685700,False,False,False
364000.5,6685743.5,12.149999618530273,11.5600004196167,0.5899991989135742,0.049166599909464516,364000,6685700,False,False,False
364055.5,6685743.5,11.9399995803833,8.470000267028809,3.469999313354492,0.2891666094462077,364000,6685700,False,False,False
364063.5,6685743.5,17.90999984741211,17.3700008392334,0.5399990081787109,0.044999917348225914,364000,6685700,False,False,False
364147.5,6685743.5,18.81999969482422,12.630000114440918,6.189999580383301,0.515833298365275,364100,6685700,False,False,False
364305.5,6685743.5,17.510000228881836,11.979999542236328,5.530000686645508,0.4608333905537923,364300,6685700,False,False,False
364318.5,6685743.5,16.780000686645508,13.829999923706055,2.950000762939453,0.2458333969116211,364300,6685700,False,False,False
364327.5,6685743.5,19.850000381469727,14.420000076293945,5.430000305175781,0.4525000254313151,364300,6685700,False,False,False
364376.5,6685743.5,19.84000015258789,11.09000015258789,8.75,0.7291666666666666,364300,6685700,False,False,False
364396.5,6685743.5,20.010000228881836,13.050000190734863,6.960000038146973,0.5800000031789144,364300,6685700,False,False,False
364494.5,6685743.5,22.549999237060547,17.149999618530273,5.399999618530273,0.44999996821085614,364400,6685700,False,False,False
364548.5,6685743.5,23.34000015258789,16.6299991607666,6.710000991821289,0.5591667493184408,364500,6685700,False,False,False
364703.5,6685743.5,26.059999465942383,20.809999465942383,5.25,0.4375,364700,6685700,False,False,False
364859.5,6685743.5,26.459999084472656,21.0,5.459999084472656,0.4549999237060547,364800,6685700,False,False,False
364039.5,6685742.5,8.710000038146973,5.619999885559082,3.0900001525878906,0.25750001271565753,364000,6685700,False,False,False
364102.5,6685742.5,11.550000190734863,9.569999694824219,1.9800004959106445,0.16500004132588705,364100,6685700,False,False,False
364136.5,6685742.5,22.709999084472656,17.739999771118164,4.969999313354492,0.4141666094462077,364100,6685700,False,False,False
364168.5,6685742.5,18.389999389648438,10.6899995803833,7.699999809265137,0.6416666507720947,364100,6685700,False,False,False
364194.5,6685742.5,19.65999984741211,17.540000915527344,2.1199989318847656,0.1766665776570638,364100,6685700,False,False,False
364514.5,6685742.5,18.899999618530273,13.15999984741211,5.739999771118164,0.478333314259847,364500,6685700,False,False,False
364658.5,6685742.5,19.280000686645508,0.15000000596046448,19.130000680685043,1.5941667233904202,364600,6685700,False,False,False
364680.5,6685742.5,23.549999237060547,17.90999984741211,5.6399993896484375,0.4699999491373698,364600,6685700,False,False,False
364914.5,6685742.5,21.15999984741211,14.25,6.909999847412109,0.5758333206176758,364900,6685700,False,False,False
364956.5,6685742.5,18.780000686645508,22.65999984741211,-3.8799991607666016,-0.3233332633972168,364900,6685700,False,False,False
364018.5,6685741.5,6.710000038146973,3.8499999046325684,2.8600001335144043,0.2383333444595337,364000,6685700,False,False,False
364244.5,6685741.5,19.1299991607666,12.75,6.379999160766602,0.5316665967305502,364200,6685700,False,False,False
364449.5,6685741.5,19.440000534057617,11.609999656677246,7.830000877380371,0.6525000731150309,364400,6685700,False,False,False
364750.5,6685741.5,25.030000686645508,20.15999984741211,4.870000839233398,0.4058334032694499,364700,6685700,False,False,False
364777.5,6685741.5,19.969999313354492,14.8100004196167,5.159998893737793,0.42999990781148273,364700,6685700,False,False,False
364816.5,6685741.5,25.360000610351562,19.43000030517578,5.930000305175781,0.49416669209798175,364800,6685700,False,False,False
364072.5,6685740.5,15.670000076293945,14.6899995803833,0.9800004959106445,0.08166670799255371,364000,6685700,False,False,False
364088.5,6685740.5,11.079999923706055,9.350000381469727,1.7299995422363281,0.144166628519694,364000,6685700,False,False,False
364162.5,6685740.5,19.25,13.470000267028809,5.779999732971191,0.48166664441426593,364100,6685700,False,False,False
364363.5,6685740.5,21.06999969482422,9.680000305175781,11.389999389648438,0.9491666158040365,364300,6685700,False,False,False
364431.5,6685740.5,22.049999237060547,11.149999618530273,10.899999618530273,0.9083333015441895,364400,6685700,False,False,False
364525.5,6685740.5,18.850000381469727,17.170000076293945,1.6800003051757812,0.1400000254313151,364500,6685700,False,False,False
364530.5,6685740.5,19.020000457763672,15.0,4.020000457763672,0.33500003814697266,364500,6685700,False,False,False
364559.5,6685740.5,21.75,12.9399995803833,8.8100004196167,0.734166701634725,364500,6685700,False,False,False
364602.5,6685740.5,20.350000381469727,15.15999984741211,5.190000534057617,0.43250004450480145,364600,6685700,False,False,False
364722.5,6685740.5,29.110000610351562,22.260000228881836,6.850000381469727,0.5708333651224772,364700,6685700,False,False,False
364878.5,6685740.5,23.270000457763672,18.489999771118164,4.780000686645508,0.3983333905537923,364800,6685700,False,False,False
364989.5,6685740.5,23.299999237060547,18.1299991607666,5.170000076293945,0.4308333396911621,364900,6685700,False,False,False
364010.5,6685739.5,16.1299991607666,14.239999771118164,1.8899993896484375,0.15749994913736978,364000,6685700,False,False,False
364081.5,6685739.5,15.1899995803833,13.300000190734863,1.8899993896484375,0.15749994913736978,364000,6685700,False,False,False
364121.5,6685739.5,19.020000457763672,18.110000610351562,0.9099998474121094,0.07583332061767578,364100,6685700,False,False,False
364154.5,6685739.5,19.309999465942383,15.380000114440918,3.929999351501465,0.3274999459584554,364100,6685700,False,False,False
364184.5,6685739.5,23.40999984741211,18.030000686645508,5.379999160766602,0.4483332633972168,364100,6685700,False,False,False
364333.5,6685739.5,20.420000076293945,8.5,11.920000076293945,0.9933333396911621,364300,6685700,False,False,False
364359.5,6685739.5,21.110000610351562,7.510000228881836,13.600000381469727,1.1333333651224773,364300,6685700,False,False,False
364386.5,6685739.5,21.15999984741211,12.710000038146973,8.449999809265137,0.7041666507720947,364300,6685700,False,False,False
364413.5,6685739.5,23.520000457763672,14.010000228881836,9.510000228881836,0.7925000190734863,364400,6685700,False,False,False
364474.5,6685739.5,19.889999389648438,13.15999984741211,6.729999542236328,0.5608332951863607,364400,6685700,False,False,False
364590.5,6685739.5,19.459999084472656,13.890000343322754,5.569998741149902,0.4641665617624919,364500,6685700,False,False,False
364596.5,6685739.5,19.600000381469727,14.720000267028809,4.880000114440918,0.40666667620340985,364500,6685700,False,False,False
364729.5,6685739.5,29.15999984741211,23.899999618530273,5.260000228881836,0.43833335240681964,364700,6685700,False,False,False
364109.5,6685738.5,18.780000686645508,17.479999542236328,1.3000011444091797,0.10833342870076497,364100,6685700,False,False,False
364168.5,6685738.5,18.639999389648438,12.470000267028809,6.169999122619629,0.5141665935516357,364100,6685700,False,False,False
364190.5,6685738.5,21.309999465942383,14.65999984741211,6.649999618530273,0.5541666348775228,364100,6685700,False,False,False
364216.5,6685738.5,21.8700008392334,17.559999465942383,4.310001373291016,0.35916678110758465,364200,6685700,False,False,False
364232.5,6685738.5,18.760000228881836,13.380000114440918,5.380000114440918,0.4483333428700765,364200,6685700,False,False,False
364256.5,6685738.5,20.860000610351562,13.220000267028809,7.640000343322754,0.6366666952768961,364200,6685700,False,False,False
364270.5,6685738.5,21.139999389648438,14.670000076293945,6.469999313354492,0.5391666094462076,364200,6685700,False,False,False
364848.5,6685738.5,26.540000915527344,20.139999389648438,6.400001525878906,0.5333334604899088,364800,6685700,False,False,False
364028.5,6685737.5,9.289999961853027,4.96999979019165,4.320000171661377,0.36000001430511475,364000,6685700,False,False,False
364048.5,6685737.5,9.979999542236328,4.860000133514404,5.119999408721924,0.42666661739349365,364000,6685700,False,False,False
364239.5,6685737.5,21.329999923706055,16.809999465942383,4.520000457763672,0.37666670481363934,364200,6685700,False,False,False
364294.5,6685737.5,16.770000457763672,12.470000267028809,4.300000190734863,0.3583333492279053,364200,6685700,False,False,False
364312.5,6685737.5,16.760000228881836,11.90999984741211,4.850000381469727,0.40416669845581055,364300,6685700,False,False,False
364339.5,6685737.5,21.700000762939453,14.710000038146973,6.9900007247924805,0.5825000603993734,364300,6685700,False,False,False
364349.5,6685737.5,18.270000457763672,0.4300000071525574,17.840000450611115,1.486666704217593,364300,6685700,False,False,False
364354.5,6685737.5,19.979999542236328,5.630000114440918,14.34999942779541,1.1958332856496174,364300,6685700,False,False,False
364643.5,6685737.5,25.670000076293945,20.280000686645508,5.3899993896484375,0.44916661580403644,364600,6685700,False,False,False
364765.5,6685737.5,20.93000030517578,17.15999984741211,3.770000457763672,0.31416670481363934,364700,6685700,False,False,False
364934.5,6685737.5,23.709999084472656,16.81999969482422,6.8899993896484375,0.5741666158040365,364900,6685700,False,False,False
364039.5,6685736.5,14.670000076293945,13.510000228881836,1.1599998474121094,0.09666665395100911,364000,6685700,False,False,False
364316.5,6685736.5,17.260000228881836,12.949999809265137,4.310000419616699,0.3591667016347249,364300,6685700,False,False,False
364324.5,6685736.5,18.700000762939453,15.710000038146973,2.9900007247924805,0.24916672706604004,364300,6685700,False,False,False
364381.5,6685736.5,20.959999084472656,12.819999694824219,8.139999389648438,0.6783332824707031,364300,6685700,False,False,False
364424.5,6685736.5,19.329999923706055,11.850000381469727,7.479999542236328,0.6233332951863607,364400,6685700,False,False,False
364444.5,6685736.5,19.34000015258789,13.479999542236328,5.8600006103515625,0.48833338419596356,364400,6685700,False,False,False
364490.5,6685736.5,21.530000686645508,17.200000762939453,4.329999923706055,0.3608333269755046,364400,6685700,False,False,False
364902.5,6685736.5,20.440000534057617,13.489999771118164,6.950000762939453,0.5791667302449545,364900,6685700,False,False,False
364022.5,6685735.5,13.640000343322754,11.739999771118164,1.9000005722045898,0.15833338101704916,364000,6685700,False,False,False
364141.5,6685735.5,18.760000228881836,13.800000190734863,4.960000038146973,0.41333333651224774,364100,6685700,False,False,False
364148.5,6685735.5,22.1200008392334,17.950000762939453,4.170000076293945,0.3475000063578288,364100,6685700,False,False,False
364525.5,6685735.5,18.93000030517578,13.3100004196167,5.619999885559082,0.46833332379659015,364500,6685700,False,False,False
364665.5,6685735.5,21.81999969482422,12.300000190734863,9.519999504089355,0.7933332920074463,364600,6685700,False,False,False
364698.5,6685735.5,26.020000457763672,19.56999969482422,6.450000762939453,0.5375000635782877,364600,6685700,False,False,False
364772.5,6685735.5,24.059999465942383,16.920000076293945,7.1399993896484375,0.5949999491373698,364700,6685700,False,False,False
364247.5,6685734.5,20.3799991607666,12.710000038146973,7.669999122619629,0.6391665935516357,364200,6685700,False,False,False
364572.5,6685734.5,23.1200008392334,17.149999618530273,5.970001220703125,0.49750010172526044,364500,6685700,False,False,False
364919.5,6685734.5,19.739999771118164,14.119999885559082,5.619999885559082,0.46833332379659015,364900,6685700,False,False,False
364177.5,6685733.5,22.739999771118164,15.510000228881836,7.229999542236328,0.6024999618530273,364100,6685700,False,False,False
364197.5,6685733.5,22.010000228881836,15.350000381469727,6.659999847412109,0.5549999872843424,364100,6685700,False,False,False
364307.5,6685733.5,17.350000381469727,14.729999542236328,2.6200008392333984,0.21833340326944986,364300,6685700,False,False,False
364389.5,6685733.5,19.59000015258789,12.050000190734863,7.539999961853027,0.628333330154419,364300,6685700,False,False,False
364481.5,6685733.5,21.43000030517578,17.549999237060547,3.8800010681152344,0.3233334223429362,364400,6685700,False,False,False
364511.5,6685733.5,19.299999237060547,13.449999809265137,5.84999942779541,0.4874999523162842,364500,6685700,False,False,False
364531.5,6685733.5,20.149999618530273,13.5,6.649999618530273,0.5541666348775228,364500,6685700,False,False,False
364617.5,6685733.5,26.309999465942383,20.780000686645508,5.529998779296875,0.46083323160807294,364600,6685700,False,False,False
364628.5,6685733.5,26.1200008392334,21.809999465942383,4.310001373291016,0.35916678110758465,364600,6685700,False,False,False
364712.5,6685733.5,26.489999771118164,10.15999984741211,16.329999923706055,1.3608333269755046,364700,6685700,False,False,False
364782.5,6685733.5,24.979999542236328,20.43000030517578,4.549999237060547,0.3791666030883789,364700,6685700,False,False,False
364788.5,6685733.5,23.540000915527344,18.93000030517578,4.6100006103515625,0.3841667175292969,364700,6685700,False,False,False
364914.5,6685733.5,19.34000015258789,13.869999885559082,5.470000267028809,0.45583335558573407,364900,6685700,False,False,False
364924.5,6685733.5,20.549999237060547,14.680000305175781,5.869998931884766,0.4891665776570638,364900,6685700,False,False,False
364943.5,6685733.5,22.540000915527344,16.799999237060547,5.740001678466797,0.4783334732055664,364900,6685700,False,False,False
364031.5,6685732.5,15.4399995803833,13.920000076293945,1.5199995040893555,0.12666662534077963,364000,6685700,False,False,False
364083.5,6685732.5,17.549999237060547,17.149999618530273,0.39999961853027344,0.03333330154418945,364000,6685700,False,False,False
364187.5,6685732.5,23.110000610351562,14.0600004196167,9.050000190734863,0.7541666825612386,364100,6685700,False,False,False
364271.5,6685732.5,21.729999542236328,15.979999542236328,5.75,0.4791666666666667,364200,6685700,False,False,False
364495.5,6685732.5,22.149999618530273,16.530000686645508,5.619998931884766,0.46833324432373047,364400,6685700,False,False,False
364578.5,6685732.5,22.68000030517578,16.600000381469727,6.079999923706055,0.5066666603088379,364500,6685700,False,False,False
364596.5,6685732.5,19.040000915527344,15.729999542236328,3.3100013732910156,0.2758334477742513,364500,6685700,False,False,False
364002.5,6685731.5,13.15999984741211,7.289999961853027,5.869999885559082,0.4891666571299235,364000,6685700,False,False,False
364110.5,6685731.5,18.450000762939453,17.43000030517578,1.0200004577636719,0.08500003814697266,364100,6685700,False,False,False
364256.5,6685731.5,21.079999923706055,16.219999313354492,4.8600006103515625,0.4050000508626302,364200,6685700,False,False,False
364285.5,6685731.5,19.510000228881836,13.710000038146973,5.800000190734863,0.4833333492279053,364200,6685700,False,False,False
364331.5,6685731.5,17.989999771118164,10.619999885559082,7.369999885559082,0.6141666571299235,364300,6685700,False,False,False
364427.5,6685731.5,19.25,11.710000038146973,7.539999961853027,0.628333330154419,364400,6685700,False,False,False
364463.5,6685731.5,17.43000030517578,12.279999732971191,5.15000057220459,0.4291667143503825,364400,6685700,False,False,False
364737.5,6685731.5,24.209999084472656,22.040000915527344,2.1699981689453125,0.18083318074544272,364700,6685700,False,False,False
364861.5,6685731.5,25.110000610351562,16.25,8.860000610351562,0.7383333841959635,364800,6685700,False,False,False
364089.5,6685730.5,15.050000190734863,13.800000190734863,1.25,0.10416666666666667,364000,6685700,False,False,False
364130.5,6685730.5,19.06999969482422,15.380000114440918,3.689999580383301,0.3074999650319417,364100,6685700,False,False,False
364217.5,6685730.5,20.969999313354492,12.970000267028809,7.999999046325684,0.666666587193807,364200,6685700,False,False,False
364225.5,6685730.5,23.079999923706055,16.950000762939453,6.129999160766602,0.5108332633972168,364200,6685700,False,False,False
364326.5,6685730.5,18.729999542236328,14.920000076293945,3.809999465942383,0.31749995549519855,364300,6685700,False,False,False
364451.5,6685730.5,18.34000015258789,12.680000305175781,5.659999847412109,0.4716666539510091,364400,6685700,False,False,False
364634.5,6685730.5,26.829999923706055,14.930000305175781,11.899999618530273,0.9916666348775228,364600,6685700,False,False,False
364672.5,6685730.5,22.940000534057617,10.9399995803833,12.000000953674316,1.0000000794728596,364600,6685700,False,False,False
364750.5,6685730.5,23.889999389648438,18.979999542236328,4.909999847412109,0.4091666539510091,364700,6685700,False,False,False
364802.5,6685730.5,8.760000228881836,0.0,8.760000228881836,0.7300000190734863,364800,6685700,False,False,False
364959.5,6685730.5,19.549999237060547,14.720000267028809,4.829998970031738,0.4024999141693115,364900,6685700,False,False,False
364986.5,6685730.5,26.5,19.8700008392334,6.629999160766602,0.5524999300638834,364900,6685700,False,False,False
364159.5,6685729.5,22.75,18.200000762939453,4.549999237060547,0.3791666030883789,364100,6685700,False,False,False
364167.5,6685729.5,20.389999389648438,13.079999923706055,7.309999465942383,0.6091666221618652,364100,6685700,False,False,False
364207.5,6685729.5,17.1200008392334,12.789999961853027,4.330000877380371,0.36083340644836426,364200,6685700,False,False,False
364407.5,6685729.5,18.299999237060547,13.369999885559082,4.929999351501465,0.41083327929178876,364400,6685700,False,False,False
364417.5,6685729.5,23.889999389648438,14.550000190734863,9.339999198913574,0.7783332665761312,364400,6685700,False,False,False
364443.5,6685729.5,20.850000381469727,14.520000457763672,6.329999923706055,0.5274999936421713,364400,6685700,False,False,False
364144.5,6685728.5,18.229999542236328,12.630000114440918,5.59999942779541,0.46666661898295086,364100,6685700,False,False,False
364234.5,6685728.5,21.649999618530273,15.90999984741211,5.739999771118164,0.478333314259847,364200,6685700,False,False,False
364296.5,6685728.5,17.700000762939453,13.460000038146973,4.2400007247924805,0.3533333937327067,364200,6685700,False,False,False
364314.5,6685728.5,18.360000610351562,9.75,8.610000610351562,0.7175000508626302,364300,6685700,False,False,False
364362.5,6685728.5,18.309999465942383,10.869999885559082,7.439999580383301,0.6199999650319418,364300,6685700,False,False,False
364469.5,6685728.5,20.040000915527344,13.390000343322754,6.65000057220459,0.5541667143503824,364400,6685700,False,False,False
364476.5,6685728.5,21.219999313354492,15.390000343322754,5.829998970031738,0.48583324750264484,364400,6685700,False,False,False
364513.5,6685728.5,22.0,16.520000457763672,5.479999542236328,0.45666662851969403,364500,6685700,False,False,False
364560.5,6685728.5,24.010000228881836,19.020000457763672,4.989999771118164,0.415833314259847,364500,6685700,False,False,False
364816.5,6685728.5,24.739999771118164,18.020000457763672,6.719999313354492,0.559999942779541,364800,6685700,False,False,False
364973.5,6685728.5,26.969999313354492,20.139999389648438,6.829999923706055,0.5691666603088379,364900,6685700,False,False,False
364048.5,6685727.5,14.609999656677246,13.520000457763672,1.0899991989135742,0.09083326657613118,364000,6685700,False,False,False
364065.5,6685727.5,18.030000686645508,13.729999542236328,4.30000114440918,0.35833342870076496,364000,6685700,False,False,False
364095.5,6685727.5,16.149999618530273,13.34000015258789,2.809999465942383,0.23416662216186523,364000,6685700,False,False,False
364172.5,6685727.5,20.6299991607666,15.069999694824219,5.559999465942383,0.4633332888285319,364100,6685700,False,False,False
364200.5,6685727.5,22.329999923706055,18.110000610351562,4.219999313354492,0.3516666094462077,364200,6685700,False,False,False
364278.5,6685727.5,20.15999984741211,16.43000030517578,3.729999542236328,0.31083329518636066,364200,6685700,False,False,False
364320.5,6685727.5,21.709999084472656,14.789999961853027,6.919999122619629,0.5766665935516357,364300,6685700,False,False,False
364432.5,6685727.5,21.280000686645508,12.34000015258789,8.940000534057617,0.7450000445048014,364400,6685700,False,False,False
364486.5,6685727.5,19.059999465942383,14.770000457763672,4.289999008178711,0.3574999173482259,364400,6685700,False,False,False
364505.5,6685727.5,20.690000534057617,15.289999961853027,5.40000057220459,0.4500000476837158,364500,6685700,False,False,False
364544.5,6685727.5,22.059999465942383,17.610000610351562,4.44999885559082,0.3708332379659017,364500,6685700,False,False,False
364573.5,6685727.5,22.079999923706055,16.709999084472656,5.370000839233398,0.4475000699361165,364500,6685700,False,False,False
364662.5,6685727.5,23.020000457763672,15.579999923706055,7.440000534057617,0.6200000445048014,364600,6685700,False,False,False
364773.5,6685727.5,22.1200008392334,17.850000381469727,4.270000457763672,0.35583337148030597,364700,6685700,False,False,False
364794.5,6685727.5,24.639999389648438,17.899999618530273,6.739999771118164,0.5616666475931803,364700,6685700,False,False,False
364921.5,6685727.5,21.520000457763672,14.84000015258789,6.680000305175781,0.5566666920979818,364900,6685700,False,False,False
364252.5,6685726.5,20.690000534057617,17.149999618530273,3.5400009155273438,0.2950000762939453,364200,6685700,False,False,False
364265.5,6685726.5,19.34000015258789,15.270000457763672,4.069999694824219,0.33916664123535156,364200,6685700,False,False,False
364301.5,6685726.5,17.040000915527344,12.289999961853027,4.750000953674316,0.39583341280619305,364300,6685700,False,False,False
364348.5,6685726.5,16.899999618530273,8.710000038146973,8.1899995803833,0.6824999650319418,364300,6685700,False,False,False
364369.5,6685726.5,17.700000762939453,11.40999984741211,6.290000915527344,0.5241667429606119,364300,6685700,False,False,False
364579.5,6685726.5,22.65999984741211,16.209999084472656,6.450000762939453,0.5375000635782877,364500,6685700,False,False,False
364706.5,6685726.5,27.5,27.309999465942383,0.1900005340576172,0.015833377838134766,364700,6685700,False,False,False
364720.5,6685726.5,26.729999542236328,20.239999771118164,6.489999771118164,0.540833314259847,364700,6685700,False,False,False
364927.5,6685726.5,20.510000228881836,14.869999885559082,5.640000343322754,0.4700000286102295,364900,6685700,False,False,False
364947.5,6685726.5,22.25,15.15999984741211,7.090000152587891,0.5908333460489908,364900,6685700,False,False,False
364999.5,6685726.5,25.65999984741211,21.489999771118164,4.170000076293945,0.3475000063578288,364900,6685700,False,False,False
364118.5,6685725.5,15.800000190734863,12.350000381469727,3.4499998092651367,0.28749998410542804,364100,6685700,False,False,False
364178.5,6685725.5,19.450000762939453,13.460000038146973,5.9900007247924805,0.49916672706604004,364100,6685700,False,False,False
364382.5,6685725.5,19.75,13.670000076293945,6.079999923706055,0.5066666603088379,364300,6685700,False,False,False
364391.5,6685725.5,18.389999389648438,0.0,18.389999389648438,1.5324999491373699,364300,6685700,False,False,False
364397.5,6685725.5,21.059999465942383,12.40999984741211,8.649999618530273,0.7208333015441895,364300,6685700,False,False,False
364597.5,6685725.5,20.40999984741211,13.649999618530273,6.760000228881836,0.5633333524068197,364500,6685700,False,False,False
364611.5,6685725.5,24.969999313354492,19.889999389648438,5.079999923706055,0.4233333269755046,364600,6685700,False,False,False
364684.5,6685725.5,21.729999542236328,15.4399995803833,6.289999961853027,0.5241666634877523,364600,6685700,False,False,False
364853.5,6685725.5,25.450000762939453,20.420000076293945,5.030000686645508,0.41916672388712567,364800,6685700,False,False,False
364954.5,6685725.5,18.739999771118164,11.4399995803833,7.300000190734863,0.6083333492279053,364900,6685700,False,False,False
364140.5,6685724.5,18.110000610351562,15.130000114440918,2.9800004959106445,0.24833337465922037,364100,6685700,False,False,False
364526.5,6685724.5,22.100000381469727,16.260000228881836,5.840000152587891,0.4866666793823242,364500,6685700,False,False,False
364535.5,6685724.5,17.950000762939453,13.680000305175781,4.270000457763672,0.35583337148030597,364500,6685700,False,False,False
364673.5,6685724.5,20.709999084472656,11.59000015258789,9.119998931884766,0.7599999109903971,364600,6685700,False,False,False
364011.5,6685723.5,16.690000534057617,14.960000038146973,1.7300004959106445,0.1441667079925537,364000,6685700,False,False,False
364029.5,6685723.5,16.1200008392334,15.079999923706055,1.0400009155273438,0.08666674296061198,364000,6685700,False,False,False
364078.5,6685723.5,14.960000038146973,13.75,1.2100000381469727,0.10083333651224773,364000,6685700,False,False,False
364241.5,6685723.5,18.610000610351562,13.399999618530273,5.210000991821289,0.43416674931844074,364200,6685700,False,False,False
364337.5,6685723.5,23.209999084472656,17.8799991607666,5.329999923706055,0.4441666603088379,364300,6685700,False,False,False
364458.5,6685723.5,21.40999984741211,15.4399995803833,5.970000267028809,0.4975000222524007,364400,6685700,False,False,False
364513.5,6685723.5,21.18000030517578,16.309999465942383,4.870000839233398,0.4058334032694499,364500,6685700,False,False,False
364640.5,6685723.5,26.639999389648438,18.520000457763672,8.119998931884766,0.6766665776570638,364600,6685700,False,False,False
364811.5,6685723.5,23.790000915527344,17.559999465942383,6.230001449584961,0.5191667874654134,364800,6685700,False,False,False
364841.5,6685723.5,23.84000015258789,18.40999984741211,5.430000305175781,0.4525000254313151,364800,6685700,False,False,False
364230.5,6685722.5,18.06999969482422,13.479999542236328,4.590000152587891,0.38250001271565753,364200,6685700,False,False,False
364421.5,6685722.5,23.760000228881836,17.81999969482422,5.940000534057617,0.49500004450480145,364400,6685700,False,False,False
364434.5,6685722.5,21.31999969482422,13.680000305175781,7.6399993896484375,0.6366666158040365,364400,6685700,False,False,False
364547.5,6685722.5,21.959999084472656,17.020000457763672,4.939998626708984,0.4116665522257487,364500,6685700,False,False,False
364590.5,6685722.5,18.350000381469727,9.550000190734863,8.800000190734863,0.7333333492279053,364500,6685700,False,False,False
364624.5,6685722.5,28.110000610351562,21.34000015258789,6.770000457763672,0.5641667048136393,364600,6685700,False,False,False
364678.5,6685722.5,21.06999969482422,8.390000343322754,12.679999351501465,1.056666612625122,364600,6685700,False,False,False
364785.5,6685722.5,23.290000915527344,17.6299991607666,5.660001754760742,0.4716668128967285,364700,6685700,False,False,False
364022.5,6685721.5,16.84000015258789,14.399999618530273,2.440000534057617,0.20333337783813477,364000,6685700,False,False,False
364104.5,6685721.5,12.489999771118164,8.90999984741211,3.5799999237060547,0.2983333269755046,364100,6685700,False,False,False
364121.5,6685721.5,15.640000343322754,10.100000381469727,5.539999961853027,0.46166666348775226,364100,6685700,False,False,False
364654.5,6685721.5,24.549999237060547,18.690000534057617,5.85999870300293,0.48833322525024414,364600,6685700,False,False,False
364824.5,6685721.5,27.420000076293945,20.219999313354492,7.200000762939453,0.6000000635782877,364800,6685700,False,False,False
364834.5,6685721.5,24.700000762939453,18.18000030517578,6.520000457763672,0.543333371480306,364800,6685700,False,False,False
364864.5,6685721.5,24.549999237060547,18.040000915527344,6.509998321533203,0.542499860127767,364800,6685700,False,False,False
364978.5,6685721.5,26.059999465942383,18.940000534057617,7.119998931884766,0.5933332443237305,364900,6685700,False,False,False
364045.5,6685720.5,12.069999694824219,10.420000076293945,1.6499996185302734,0.1374999682108561,364000,6685700,False,False,False
364110.5,6685720.5,11.529999732971191,6.710000038146973,4.819999694824219,0.40166664123535156,364100,6685700,False,False,False
364155.5,6685720.5,20.469999313354492,16.729999542236328,3.739999771118164,0.31166664759318036,364100,6685700,False,False,False
364224.5,6685720.5,18.1200008392334,12.069999694824219,6.05000114440918,0.5041667620340983,364200,6685700,False,False,False
364257.5,6685720.5,21.440000534057617,17.8700008392334,3.5699996948242188,0.2974999745686849,364200,6685700,False,False,False
364365.5,6685720.5,15.529999732971191,8.069999694824219,7.460000038146973,0.621666669845581,364300,6685700,False,False,False
364442.5,6685720.5,21.139999389648438,14.119999885559082,7.0199995040893555,0.5849999586741129,364400,6685700,False,False,False
364507.5,6685720.5,24.040000915527344,19.170000076293945,4.870000839233398,0.4058334032694499,364500,6685700,False,False,False
364744.5,6685720.5,25.43000030517578,23.780000686645508,1.6499996185302734,0.1374999682108561,364700,6685700,False,False,False
364761.5,6685720.5,20.43000030517578,16.649999618530273,3.780000686645508,0.315000057220459,364700,6685700,False,False,False
364873.5,6685720.5,23.420000076293945,14.170000076293945,9.25,0.7708333333333334,364800,6685700,False,False,False
364905.5,6685720.5,18.950000762939453,12.1899995803833,6.760001182556152,0.5633334318796793,364900,6685700,False,False,False
364914.5,6685720.5,18.709999084472656,12.029999732971191,6.679999351501465,0.5566666126251221,364900,6685700,False,False,False
364923.5,6685720.5,21.219999313354492,15.069999694824219,6.149999618530273,0.5124999682108561,364900,6685700,False,False,False
364268.5,6685719.5,17.81999969482422,13.850000381469727,3.969999313354492,0.33083327611287433,364200,6685700,False,False,False
364579.5,6685719.5,22.18000030517578,17.0,5.180000305175781,0.43166669209798175,364500,6685700,False,False,False
364584.5,6685719.5,20.6299991607666,15.600000381469727,5.029998779296875,0.41916656494140625,364500,6685700,False,False,False
364602.5,6685719.5,21.020000457763672,12.210000038146973,8.8100004196167,0.734166701634725,364600,6685700,False,False,False
364736.5,6685719.5,26.059999465942383,22.579999923706055,3.479999542236328,0.28999996185302734,364700,6685700,False,False,False
364894.5,6685719.5,20.280000686645508,12.899999618530273,7.380001068115234,0.6150000890096029,364800,6685700,False,False,False
364928.5,6685719.5,22.229999542236328,15.350000381469727,6.879999160766602,0.5733332633972168,364900,6685700,False,False,False
364949.5,6685719.5,22.260000228881836,16.15999984741211,6.100000381469727,0.5083333651224772,364900,6685700,False,False,False
364960.5,6685719.5,21.5,17.1299991607666,4.370000839233398,0.3641667366027832,364900,6685700,False,False,False
364133.5,6685718.5,16.920000076293945,13.449999809265137,3.4700002670288086,0.2891666889190674,364100,6685700,False,False,False
364184.5,6685718.5,20.18000030517578,13.069999694824219,7.1100006103515625,0.5925000508626302,364100,6685700,False,False,False
364220.5,6685718.5,17.540000915527344,0.0,17.540000915527344,1.461666742960612,364200,6685700,False,False,False
364303.5,6685718.5,19.079999923706055,15.670000076293945,3.4099998474121094,0.2841666539510091,364300,6685700,False,False,False
364316.5,6685718.5,15.600000381469727,10.399999618530273,5.200000762939453,0.4333333969116211,364300,6685700,False,False,False
364392.5,6685718.5,22.860000610351562,17.690000534057617,5.170000076293945,0.4308333396911621,364300,6685700,False,False,False
364495.5,6685718.5,23.549999237060547,16.760000228881836,6.789999008178711,0.5658332506815592,364400,6685700,False,False,False
364564.5,6685718.5,23.540000915527344,17.920000076293945,5.620000839233398,0.4683334032694499,364500,6685700,False,False,False
364989.5,6685718.5,24.899999618530273,17.139999389648438,7.760000228881836,0.646666685740153,364900,6685700,False,False,False
364014.5,6685717.5,18.260000228881836,16.610000610351562,1.6499996185302734,0.1374999682108561,364000,6685700,False,False,False
364033.5,6685717.5,17.84000015258789,15.569999694824219,2.270000457763672,0.1891667048136393,364000,6685700,False,False,False
364067.5,6685717.5,14.8100004196167,14.5600004196167,0.25,0.020833333333333332,364000,6685700,False,False,False
364073.5,6685717.5,14.8100004196167,12.859999656677246,1.9500007629394531,0.16250006357828775,364000,6685700,False,False,False
364079.5,6685717.5,15.319999694824219,12.369999885559082,2.9499998092651367,0.24583331743876138,364000,6685700,False,False,False
364094.5,6685717.5,16.920000076293945,14.510000228881836,2.4099998474121094,0.20083332061767578,364000,6685700,False,False,False
364167.5,6685717.5,16.709999084472656,11.229999542236328,5.479999542236328,0.45666662851969403,364100,6685700,False,False,False
364321.5,6685717.5,16.25,12.079999923706055,4.170000076293945,0.3475000063578288,364300,6685700,False,False,False
364371.5,6685717.5,16.549999237060547,10.4399995803833,6.109999656677246,0.5091666380564371,364300,6685700,False,False,False
364427.5,6685717.5,23.59000015258789,13.40999984741211,10.180000305175781,0.8483333587646484,364400,6685700,False,False,False
364471.5,6685717.5,18.739999771118164,13.460000038146973,5.279999732971191,0.4399999777475993,364400,6685700,False,False,False
364943.5,6685717.5,22.530000686645508,15.539999961853027,6.9900007247924805,0.5825000603993734,364900,6685700,False,False,False
364056.5,6685716.5,14.869999885559082,13.779999732971191,1.0900001525878906,0.09083334604899089,364000,6685700,False,False,False
364163.5,6685716.5,16.219999313354492,9.949999809265137,6.2699995040893555,0.5224999586741129,364100,6685700,False,False,False
364287.5,6685716.5,23.459999084472656,20.290000915527344,3.1699981689453125,0.26416651407877606,364200,6685700,False,False,False
364341.5,6685716.5,18.90999984741211,16.549999237060547,2.3600006103515625,0.19666671752929688,364300,6685700,False,False,False
364407.5,6685716.5,22.329999923706055,16.489999771118164,5.840000152587891,0.4866666793823242,364400,6685700,False,False,False
364512.5,6685716.5,20.020000457763672,15.770000457763672,4.25,0.3541666666666667,364500,6685700,False,False,False
364542.5,6685716.5,23.270000457763672,18.600000381469727,4.670000076293945,0.3891666730244954,364500,6685700,False,False,False
364593.5,6685716.5,20.950000762939453,14.510000228881836,6.440000534057617,0.5366667111714681,364500,6685700,False,False,False
364698.5,6685716.5,24.6299991607666,17.40999984741211,7.219999313354492,0.6016666094462076,364600,6685700,False,False,False
364816.5,6685716.5,24.639999389648438,19.25,5.3899993896484375,0.44916661580403644,364800,6685700,False,False,False
364972.5,6685716.5,27.270000457763672,24.75,2.520000457763672,0.21000003814697266,364900,6685700,False,False,False
364000.5,6685715.5,17.860000610351562,17.479999542236328,0.3800010681152344,0.03166675567626953,364000,6685700,False,False,False
364026.5,6685715.5,16.809999465942383,15.739999771118164,1.0699996948242188,0.08916664123535156,364000,6685700,False,False,False
364086.5,6685715.5,13.300000190734863,8.529999732971191,4.770000457763672,0.39750003814697266,364000,6685700,False,False,False
364194.5,6685715.5,19.969999313354492,11.350000381469727,8.619998931884766,0.7183332443237305,364100,6685700,False,False,False
364202.5,6685715.5,17.850000381469727,10.270000457763672,7.579999923706055,0.6316666603088379,364200,6685700,False,False,False
364362.5,6685715.5,17.18000030517578,11.479999542236328,5.700000762939453,0.4750000635782878,364300,6685700,False,False,False
364451.5,6685715.5,25.209999084472656,21.420000076293945,3.789999008178711,0.31583325068155926,364400,6685700,False,False,False
364464.5,6685715.5,19.059999465942383,13.680000305175781,5.379999160766602,0.4483332633972168,364400,6685700,False,False,False
364485.5,6685715.5,22.450000762939453,13.899999618530273,8.55000114440918,0.7125000953674316,364400,6685700,False,False,False
364667.5,6685715.5,24.93000030517578,19.219999313354492,5.710000991821289,0.4758334159851074,364600,6685700,False,False,False
364823.5,6685715.5,25.6299991607666,20.709999084472656,4.920000076293945,0.4100000063578288,364800,6685700,False,False,False
364867.5,6685715.5,24.920000076293945,22.600000381469727,2.3199996948242188,0.19333330790201822,364800,6685700,False,False,False
364996.5,6685715.5,23.889999389648438,22.059999465942383,1.8299999237060547,0.15249999364217123,364900,6685700,False,False,False
364154.5,6685714.5,18.93000030517578,12.460000038146973,6.470000267028809,0.5391666889190674,364100,6685700,False,False,False
364176.5,6685714.5,19.219999313354492,12.100000381469727,7.119998931884766,0.5933332443237305,364100,6685700,False,False,False
364262.5,6685714.5,20.489999771118164,19.25,1.239999771118164,0.103333314259847,364200,6685700,False,False,False
364273.5,6685714.5,20.309999465942383,19.600000381469727,0.7099990844726562,0.05916659037272135,364200,6685700,False,False,False
364332.5,6685714.5,20.239999771118164,15.0600004196167,5.179999351501465,0.43166661262512207,364300,6685700,False,False,False
364634.5,6685714.5,26.260000228881836,20.969999313354492,5.290000915527344,0.4408334096272786,364600,6685700,False,False,False
364684.5,6685714.5,23.600000381469727,15.520000457763672,8.079999923706055,0.6733333269755045,364600,6685700,False,False,False
364711.5,6685714.5,26.06999969482422,18.18000030517578,7.8899993896484375,0.6574999491373698,364700,6685700,False,False,False
364855.5,6685714.5,25.399999618530273,13.420000076293945,11.979999542236328,0.9983332951863607,364800,6685700,False,False,False
364913.5,6685714.5,16.989999771118164,10.170000076293945,6.819999694824219,0.5683333079020182,364900,6685700,False,False,False
364981.5,6685714.5,25.719999313354492,20.360000610351562,5.35999870300293,0.44666655858357746,364900,6685700,False,False,False
364106.5,6685713.5,12.9399995803833,9.210000038146973,3.729999542236328,0.31083329518636066,364100,6685700,False,False,False
364236.5,6685713.5,20.65999984741211,14.8100004196167,5.84999942779541,0.4874999523162842,364200,6685700,False,False,False
364257.5,6685713.5,20.90999984741211,19.8700008392334,1.039999008178711,0.08666658401489258,364200,6685700,False,False,False
364435.5,6685713.5,20.110000610351562,13.819999694824219,6.290000915527344,0.5241667429606119,364400,6685700,False,False,False
364554.5,6685713.5,20.540000915527344,12.369999885559082,8.170001029968262,0.6808334191640218,364500,6685700,False,False,False
364562.5,6685713.5,23.030000686645508,18.860000610351562,4.170000076293945,0.3475000063578288,364500,6685700,False,False,False
364612.5,6685713.5,26.059999465942383,20.860000610351562,5.19999885559082,0.4333332379659017,364600,6685700,False,False,False
364756.5,6685713.5,22.079999923706055,13.819999694824219,8.260000228881836,0.6883333524068197,364700,6685700,False,False,False
364761.5,6685713.5,24.059999465942383,17.670000076293945,6.3899993896484375,0.5324999491373698,364700,6685700,False,False,False
364126.5,6685712.5,18.610000610351562,14.289999961853027,4.320000648498535,0.3600000540415446,364100,6685700,False,False,False
364143.5,6685712.5,19.799999237060547,14.699999809265137,5.09999942779541,0.4249999523162842,364100,6685700,False,False,False
364212.5,6685712.5,20.010000228881836,12.84000015258789,7.170000076293945,0.5975000063578287,364200,6685700,False,False,False
364242.5,6685712.5,20.5,17.290000915527344,3.2099990844726562,0.2674999237060547,364200,6685700,False,False,False
364378.5,6685712.5,19.200000762939453,14.449999809265137,4.750000953674316,0.39583341280619305,364300,6685700,False,False,False
364896.5,6685712.5,18.959999084472656,14.59000015258789,4.369998931884766,0.3641665776570638,364800,6685700,False,False,False
364925.5,6685712.5,20.770000457763672,14.829999923706055,5.940000534057617,0.49500004450480145,364900,6685700,False,False,False
364351.5,6685711.5,16.0,8.979999542236328,7.020000457763672,0.5850000381469727,364300,6685700,False,False,False
364903.5,6685711.5,17.3799991607666,11.069999694824219,6.309999465942383,0.5258332888285319,364900,6685700,False,False,False
364083.5,6685710.5,14.920000076293945,10.130000114440918,4.789999961853027,0.39916666348775226,364000,6685700,False,False,False
364113.5,6685710.5,13.760000228881836,8.279999732971191,5.4800004959106445,0.4566667079925537,364100,6685700,False,False,False
364293.5,6685710.5,21.850000381469727,20.270000457763672,1.5799999237060547,0.1316666603088379,364200,6685700,False,False,False
364372.5,6685710.5,15.600000381469727,8.930000305175781,6.670000076293945,0.5558333396911621,364300,6685700,False,False,False
364386.5,6685710.5,17.200000762939453,12.40999984741211,4.790000915527344,0.399166742960612,364300,6685700,False,False,False
364530.5,6685710.5,21.190000534057617,15.640000343322754,5.550000190734863,0.46250001589457196,364500,6685700,False,False,False
364951.5,6685710.5,20.06999969482422,13.920000076293945,6.149999618530273,0.5124999682108561,364900,6685700,False,False,False
364057.5,6685709.5,15.300000190734863,12.029999732971191,3.270000457763672,0.27250003814697266,364000,6685700,False,False,False
364073.5,6685709.5,14.300000190734863,9.90999984741211,4.390000343322754,0.3658333619435628,364000,6685700,False,False,False
364132.5,6685709.5,18.8799991607666,14.8100004196167,4.069998741149902,0.3391665617624919,364100,6685700,False,False,False
364167.5,6685709.5,19.729999542236328,12.609999656677246,7.119999885559082,0.5933333237965902,364100,6685700,False,False,False
364229.5,6685709.5,20.34000015258789,12.720000267028809,7.619999885559082,0.6349999904632568,364200,6685700,False,False,False
364307.5,6685709.5,17.459999084472656,16.68000030517578,0.779998779296875,0.06499989827473958,364300,6685700,False,False,False
364314.5,6685709.5,18.729999542236328,14.100000381469727,4.629999160766602,0.3858332633972168,364300,6685700,False,False,False
364401.5,6685709.5,21.3799991607666,11.960000038146973,9.419999122619629,0.7849999268849691,364400,6685700,False,False,False
364444.5,6685709.5,20.440000534057617,15.170000076293945,5.270000457763672,0.43916670481363934,364400,6685700,False,False,False
364546.5,6685709.5,18.889999389648438,12.720000267028809,6.169999122619629,0.5141665935516357,364500,6685700,False,False,False
364586.5,6685709.5,21.059999465942383,14.770000457763672,6.289999008178711,0.5241665840148926,364500,6685700,False,False,False
364626.5,6685709.5,26.670000076293945,22.649999618530273,4.020000457763672,0.33500003814697266,364600,6685700,False,False,False
364788.5,6685709.5,25.299999237060547,19.690000534057617,5.60999870300293,0.4674998919169108,364700,6685700,False,False,False
364857.5,6685709.5,25.3799991607666,16.709999084472656,8.670000076293945,0.7225000063578287,364800,6685700,False,False,False
364963.5,6685709.5,21.809999465942383,21.829999923706055,-0.020000457763671875,-0.001666704813639323,364900,6685700,False,False,False
364973.5,6685709.5,27.15999984741211,23.790000915527344,3.3699989318847656,0.28083324432373047,364900,6685700,False,False,False
364024.5,6685708.5,13.869999885559082,8.550000190734863,5.319999694824219,0.44333330790201825,364000,6685700,False,False,False
364251.5,6685708.5,20.6200008392334,19.5,1.1200008392333984,0.09333340326944987,364200,6685700,False,False,False
364325.5,6685708.5,21.469999313354492,20.6299991607666,0.8400001525878906,0.07000001271565755,364300,6685700,False,False,False
364334.5,6685708.5,16.59000015258789,12.369999885559082,4.220000267028809,0.3516666889190674,364300,6685700,False,False,False
364345.5,6685708.5,18.149999618530273,12.829999923706055,5.319999694824219,0.44333330790201825,364300,6685700,False,False,False
364410.5,6685708.5,19.75,7.010000228881836,12.739999771118164,1.0616666475931804,364400,6685700,False,False,False
364452.5,6685708.5,20.34000015258789,16.440000534057617,3.8999996185302734,0.32499996821085614,364400,6685700,False,False,False
364471.5,6685708.5,18.15999984741211,14.420000076293945,3.739999771118164,0.31166664759318036,364400,6685700,False,False,False
364537.5,6685708.5,18.920000076293945,15.729999542236328,3.190000534057617,0.26583337783813477,364500,6685700,False,False,False
364684.5,6685708.5,23.950000762939453,17.6299991607666,6.320001602172852,0.5266668001810709,364600,6685700,False,False,False
364932.5,6685708.5,20.959999084472656,14.180000305175781,6.779998779296875,0.5649998982747396,364900,6685700,False,False,False
364991.5,6685708.5,26.280000686645508,23.18000030517578,3.1000003814697266,0.25833336512247723,364900,6685700,False,False,False
364125.5,6685707.5,19.579999923706055,13.699999809265137,5.880000114440918,0.49000000953674316,364100,6685700,False,False,False
364189.5,6685707.5,19.469999313354492,12.9399995803833,6.529999732971191,0.544166644414266,364100,6685700,False,False,False
364356.5,6685707.5,13.130000114440918,7.309999942779541,5.820000171661377,0.48500001430511475,364300,6685700,False,False,False
364395.5,6685707.5,18.889999389648438,12.890000343322754,5.999999046325684,0.4999999205271403,364300,6685700,False,False,False
364457.5,6685707.5,22.75,16.90999984741211,5.840000152587891,0.4866666793823242,364400,6685700,False,False,False
364672.5,6685707.5,23.100000381469727,17.540000915527344,5.559999465942383,0.4633332888285319,364600,6685700,False,False,False
364889.5,6685707.5,19.229999542236328,13.109999656677246,6.119999885559082,0.5099999904632568,364800,6685700,False,False,False
364202.5,6685706.5,18.049999237060547,0.0,18.049999237060547,1.504166603088379,364200,6685700,False,False,False
364462.5,6685706.5,21.65999984741211,15.869999885559082,5.789999961853027,0.48249999682108563,364400,6685700,False,False,False
364478.5,6685706.5,20.829999923706055,15.520000457763672,5.309999465942383,0.44249995549519855,364400,6685700,False,False,False
364555.5,6685706.5,20.15999984741211,13.970000267028809,6.189999580383301,0.515833298365275,364500,6685700,False,False,False
364778.5,6685706.5,25.979999542236328,18.8799991607666,7.100000381469727,0.5916666984558105,364700,6685700,False,False,False
364833.5,6685706.5,22.739999771118164,16.889999389648438,5.850000381469727,0.48750003178914386,364800,6685700,False,False,False
364945.5,6685706.5,20.799999237060547,14.920000076293945,5.879999160766602,0.4899999300638835,364900,6685700,False,False,False
364004.5,6685705.5,24.100000381469727,21.940000534057617,2.1599998474121094,0.17999998728434244,364000,6685700,False,False,False
364037.5,6685705.5,18.969999313354492,16.90999984741211,2.059999465942383,0.17166662216186523,364000,6685700,False,False,False
364164.5,6685705.5,20.469999313354492,12.6899995803833,7.779999732971191,0.6483333110809326,364100,6685700,False,False,False
364223.5,6685705.5,18.709999084472656,15.15999984741211,3.549999237060547,0.2958332697550456,364200,6685700,False,False,False
364245.5,6685705.5,21.770000457763672,20.729999542236328,1.0400009155273438,0.08666674296061198,364200,6685700,False,False,False
364519.5,6685705.5,20.100000381469727,11.930000305175781,8.170000076293945,0.6808333396911621,364500,6685700,False,False,False
364619.5,6685705.5,26.31999969482422,21.649999618530273,4.670000076293945,0.3891666730244954,364600,6685700,False,False,False
364652.5,6685705.5,24.649999618530273,16.399999618530273,8.25,0.6875,364600,6685700,False,False,False
364699.5,6685705.5,24.229999542236328,21.59000015258789,2.6399993896484375,0.21999994913736978,364600,6685700,False,False,False
364924.5,6685705.5,20.610000610351562,14.460000038146973,6.15000057220459,0.5125000476837158,364900,6685700,False,False,False
364953.5,6685705.5,19.639999389648438,12.770000457763672,6.869998931884766,0.5724999109903971,364900,6685700,False,False,False
364999.5,6685705.5,23.489999771118164,21.489999771118164,2.0,0.16666666666666666,364900,6685700,False,False,False
364062.5,6685704.5,15.529999732971191,10.220000267028809,5.309999465942383,0.44249995549519855,364000,6685700,False,False,False
364210.5,6685704.5,20.350000381469727,15.550000190734863,4.800000190734863,0.40000001589457196,364200,6685700,False,False,False
364217.5,6685704.5,18.690000534057617,11.489999771118164,7.200000762939453,0.6000000635782877,364200,6685700,False,False,False
364510.5,6685704.5,23.59000015258789,19.610000610351562,3.979999542236328,0.33166662851969403,364500,6685700,False,False,False
364548.5,6685704.5,21.280000686645508,16.139999389648438,5.14000129699707,0.42833344141642254,364500,6685700,False,False,False
364594.5,6685704.5,22.209999084472656,16.6200008392334,5.589998245239258,0.4658331871032715,364500,6685700,False,False,False
364692.5,6685704.5,25.25,19.690000534057617,5.559999465942383,0.4633332888285319,364600,6685700,False,False,False
364912.5,6685704.5,19.850000381469727,13.020000457763672,6.829999923706055,0.5691666603088379,364900,6685700,False,False,False
364092.5,6685703.5,17.729999542236328,16.829999923706055,0.8999996185302734,0.07499996821085612,364000,6685700,False,False,False
364140.5,6685703.5,16.899999618530273,11.15999984741211,5.739999771118164,0.478333314259847,364100,6685700,False,False,False
364178.5,6685703.5,19.719999313354492,14.3100004196167,5.409998893737793,0.4508332411448161,364100,6685700,False,False,False
364450.5,6685703.5,21.260000228881836,16.079999923706055,5.180000305175781,0.43166669209798175,364400,6685700,False,False,False
364485.5,6685703.5,20.809999465942383,15.899999618530273,4.909999847412109,0.4091666539510091,364400,6685700,False,False,False
364536.5,6685703.5,21.110000610351562,15.65999984741211,5.450000762939453,0.4541667302449544,364500,6685700,False,False,False
364802.5,6685703.5,26.360000610351562,20.25,6.1100006103515625,0.5091667175292969,364800,6685700,False,False,False
364823.5,6685703.5,23.420000076293945,18.049999237060547,5.370000839233398,0.4475000699361165,364800,6685700,False,False,False
364881.5,6685703.5,20.31999969482422,14.109999656677246,6.210000038146973,0.5175000031789144,364800,6685700,False,False,False
364904.5,6685703.5,19.93000030517578,10.609999656677246,9.320000648498535,0.7766667207082113,364900,6685700,False,False,False
364917.5,6685703.5,19.68000030517578,13.710000038146973,5.970000267028809,0.4975000222524007,364900,6685700,False,False,False
364055.5,6685702.5,15.199999809265137,10.829999923706055,4.369999885559082,0.3641666571299235,364000,6685700,False,False,False
364339.5,6685702.5,21.09000015258789,17.18000030517578,3.9099998474121094,0.3258333206176758,364300,6685700,False,False,False
364570.5,6685702.5,19.530000686645508,12.800000190734863,6.7300004959106445,0.5608333746592203,364500,6685700,False,False,False
364751.5,6685702.5,27.600000381469727,22.559999465942383,5.040000915527344,0.4200000762939453,364700,6685700,False,False,False
364767.5,6685702.5,24.899999618530273,19.520000457763672,5.379999160766602,0.4483332633972168,364700,6685700,False,False,False
364858.5,6685702.5,25.010000228881836,20.8700008392334,4.1399993896484375,0.3449999491373698,364800,6685700,False,False,False
364896.5,6685702.5,17.549999237060547,13.609999656677246,3.939999580383301,0.3283332983652751,364800,6685700,False,False,False
364974.5,6685702.5,28.489999771118164,24.579999923706055,3.9099998474121094,0.3258333206176758,364900,6685700,False,False,False
364171.5,6685701.5,21.360000610351562,16.280000686645508,5.079999923706055,0.4233333269755046,364100,6685700,False,False,False
364387.5,6685701.5,17.690000534057617,12.770000457763672,4.920000076293945,0.4100000063578288,364300,6685700,False,False,False
364441.5,6685701.5,20.049999237060547,8.890000343322754,11.159998893737793,0.9299999078114828,364400,6685700,False,False,False
364552.5,6685701.5,20.799999237060547,14.220000267028809,6.579998970031738,0.5483332475026449,364500,6685700,False,False,False
364579.5,6685701.5,23.280000686645508,17.959999084472656,5.320001602172852,0.4433334668477376,364500,6685700,False,False,False
364685.5,6685701.5,26.030000686645508,22.510000228881836,3.520000457763672,0.29333337148030597,364600,6685700,False,False,False
364936.5,6685701.5,20.020000457763672,14.979999542236328,5.040000915527344,0.4200000762939453,364900,6685700,False,False,False
364987.5,6685701.5,25.43000030517578,21.420000076293945,4.010000228881836,0.334166685740153,364900,6685700,False,False,False
364032.5,6685700.5,19.489999771118164,16.579999923706055,2.9099998474121094,0.24249998728434244,364000,6685700,False,False,False
364077.5,6685700.5,18.639999389648438,17.420000076293945,1.2199993133544922,0.10166660944620769,364000,6685700,False,False,False
364108.5,6685700.5,18.170000076293945,13.020000457763672,5.149999618530273,0.42916663487752277,364100,6685700,False,False,False
364154.5,6685700.5,19.09000015258789,11.850000381469727,7.239999771118164,0.603333314259847,364100,6685700,False,False,False
364230.5,6685700.5,21.25,17.850000381469727,3.3999996185302734,0.28333330154418945,364200,6685700,False,False,False
364382.5,6685700.5,20.68000030517578,15.130000114440918,5.550000190734863,0.46250001589457196,364300,6685700,False,False,False
364399.5,6685700.5,20.940000534057617,17.610000610351562,3.3299999237060547,0.2774999936421712,364300,6685700,False,False,False
364457.5,6685700.5,18.260000228881836,9.470000267028809,8.789999961853027,0.7324999968210856,364400,6685700,False,False,False
364495.5,6685700.5,21.90999984741211,16.940000534057617,4.969999313354492,0.4141666094462077,364400,6685700,False,False,False
364527.5,6685700.5,19.829999923706055,16.239999771118164,3.5900001525878906,0.2991666793823242,364500,6685700,False,False,False
364561.5,6685700.5,20.3700008392334,10.430000305175781,9.940000534057617,0.8283333778381348,364500,6685700,False,False,False
364676.5,6685700.5,25.219999313354492,18.329999923706055,6.8899993896484375,0.5741666158040365,364600,6685700,False,False,False
364779.5,6685700.5,24.5,16.299999237060547,8.200000762939453,0.6833333969116211,364700,6685700,False,False,False
364813.5,6685700.5,24.709999084472656,17.559999465942383,7.149999618530273,0.5958333015441895,364800,6685700,False,False,False
364930.5,6685700.5,22.219999313354492,16.510000228881836,5.709999084472656,0.475833257039388,364900,6685700,False,False,False
364024.5,6685699.5,25.239999771118164,23.469999313354492,1.7700004577636719,0.14750003814697266,364000,6685600,False,False,False
364394.5,6685699.5,20.389999389648438,15.229999542236328,5.159999847412109,0.42999998728434247,364300,6685600,False,False,False
364405.5,6685699.5,21.65999984741211,15.399999618530273,6.260000228881836,0.521666685740153,364400,6685600,False,False,False
364431.5,6685699.5,24.1299991607666,18.889999389648438,5.239999771118164,0.43666664759318036,364400,6685600,False,False,False
364556.5,6685699.5,20.790000915527344,16.06999969482422,4.720001220703125,0.39333343505859375,364500,6685600,False,False,False
364607.5,6685699.5,25.190000534057617,17.260000228881836,7.930000305175781,0.6608333587646484,364600,6685600,False,False,False
364702.5,6685699.5,24.270000457763672,8.720000267028809,15.550000190734863,1.2958333492279053,364700,6685600,False,False,False
364735.5,6685699.5,25.6299991607666,17.079999923706055,8.549999237060547,0.7124999364217123,364700,6685600,False,False,False
364948.5,6685699.5,21.59000015258789,15.180000305175781,6.409999847412109,0.5341666539510092,364900,6685600,False,False,False
364014.5,6685698.5,25.579999923706055,23.15999984741211,2.4200000762939453,0.20166667302449545,364000,6685600,False,False,False
364189.5,6685698.5,20.049999237060547,13.020000457763672,7.029998779296875,0.5858332316080729,364100,6685600,False,False,False
364257.5,6685698.5,17.81999969482422,16.799999237060547,1.0200004577636719,0.08500003814697266,364200,6685600,False,False,False
364665.5,6685698.5,22.030000686645508,13.960000038146973,8.070000648498535,0.6725000540415446,364600,6685600,False,False,False
364841.5,6685698.5,24.829999923706055,20.110000610351562,4.719999313354492,0.39333327611287433,364800,6685600,False,False,False
364870.5,6685698.5,23.459999084472656,19.809999465942383,3.6499996185302734,0.30416663487752277,364800,6685600,False,False,False
364904.5,6685698.5,17.0,11.0600004196167,5.939999580383301,0.4949999650319417,364900,6685600,False,False,False
364000.5,6685697.5,21.649999618530273,20.059999465942383,1.5900001525878906,0.13250001271565756,364000,6685600,False,False,False
364067.5,6685697.5,17.280000686645508,13.880000114440918,3.40000057220459,0.28333338101704914,364000,6685600,False,False,False
364122.5,6685697.5,20.09000015258789,15.949999809265137,4.140000343322754,0.3450000286102295,364100,6685600,False,False,False
364128.5,6685697.5,19.829999923706055,17.290000915527344,2.539999008178711,0.21166658401489258,364100,6685600,False,False,False
364889.5,6685697.5,18.739999771118164,11.220000267028809,7.5199995040893555,0.6266666253407797,364800,6685600,False,False,False
364981.5,6685697.5,25.399999618530273,19.389999389648438,6.010000228881836,0.5008333524068197,364900,6685600,False,False,False
364196.5,6685696.5,17.479999542236328,9.15999984741211,8.319999694824219,0.6933333079020182,364100,6685600,False,False,False
364349.5,6685696.5,18.350000381469727,17.049999237060547,1.3000011444091797,0.10833342870076497,364300,6685600,False,False,False
364460.5,6685696.5,18.510000228881836,13.229999542236328,5.280000686645508,0.440000057220459,364400,6685600,False,False,False
364477.5,6685696.5,18.81999969482422,12.350000381469727,6.469999313354492,0.5391666094462076,364400,6685600,False,False,False
364533.5,6685696.5,21.65999984741211,17.450000762939453,4.209999084472656,0.350833257039388,364500,6685600,False,False,False
364626.5,6685696.5,24.68000030517578,19.950000762939453,4.729999542236328,0.39416662851969403,364600,6685600,False,False,False
364634.5,6685696.5,23.760000228881836,17.530000686645508,6.229999542236328,0.519166628519694,364600,6685600,False,False,False
364718.5,6685696.5,30.170000076293945,24.889999389648438,5.280000686645508,0.440000057220459,364700,6685600,False,False,False
364804.5,6685696.5,26.06999969482422,20.09000015258789,5.979999542236328,0.49833329518636066,364800,6685600,False,False,False
364833.5,6685696.5,22.1299991607666,15.899999618530273,6.229999542236328,0.519166628519694,364800,6685600,False,False,False
364849.5,6685696.5,24.31999969482422,6.880000114440918,17.4399995803833,1.4533332983652751,364800,6685600,False,False,False
364880.5,6685696.5,20.270000457763672,14.640000343322754,5.630000114440918,0.46916667620340985,364800,6685600,False,False,False
364941.5,6685696.5,19.3700008392334,14.289999961853027,5.080000877380371,0.42333340644836426,364900,6685600,False,False,False
364037.5,6685695.5,20.6299991607666,17.690000534057617,2.9399986267089844,0.24499988555908203,364000,6685600,False,False,False
364144.5,6685695.5,20.219999313354492,10.779999732971191,9.4399995803833,0.7866666316986084,364100,6685600,False,False,False
364154.5,6685695.5,20.049999237060547,11.319999694824219,8.729999542236328,0.7274999618530273,364100,6685600,False,False,False
364357.5,6685695.5,21.309999465942383,20.3700008392334,0.9399986267089844,0.07833321889241536,364300,6685600,False,False,False
364525.5,6685695.5,20.579999923706055,14.59000015258789,5.989999771118164,0.49916664759318036,364500,6685600,False,False,False
364566.5,6685695.5,21.170000076293945,14.949999809265137,6.220000267028809,0.518333355585734,364500,6685600,False,False,False
364793.5,6685695.5,26.84000015258789,19.43000030517578,7.409999847412109,0.6174999872843424,364700,6685600,False,False,False
364208.5,6685694.5,22.940000534057617,16.59000015258789,6.350000381469727,0.5291666984558105,364200,6685600,False,False,False
364251.5,6685694.5,20.729999542236328,19.18000030517578,1.5499992370605469,0.1291666030883789,364200,6685600,False,False,False
364423.5,6685694.5,22.030000686645508,15.15999984741211,6.870000839233398,0.5725000699361166,364400,6685600,False,False,False
364455.5,6685694.5,18.979999542236328,11.970000267028809,7.0099992752075195,0.5841666062672933,364400,6685600,False,False,False
364471.5,6685694.5,20.219999313354492,13.130000114440918,7.089999198913574,0.5908332665761312,364400,6685600,False,False,False
364483.5,6685694.5,18.639999389648438,14.140000343322754,4.499999046325684,0.3749999205271403,364400,6685600,False,False,False
364502.5,6685694.5,21.290000915527344,17.709999084472656,3.5800018310546875,0.29833348592122394,364500,6685600,False,False,False
364546.5,6685694.5,18.280000686645508,13.630000114440918,4.65000057220459,0.3875000476837158,364500,6685600,False,False,False
364759.5,6685694.5,23.329999923706055,20.149999618530273,3.1800003051757812,0.2650000254313151,364700,6685600,False,False,False
364896.5,6685694.5,19.940000534057617,14.630000114440918,5.310000419616699,0.4425000349680583,364800,6685600,False,False,False
364056.5,6685693.5,21.8700008392334,20.31999969482422,1.5500011444091797,0.1291667620340983,364000,6685600,False,False,False
364074.5,6685693.5,19.139999389648438,15.109999656677246,4.029999732971191,0.3358333110809326,364000,6685600,False,False,False
364386.5,6685693.5,16.84000015258789,11.979999542236328,4.8600006103515625,0.4050000508626302,364300,6685600,False,False,False
364411.5,6685693.5,23.399999618530273,19.93000030517578,3.469999313354492,0.2891666094462077,364400,6685600,False,False,False
364437.5,6685693.5,23.90999984741211,20.440000534057617,3.469999313354492,0.2891666094462077,364400,6685600,False,False,False
364594.5,6685693.5,23.030000686645508,19.3799991607666,3.6500015258789062,0.3041667938232422,364500,6685600,False,False,False
364773.5,6685693.5,25.010000228881836,20.68000030517578,4.329999923706055,0.3608333269755046,364700,6685600,False,False,False
364932.5,6685693.5,21.1299991607666,13.470000267028809,7.659998893737793,0.638333241144816,364900,6685600,False,False,False
364949.5,6685693.5,21.739999771118164,14.020000457763672,7.719999313354492,0.6433332761128744,364900,6685600,False,False,False
364964.5,6685693.5,24.1299991607666,16.190000534057617,7.939998626708984,0.6616665522257487,364900,6685600,False,False,False
364087.5,6685692.5,21.8700008392334,18.110000610351562,3.760000228881836,0.31333335240681964,364000,6685600,False,False,False
364106.5,6685692.5,18.579999923706055,11.880000114440918,6.699999809265137,0.5583333174387614,364100,6685600,False,False,False
364115.5,6685692.5,19.059999465942383,12.010000228881836,7.049999237060547,0.5874999364217123,364100,6685600,False,False,False
364491.5,6685692.5,17.270000457763672,12.989999771118164,4.280000686645508,0.35666672388712567,364400,6685600,False,False,False
364576.5,6685692.5,23.3799991607666,16.90999984741211,6.469999313354492,0.5391666094462076,364500,6685600,False,False,False
364653.5,6685692.5,21.1299991607666,12.859999656677246,8.269999504089355,0.6891666253407797,364600,6685600,False,False,False
364032.5,6685691.5,20.8799991607666,17.280000686645508,3.5999984741210938,0.2999998728434245,364000,6685600,False,False,False
364193.5,6685691.5,16.010000228881836,11.59000015258789,4.420000076293945,0.3683333396911621,364100,6685600,False,False,False
364379.5,6685691.5,18.059999465942383,14.140000343322754,3.919999122619629,0.32666659355163574,364300,6685600,False,False,False
364460.5,6685691.5,19.43000030517578,13.239999771118164,6.190000534057617,0.5158333778381348,364400,6685600,False,False,False
364991.5,6685691.5,22.450000762939453,20.260000228881836,2.190000534057617,0.18250004450480142,364900,6685600,False,False,False
364048.5,6685690.5,21.260000228881836,16.950000762939453,4.309999465942383,0.35916662216186523,364000,6685600,False,False,False
364178.5,6685690.5,17.489999771118164,10.359999656677246,7.130000114440918,0.5941666762034098,364100,6685600,False,False,False
364510.5,6685690.5,19.209999084472656,13.119999885559082,6.089999198913574,0.5074999332427979,364500,6685600,False,False,False
364860.5,6685690.5,22.420000076293945,18.219999313354492,4.200000762939453,0.3500000635782878,364800,6685600,False,False,False
364160.5,6685689.5,20.670000076293945,16.43000030517578,4.239999771118164,0.353333314259847,364100,6685600,False,False,False
364366.5,6685689.5,18.799999237060547,16.979999542236328,1.8199996948242188,0.15166664123535156,364300,6685600,False,False,False
364465.5,6685689.5,18.440000534057617,12.380000114440918,6.060000419616699,0.5050000349680582,364400,6685600,False,False,False
364473.5,6685689.5,19.940000534057617,16.6200008392334,3.3199996948242188,0.27666664123535156,364400,6685600,False,False,False
364553.5,6685689.5,20.290000915527344,13.539999961853027,6.750000953674316,0.5625000794728597,364500,6685600,False,False,False
364613.5,6685689.5,21.290000915527344,15.819999694824219,5.470001220703125,0.45583343505859375,364600,6685600,False,False,False
364660.5,6685689.5,25.280000686645508,19.040000915527344,6.239999771118164,0.5199999809265137,364600,6685600,False,False,False
364689.5,6685689.5,24.299999237060547,18.309999465942383,5.989999771118164,0.49916664759318036,364600,6685600,False,False,False
364909.5,6685689.5,18.989999771118164,13.8100004196167,5.179999351501465,0.43166661262512207,364900,6685600,False,False,False
364130.5,6685688.5,21.510000228881836,15.460000038146973,6.050000190734863,0.5041666825612386,364100,6685600,False,False,False
364147.5,6685688.5,19.389999389648438,12.3100004196167,7.079998970031738,0.5899999141693115,364100,6685600,False,False,False
364399.5,6685688.5,20.459999084472656,16.360000610351562,4.099998474121094,0.3416665395100911,364300,6685600,False,False,False
364454.5,6685688.5,19.049999237060547,11.039999961853027,8.00999927520752,0.6674999396006266,364400,6685600,False,False,False
364675.5,6685688.5,24.600000381469727,19.610000610351562,4.989999771118164,0.415833314259847,364600,6685600,False,False,False
364846.5,6685688.5,24.889999389648438,19.15999984741211,5.729999542236328,0.47749996185302734,364800,6685600,False,False,False
364019.5,6685687.5,17.350000381469727,15.619999885559082,1.7300004959106445,0.1441667079925537,364000,6685600,False,False,False
364120.5,6685687.5,14.920000076293945,7.909999847412109,7.010000228881836,0.584166685740153,364100,6685600,False,False,False
364203.5,6685687.5,18.81999969482422,11.880000114440918,6.939999580383301,0.578333298365275,364200,6685600,False,False,False
364449.5,6685687.5,17.329999923706055,10.380000114440918,6.949999809265137,0.5791666507720947,364400,6685600,False,False,False
364460.5,6685687.5,19.450000762939453,13.619999885559082,5.830000877380371,0.48583340644836426,364400,6685600,False,False,False
364643.5,6685687.5,21.309999465942383,17.170000076293945,4.1399993896484375,0.3449999491373698,364600,6685600,False,False,False
364866.5,6685687.5,21.389999389648438,16.559999465942383,4.829999923706055,0.4024999936421712,364800,6685600,False,False,False
364999.5,6685687.5,26.040000915527344,20.65999984741211,5.380001068115234,0.4483334223429362,364900,6685600,False,False,False
364101.5,6685686.5,21.40999984741211,16.1200008392334,5.289999008178711,0.44083325068155926,364100,6685600,False,False,False
364114.5,6685686.5,17.219999313354492,10.170000076293945,7.049999237060547,0.5874999364217123,364100,6685600,False,False,False
364176.5,6685686.5,17.350000381469727,11.069999694824219,6.280000686645508,0.5233333905537924,364100,6685600,False,False,False
364392.5,6685686.5,17.469999313354492,11.359999656677246,6.109999656677246,0.5091666380564371,364300,6685600,False,False,False
364546.5,6685686.5,20.09000015258789,13.300000190734863,6.789999961853027,0.565833330154419,364500,6685600,False,False,False
364627.5,6685686.5,23.940000534057617,20.079999923706055,3.8600006103515625,0.3216667175292969,364600,6685600,False,False,False
364632.5,6685686.5,24.209999084472656,19.34000015258789,4.869998931884766,0.40583324432373047,364600,6685600,False,False,False
364735.5,6685686.5,31.059999465942383,25.040000915527344,6.019998550415039,0.5016665458679199,364700,6685600,False,False,False
364894.5,6685686.5,19.31999969482422,13.239999771118164,6.079999923706055,0.5066666603088379,364800,6685600,False,False,False
364928.5,6685686.5,23.65999984741211,18.34000015258789,5.319999694824219,0.44333330790201825,364900,6685600,False,False,False
364938.5,6685686.5,25.010000228881836,18.579999923706055,6.430000305175781,0.5358333587646484,364900,6685600,False,False,False
364002.5,6685685.5,24.549999237060547,23.100000381469727,1.4499988555908203,0.12083323796590169,364000,6685600,False,False,False
364025.5,6685685.5,16.719999313354492,10.4399995803833,6.279999732971191,0.5233333110809326,364000,6685600,False,False,False
364064.5,6685685.5,20.479999542236328,16.34000015258789,4.1399993896484375,0.3449999491373698,364000,6685600,False,False,False
364092.5,6685685.5,17.270000457763672,13.130000114440918,4.140000343322754,0.3450000286102295,364000,6685600,False,False,False
364141.5,6685685.5,17.43000030517578,12.880000114440918,4.550000190734863,0.3791666825612386,364100,6685600,False,False,False
364185.5,6685685.5,14.739999771118164,8.119999885559082,6.619999885559082,0.5516666571299235,364100,6685600,False,False,False
364198.5,6685685.5,16.1200008392334,11.319999694824219,4.80000114440918,0.40000009536743164,364100,6685600,False,False,False
364533.5,6685685.5,20.989999771118164,15.449999809265137,5.539999961853027,0.46166666348775226,364500,6685600,False,False,False
364617.5,6685685.5,21.190000534057617,13.510000228881836,7.680000305175781,0.6400000254313151,364600,6685600,False,False,False
364638.5,6685685.5,21.5,16.270000457763672,5.229999542236328,0.43583329518636066,364600,6685600,False,False,False
364797.5,6685685.5,28.979999542236328,23.81999969482422,5.159999847412109,0.42999998728434247,364700,6685600,False,False,False
364834.5,6685685.5,23.68000030517578,19.549999237060547,4.130001068115234,0.34416675567626953,364800,6685600,False,False,False
364875.5,6685685.5,21.399999618530273,15.020000457763672,6.379999160766602,0.5316665967305502,364800,6685600,False,False,False
364365.5,6685684.5,19.09000015258789,17.440000534057617,1.6499996185302734,0.1374999682108561,364300,6685600,False,False,False
364409.5,6685684.5,21.350000381469727,14.59000015258789,6.760000228881836,0.5633333524068197,364400,6685600,False,False,False
364511.5,6685684.5,19.1299991607666,12.300000190734863,6.829998970031738,0.5691665808359782,364500,6685600,False,False,False
364582.5,6685684.5,21.239999771118164,14.779999732971191,6.460000038146973,0.5383333365122477,364500,6685600,False,False,False
364589.5,6685684.5,21.530000686645508,14.710000038146973,6.820000648498535,0.5683333873748779,364500,6685600,False,False,False
364990.5,6685684.5,26.020000457763672,22.549999237060547,3.470001220703125,0.28916676839192706,364900,6685600,False,False,False
364108.5,6685683.5,15.989999771118164,9.180000305175781,6.809999465942383,0.5674999554951986,364100,6685600,False,False,False
364214.5,6685683.5,23.670000076293945,17.790000915527344,5.879999160766602,0.4899999300638835,364200,6685600,False,False,False
364233.5,6685683.5,23.030000686645508,21.219999313354492,1.8100013732910156,0.1508334477742513,364200,6685600,False,False,False
364247.5,6685683.5,17.110000610351562,16.280000686645508,0.8299999237060547,0.06916666030883789,364200,6685600,False,False,False
364502.5,6685683.5,16.899999618530273,10.420000076293945,6.479999542236328,0.5399999618530273,364500,6685600,False,False,False
364520.5,6685683.5,19.520000457763672,13.140000343322754,6.380000114440918,0.5316666762034098,364500,6685600,False,False,False
364526.5,6685683.5,18.690000534057617,12.890000343322754,5.800000190734863,0.4833333492279053,364500,6685600,False,False,False
364649.5,6685683.5,20.420000076293945,14.800000190734863,5.619999885559082,0.46833332379659015,364600,6685600,False,False,False
364764.5,6685683.5,24.020000457763672,19.770000457763672,4.25,0.3541666666666667,364700,6685600,False,False,False
364900.5,6685683.5,19.15999984741211,13.34000015258789,5.819999694824219,0.4849999745686849,364900,6685600,False,False,False
364964.5,6685683.5,25.059999465942383,13.869999885559082,11.1899995803833,0.9324999650319418,364900,6685600,False,False,False
364434.5,6685682.5,22.709999084472656,19.459999084472656,3.25,0.2708333333333333,364400,6685600,False,False,False
364454.5,6685682.5,17.309999465942383,9.6899995803833,7.619999885559082,0.6349999904632568,364400,6685600,False,False,False
364782.5,6685682.5,23.579999923706055,15.420000076293945,8.15999984741211,0.6799999872843424,364700,6685600,False,False,False
364885.5,6685682.5,19.8700008392334,12.289999961853027,7.580000877380371,0.6316667397816976,364800,6685600,False,False,False
364947.5,6685682.5,23.75,15.6899995803833,8.0600004196167,0.671666701634725,364900,6685600,False,False,False
364124.5,6685681.5,16.670000076293945,11.319999694824219,5.350000381469727,0.44583336512247723,364100,6685600,False,False,False
364165.5,6685681.5,13.6899995803833,8.100000381469727,5.589999198913574,0.46583326657613117,364100,6685600,False,False,False
364491.5,6685681.5,16.219999313354492,10.8100004196167,5.409998893737793,0.4508332411448161,364400,6685600,False,False,False
364896.5,6685681.5,19.649999618530273,13.510000228881836,6.1399993896484375,0.5116666158040365,364800,6685600,False,False,False
364922.5,6685681.5,23.020000457763672,15.319999694824219,7.700000762939453,0.6416667302449545,364900,6685600,False,False,False
364412.5,6685680.5,20.850000381469727,16.639999389648438,4.210000991821289,0.3508334159851074,364400,6685600,False,False,False
364567.5,6685680.5,14.9399995803833,8.34000015258789,6.59999942779541,0.5499999523162842,364500,6685600,False,False,False
364638.5,6685680.5,20.989999771118164,14.0600004196167,6.929999351501465,0.5774999459584554,364600,6685600,False,False,False
364741.5,6685680.5,31.31999969482422,22.469999313354492,8.850000381469727,0.7375000317891439,364700,6685600,False,False,False
364815.5,6685680.5,25.59000015258789,20.100000381469727,5.489999771118164,0.45749998092651367,364800,6685600,False,False,False
364996.5,6685680.5,26.799999237060547,23.90999984741211,2.8899993896484375,0.24083328247070312,364900,6685600,False,False,False
364076.5,6685679.5,18.899999618530273,13.010000228881836,5.8899993896484375,0.4908332824707031,364000,6685600,False,False,False
364153.5,6685679.5,15.989999771118164,12.0600004196167,3.929999351501465,0.3274999459584554,364100,6685600,False,False,False
364160.5,6685679.5,15.180000305175781,7.820000171661377,7.360000133514404,0.6133333444595337,364100,6685600,False,False,False
364171.5,6685679.5,8.579999923706055,0.0,8.579999923706055,0.7149999936421713,364100,6685600,False,False,False
364373.5,6685679.5,17.770000457763672,16.15999984741211,1.6100006103515625,0.13416671752929688,364300,6685600,False,False,False
364684.5,6685679.5,23.979999542236328,17.15999984741211,6.819999694824219,0.5683333079020182,364600,6685600,False,False,False
364979.5,6685679.5,28.579999923706055,24.989999771118164,3.5900001525878906,0.2991666793823242,364900,6685600,False,False,False
364020.5,6685678.5,19.709999084472656,17.889999389648438,1.8199996948242188,0.15166664123535156,364000,6685600,False,False,False
364039.5,6685678.5,17.25,16.100000381469727,1.1499996185302734,0.09583330154418945,364000,6685600,False,False,False
364183.5,6685678.5,15.15999984741211,7.829999923706055,7.329999923706055,0.6108333269755045,364100,6685600,False,False,False
364241.5,6685678.5,14.979999542236328,12.90999984741211,2.0699996948242188,0.1724999745686849,364200,6685600,False,False,False
364483.5,6685678.5,18.450000762939453,13.069999694824219,5.380001068115234,0.4483334223429362,364400,6685600,False,False,False
364507.5,6685678.5,19.729999542236328,12.460000038146973,7.2699995040893555,0.6058332920074463,364500,6685600,False,False,False
364617.5,6685678.5,23.329999923706055,14.640000343322754,8.6899995803833,0.7241666316986084,364600,6685600,False,False,False
364910.5,6685678.5,18.809999465942383,12.010000228881836,6.799999237060547,0.5666666030883789,364900,6685600,False,False,False
364204.5,6685677.5,18.510000228881836,13.819999694824219,4.690000534057617,0.39083337783813477,364200,6685600,False,False,False
364227.5,6685677.5,23.799999237060547,22.110000610351562,1.6899986267089844,0.14083321889241537,364200,6685600,False,False,False
364394.5,6685677.5,15.380000114440918,11.0,4.380000114440918,0.36500000953674316,364300,6685600,False,False,False
364427.5,6685677.5,22.1200008392334,18.649999618530273,3.470001220703125,0.28916676839192706,364400,6685600,False,False,False
364542.5,6685677.5,19.15999984741211,12.569999694824219,6.590000152587891,0.5491666793823242,364500,6685600,False,False,False
364547.5,6685677.5,18.829999923706055,11.430000305175781,7.399999618530273,0.6166666348775228,364500,6685600,False,False,False
364660.5,6685677.5,22.81999969482422,15.489999771118164,7.329999923706055,0.6108333269755045,364600,6685600,False,False,False
364878.5,6685677.5,20.260000228881836,13.760000228881836,6.5,0.5416666666666666,364800,6685600,False,False,False
364935.5,6685677.5,24.520000457763672,17.940000534057617,6.579999923706055,0.5483333269755045,364900,6685600,False,False,False
364064.5,6685676.5,17.270000457763672,14.90999984741211,2.3600006103515625,0.19666671752929688,364000,6685600,False,False,False
364087.5,6685676.5,18.190000534057617,14.09000015258789,4.100000381469727,0.34166669845581055,364000,6685600,False,False,False
364106.5,6685676.5,18.25,12.069999694824219,6.180000305175781,0.5150000254313151,364100,6685600,False,False,False
364141.5,6685676.5,9.84000015258789,4.059999942779541,5.78000020980835,0.4816666841506958,364100,6685600,False,False,False
364378.5,6685676.5,17.5,16.68000030517578,0.8199996948242188,0.06833330790201823,364300,6685600,False,False,False
364476.5,6685676.5,19.600000381469727,12.180000305175781,7.420000076293945,0.6183333396911621,364400,6685600,False,False,False
364598.5,6685676.5,16.399999618530273,9.3100004196167,7.089999198913574,0.5908332665761312,364500,6685600,False,False,False
364668.5,6685676.5,22.799999237060547,14.899999618530273,7.899999618530273,0.6583333015441895,364600,6685600,False,False,False
364706.5,6685676.5,20.270000457763672,16.690000534057617,3.5799999237060547,0.2983333269755046,364700,6685600,False,False,False
364748.5,6685676.5,30.850000381469727,24.040000915527344,6.809999465942383,0.5674999554951986,364700,6685600,False,False,False
364772.5,6685676.5,24.6200008392334,19.440000534057617,5.180000305175781,0.43166669209798175,364700,6685600,False,False,False
364808.5,6685676.5,27.59000015258789,19.40999984741211,8.180000305175781,0.6816666920979818,364800,6685600,False,False,False
364886.5,6685676.5,19.700000762939453,14.029999732971191,5.670001029968262,0.4725000858306885,364800,6685600,False,False,False
364055.5,6685675.5,18.030000686645508,17.149999618530273,0.8800010681152344,0.0733334223429362,364000,6685600,False,False,False
364100.5,6685675.5,22.979999542236328,17.09000015258789,5.8899993896484375,0.4908332824707031,364100,6685600,False,False,False
364560.5,6685675.5,20.899999618530273,14.829999923706055,6.069999694824219,0.5058333079020182,364500,6685600,False,False,False
364603.5,6685675.5,17.75,10.300000190734863,7.449999809265137,0.6208333174387614,364600,6685600,False,False,False
364757.5,6685675.5,25.809999465942383,20.8700008392334,4.939998626708984,0.4116665522257487,364700,6685600,False,False,False
364220.5,6685674.5,22.239999771118164,19.75,2.489999771118164,0.20749998092651367,364200,6685600,False,False,False
364468.5,6685674.5,18.31999969482422,12.609999656677246,5.710000038146973,0.47583333651224774,364400,6685600,False,False,False
364502.5,6685674.5,19.079999923706055,11.899999618530273,7.180000305175781,0.5983333587646484,364500,6685600,False,False,False
364536.5,6685674.5,19.780000686645508,13.1899995803833,6.590001106262207,0.549166758855184,364500,6685600,False,False,False
364698.5,6685674.5,21.989999771118164,16.270000457763672,5.719999313354492,0.4766666094462077,364600,6685600,False,False,False
364860.5,6685674.5,11.819999694824219,19.8799991607666,-8.059999465942383,-0.6716666221618652,364800,6685600,False,False,False
364185.5,6685673.5,15.1899995803833,9.09000015258789,6.09999942779541,0.5083332856496176,364100,6685600,False,False,False
364411.5,6685673.5,22.389999389648438,17.450000762939453,4.939998626708984,0.4116665522257487,364400,6685600,False,False,False
364453.5,6685673.5,17.049999237060547,10.770000457763672,6.279998779296875,0.5233332316080729,364400,6685600,False,False,False
364633.5,6685673.5,19.0,9.529999732971191,9.470000267028809,0.7891666889190674,364600,6685600,False,False,False
364848.5,6685673.5,22.110000610351562,20.420000076293945,1.6900005340576172,0.14083337783813477,364800,6685600,False,False,False
364916.5,6685673.5,19.049999237060547,13.819999694824219,5.229999542236328,0.43583329518636066,364900,6685600,False,False,False
364095.5,6685672.5,19.15999984741211,14.65999984741211,4.5,0.375,364000,6685600,False,False,False
364193.5,6685672.5,18.469999313354492,12.529999732971191,5.939999580383301,0.4949999650319417,364100,6685600,False,False,False
364549.5,6685672.5,18.110000610351562,10.9399995803833,7.170001029968262,0.5975000858306885,364500,6685600,False,False,False
364022.5,6685671.5,20.530000686645508,18.540000915527344,1.989999771118164,0.16583331425984701,364000,6685600,False,False,False
364069.5,6685671.5,18.799999237060547,17.6299991607666,1.1700000762939453,0.09750000635782878,364000,6685600,False,False,False
364087.5,6685671.5,16.1299991607666,10.609999656677246,5.5199995040893555,0.459999958674113,364000,6685600,False,False,False
364127.5,6685671.5,19.6200008392334,13.460000038146973,6.160000801086426,0.5133334000905355,364100,6685600,False,False,False
364475.5,6685671.5,20.200000762939453,14.140000343322754,6.060000419616699,0.5050000349680582,364400,6685600,False,False,False
364585.5,6685671.5,18.010000228881836,12.229999542236328,5.780000686645508,0.48166672388712567,364500,6685600,False,False,False
364736.5,6685671.5,30.850000381469727,26.5,4.350000381469727,0.36250003178914386,364700,6685600,False,False,False
364797.5,6685671.5,27.5,21.639999389648438,5.8600006103515625,0.48833338419596356,364700,6685600,False,False,False
364871.5,6685671.5,22.170000076293945,16.329999923706055,5.840000152587891,0.4866666793823242,364800,6685600,False,False,False
364994.5,6685671.5,19.549999237060547,17.510000228881836,2.039999008178711,0.16999991734822592,364900,6685600,False,False,False
364161.5,6685670.5,16.010000228881836,8.84000015258789,7.170000076293945,0.5975000063578287,364100,6685600,False,False,False
364483.5,6685670.5,22.010000228881836,17.3799991607666,4.630001068115234,0.3858334223429362,364400,6685600,False,False,False
364524.5,6685670.5,21.260000228881836,13.9399995803833,7.320000648498535,0.6100000540415446,364500,6685600,False,False,False
364662.5,6685670.5,23.34000015258789,17.110000610351562,6.229999542236328,0.519166628519694,364600,6685600,False,False,False
364886.5,6685670.5,20.469999313354492,14.890000343322754,5.579998970031738,0.4649999141693115,364800,6685600,False,False,False
364974.5,6685670.5,25.209999084472656,22.399999618530273,2.809999465942383,0.23416662216186523,364900,6685600,False,False,False
364999.5,6685670.5,25.639999389648438,19.93000030517578,5.709999084472656,0.475833257039388,364900,6685600,False,False,False
364044.5,6685669.5,20.229999542236328,19.18000030517578,1.0499992370605469,0.08749993642171223,364000,6685600,False,False,False
364167.5,6685669.5,15.649999618530273,7.889999866485596,7.759999752044678,0.6466666460037231,364100,6685600,False,False,False
364200.5,6685669.5,15.09000015258789,9.359999656677246,5.7300004959106445,0.477500041325887,364200,6685600,False,False,False
364500.5,6685669.5,19.030000686645508,13.09000015258789,5.940000534057617,0.49500004450480145,364500,6685600,False,False,False
364569.5,6685669.5,16.649999618530273,12.020000457763672,4.629999160766602,0.3858332633972168,364500,6685600,False,False,False
364596.5,6685669.5,19.290000915527344,12.960000038146973,6.330000877380371,0.5275000731150309,364500,6685600,False,False,False
364679.5,6685669.5,24.020000457763672,5.949999809265137,18.070000648498535,1.505833387374878,364600,6685600,False,False,False
364818.5,6685669.5,26.690000534057617,21.43000030517578,5.260000228881836,0.43833335240681964,364800,6685600,False,False,False
364135.5,6685668.5,17.65999984741211,8.460000038146973,9.199999809265137,0.7666666507720947,364100,6685600,False,False,False
364180.5,6685668.5,15.989999771118164,10.279999732971191,5.710000038146973,0.47583333651224774,364100,6685600,False,False,False
364221.5,6685668.5,21.329999923706055,19.649999618530273,1.6800003051757812,0.1400000254313151,364200,6685600,False,False,False
364228.5,6685668.5,21.219999313354492,19.790000915527344,1.4299983978271484,0.11916653315226237,364200,6685600,False,False,False
364233.5,6685668.5,19.229999542236328,17.09000015258789,2.1399993896484375,0.17833328247070312,364200,6685600,False,False,False
364377.5,6685668.5,17.06999969482422,16.56999969482422,0.5,0.041666666666666664,364300,6685600,False,False,False
364494.5,6685668.5,18.920000076293945,12.979999542236328,5.940000534057617,0.49500004450480145,364400,6685600,False,False,False
364516.5,6685668.5,21.950000762939453,15.220000267028809,6.7300004959106445,0.5608333746592203,364500,6685600,False,False,False
364536.5,6685668.5,19.43000030517578,13.729999542236328,5.700000762939453,0.4750000635782878,364500,6685600,False,False,False
364761.5,6685668.5,26.850000381469727,20.8700008392334,5.979999542236328,0.49833329518636066,364700,6685600,False,False,False
364769.5,6685668.5,25.719999313354492,21.68000030517578,4.039999008178711,0.3366665840148926,364700,6685600,False,False,False
364777.5,6685668.5,24.200000762939453,18.229999542236328,5.970001220703125,0.49750010172526044,364700,6685600,False,False,False
364865.5,6685668.5,21.739999771118164,14.649999618530273,7.090000152587891,0.5908333460489908,364800,6685600,False,False,False
364902.5,6685668.5,18.600000381469727,14.34000015258789,4.260000228881836,0.35500001907348633,364900,6685600,False,False,False
364387.5,6685667.5,17.06999969482422,16.790000915527344,0.279998779296875,0.023333231608072918,364300,6685600,False,False,False
364396.5,6685667.5,15.829999923706055,11.140000343322754,4.689999580383301,0.3908332983652751,364300,6685600,False,False,False
364656.5,6685667.5,21.15999984741211,12.130000114440918,9.029999732971191,0.7524999777475992,364600,6685600,False,False,False
364923.5,6685667.5,16.610000610351562,10.670000076293945,5.940000534057617,0.49500004450480145,364900,6685600,False,False,False
364983.5,6685667.5,16.110000610351562,12.430000305175781,3.6800003051757812,0.30666669209798175,364900,6685600,False,False,False
364143.5,6685666.5,20.889999389648438,16.5,4.3899993896484375,0.3658332824707031,364100,6685600,False,False,False
364442.5,6685666.5,19.829999923706055,12.550000190734863,7.279999732971191,0.606666644414266,364400,6685600,False,False,False
364522.5,6685666.5,20.420000076293945,14.729999542236328,5.690000534057617,0.4741667111714681,364500,6685600,False,False,False
364559.5,6685666.5,18.739999771118164,11.600000381469727,7.1399993896484375,0.5949999491373698,364500,6685600,False,False,False
364612.5,6685666.5,18.020000457763672,12.550000190734863,5.470000267028809,0.45583335558573407,364600,6685600,False,False,False
364800.5,6685666.5,27.600000381469727,19.1299991607666,8.470001220703125,0.7058334350585938,364800,6685600,False,False,False
364035.5,6685665.5,18.40999984741211,17.5,0.9099998474121094,0.07583332061767578,364000,6685600,False,False,False
364061.5,6685665.5,15.859999656677246,14.210000038146973,1.6499996185302734,0.1374999682108561,364000,6685600,False,False,False
364089.5,6685665.5,14.9399995803833,9.380000114440918,5.559999465942383,0.4633332888285319,364000,6685600,False,False,False
364452.5,6685665.5,20.799999237060547,14.010000228881836,6.789999008178711,0.5658332506815592,364400,6685600,False,False,False
364607.5,6685665.5,19.200000762939453,13.789999961853027,5.410000801086426,0.45083340009053546,364600,6685600,False,False,False
364832.5,6685665.5,22.170000076293945,14.760000228881836,7.409999847412109,0.6174999872843424,364800,6685600,False,False,False
364840.5,6685665.5,22.31999969482422,15.880000114440918,6.439999580383301,0.5366666316986084,364800,6685600,False,False,False
364871.5,6685665.5,22.06999969482422,14.220000267028809,7.84999942779541,0.6541666189829508,364800,6685600,False,False,False
364877.5,6685665.5,21.219999313354492,15.180000305175781,6.039999008178711,0.5033332506815592,364800,6685600,False,False,False
364909.5,6685665.5,19.420000076293945,12.920000076293945,6.5,0.5416666666666666,364900,6685600,False,False,False
364104.5,6685664.5,18.829999923706055,12.180000305175781,6.649999618530273,0.5541666348775228,364100,6685600,False,False,False
364113.5,6685664.5,15.229999542236328,6.21999979019165,9.009999752044678,0.7508333126703898,364100,6685600,False,False,False
364148.5,6685664.5,19.59000015258789,14.960000038146973,4.630000114440918,0.3858333428700765,364100,6685600,False,False,False
364208.5,6685664.5,19.040000915527344,12.1899995803833,6.850001335144043,0.5708334445953369,364200,6685600,False,False,False
364402.5,6685664.5,21.239999771118164,16.420000076293945,4.819999694824219,0.40166664123535156,364400,6685600,False,False,False
364425.5,6685664.5,24.770000457763672,19.40999984741211,5.3600006103515625,0.4466667175292969,364400,6685600,False,False,False
364592.5,6685664.5,17.739999771118164,12.829999923706055,4.909999847412109,0.4091666539510091,364500,6685600,False,False,False
364620.5,6685664.5,18.959999084472656,11.989999771118164,6.969999313354492,0.5808332761128744,364600,6685600,False,False,False
364679.5,6685664.5,23.829999923706055,15.739999771118164,8.09000015258789,0.6741666793823242,364600,6685600,False,False,False
364695.5,6685664.5,25.190000534057617,10.479999542236328,14.710000991821289,1.2258334159851074,364600,6685600,False,False,False
364122.5,6685663.5,19.059999465942383,11.890000343322754,7.169999122619629,0.5974999268849691,364100,6685600,False,False,False
364214.5,6685663.5,17.149999618530273,12.300000190734863,4.84999942779541,0.40416661898295086,364200,6685600,False,False,False
364414.5,6685663.5,22.549999237060547,16.149999618530273,6.399999618530273,0.5333333015441895,364400,6685600,False,False,False
364532.5,6685663.5,18.989999771118164,13.3100004196167,5.679999351501465,0.47333327929178876,364500,6685600,False,False,False
364545.5,6685663.5,19.09000015258789,13.15999984741211,5.930000305175781,0.49416669209798175,364500,6685600,False,False,False
364571.5,6685663.5,19.530000686645508,11.479999542236328,8.05000114440918,0.670833428700765,364500,6685600,False,False,False
364584.5,6685663.5,17.450000762939453,11.779999732971191,5.670001029968262,0.4725000858306885,364500,6685600,False,False,False
364785.5,6685663.5,24.8799991607666,19.06999969482422,5.809999465942383,0.48416662216186523,364700,6685600,False,False,False
364866.5,6685663.5,22.760000228881836,15.390000343322754,7.369999885559082,0.6141666571299235,364800,6685600,False,False,False
364956.5,6685663.5,21.459999084472656,14.3100004196167,7.149998664855957,0.5958332220713297,364900,6685600,False,False,False
364055.5,6685662.5,18.700000762939453,13.220000267028809,5.4800004959106445,0.4566667079925537,364000,6685600,False,False,False
364078.5,6685662.5,14.510000228881836,11.34000015258789,3.1700000762939453,0.2641666730244954,364000,6685600,False,False,False
364166.5,6685662.5,17.299999237060547,7.449999809265137,9.84999942779541,0.8208332856496176,364100,6685600,False,False,False
364566.5,6685662.5,18.530000686645508,10.1899995803833,8.340001106262207,0.6950000921885172,364500,6685600,False,False,False
364637.5,6685662.5,21.18000030517578,11.989999771118164,9.190000534057617,0.7658333778381348,364600,6685600,False,False,False
364820.5,6685662.5,26.709999084472656,21.139999389648438,5.569999694824219,0.46416664123535156,364800,6685600,False,False,False
364005.5,6685661.5,17.010000228881836,16.15999984741211,0.8500003814697266,0.07083336512247722,364000,6685600,False,False,False
364435.5,6685661.5,19.889999389648438,15.789999961853027,4.09999942779541,0.34166661898295086,364400,6685600,False,False,False
364514.5,6685661.5,19.700000762939453,11.770000457763672,7.930000305175781,0.6608333587646484,364500,6685600,False,False,False
364551.5,6685661.5,19.190000534057617,11.890000343322754,7.300000190734863,0.6083333492279053,364500,6685600,False,False,False
364613.5,6685661.5,18.739999771118164,10.680000305175781,8.059999465942383,0.6716666221618652,364600,6685600,False,False,False
364649.5,6685661.5,18.469999313354492,12.029999732971191,6.439999580383301,0.5366666316986084,364600,6685600,False,False,False
364740.5,6685661.5,29.469999313354492,23.200000762939453,6.269998550415039,0.5224998792012533,364700,6685600,False,False,False
364944.5,6685661.5,22.479999542236328,14.649999618530273,7.829999923706055,0.6524999936421713,364900,6685600,False,False,False
364067.5,6685660.5,17.25,14.970000267028809,2.2799997329711914,0.18999997774759927,364000,6685600,False,False,False
364178.5,6685660.5,16.6299991607666,8.710000038146973,7.919999122619629,0.6599999268849691,364100,6685600,False,False,False
364229.5,6685660.5,19.34000015258789,17.68000030517578,1.6599998474121094,0.13833332061767578,364200,6685600,False,False,False
364657.5,6685660.5,19.34000015258789,11.789999961853027,7.550000190734863,0.6291666825612386,364600,6685600,False,False,False
364158.5,6685659.5,17.420000076293945,8.399999618530273,9.020000457763672,0.7516667048136393,364100,6685600,False,False,False
364666.5,6685659.5,16.200000762939453,8.239999771118164,7.960000991821289,0.6633334159851074,364600,6685600,False,False,False
364876.5,6685659.5,21.600000381469727,14.270000457763672,7.329999923706055,0.6108333269755045,364800,6685600,False,False,False
364966.5,6685659.5,21.200000762939453,14.510000228881836,6.690000534057617,0.5575000445048014,364900,6685600,False,False,False
364211.5,6685658.5,17.649999618530273,13.0,4.649999618530273,0.38749996821085614,364200,6685600,False,False,False
364466.5,6685658.5,20.6299991607666,19.65999984741211,0.9699993133544922,0.08083327611287434,364400,6685600,False,False,False
364592.5,6685658.5,17.65999984741211,9.970000267028809,7.689999580383301,0.640833298365275,364500,6685600,False,False,False
364767.5,6685658.5,27.3799991607666,22.420000076293945,4.959999084472656,0.413333257039388,364700,6685600,False,False,False
364902.5,6685658.5,20.079999923706055,14.619999885559082,5.460000038146973,0.45500000317891437,364900,6685600,False,False,False
364105.5,6685657.5,15.8100004196167,14.59000015258789,1.2200002670288086,0.10166668891906738,364100,6685600,False,False,False
364136.5,6685657.5,20.559999465942383,15.319999694824219,5.239999771118164,0.43666664759318036,364100,6685600,False,False,False
364141.5,6685657.5,18.75,9.399999618530273,9.350000381469727,0.7791666984558105,364100,6685600,False,False,False
364193.5,6685657.5,17.15999984741211,9.989999771118164,7.170000076293945,0.5975000063578287,364100,6685600,False,False,False
364388.5,6685657.5,18.700000762939453,16.59000015258789,2.1100006103515625,0.17583338419596353,364300,6685600,False,False,False
364452.5,6685657.5,17.489999771118164,12.149999618530273,5.340000152587891,0.44500001271565753,364400,6685600,False,False,False
364504.5,6685657.5,21.25,16.90999984741211,4.340000152587891,0.3616666793823242,364500,6685600,False,False,False
364562.5,6685657.5,18.93000030517578,14.529999732971191,4.40000057220459,0.3666667143503825,364500,6685600,False,False,False
364570.5,6685657.5,18.75,13.420000076293945,5.329999923706055,0.4441666603088379,364500,6685600,False,False,False
364683.5,6685657.5,25.079999923706055,20.059999465942383,5.020000457763672,0.41833337148030597,364600,6685600,False,False,False
364914.5,6685657.5,18.600000381469727,12.800000190734863,5.800000190734863,0.4833333492279053,364900,6685600,False,False,False
364950.5,6685657.5,21.3799991607666,15.569999694824219,5.809999465942383,0.48416662216186523,364900,6685600,False,False,False
364149.5,6685656.5,18.5,11.6899995803833,6.810000419616699,0.5675000349680582,364100,6685600,False,False,False
364162.5,6685656.5,18.100000381469727,8.600000381469727,9.5,0.7916666666666666,364100,6685600,False,False,False
364174.5,6685656.5,17.809999465942383,10.109999656677246,7.699999809265137,0.6416666507720947,364100,6685600,False,False,False
364413.5,6685656.5,22.15999984741211,17.059999465942383,5.100000381469727,0.42500003178914386,364400,6685600,False,False,False
364482.5,6685656.5,19.770000457763672,13.949999809265137,5.820000648498535,0.4850000540415446,364400,6685600,False,False,False
364748.5,6685656.5,27.860000610351562,20.09000015258789,7.770000457763672,0.6475000381469727,364700,6685600,False,False,False
364781.5,6685656.5,20.8799991607666,15.970000267028809,4.909998893737793,0.4091665744781494,364700,6685600,False,False,False
364787.5,6685656.5,24.40999984741211,16.25,8.15999984741211,0.6799999872843424,364700,6685600,False,False,False
364858.5,6685656.5,22.75,16.010000228881836,6.739999771118164,0.5616666475931803,364800,6685600,False,False,False
364866.5,6685656.5,20.6200008392334,14.069999694824219,6.55000114440918,0.545833428700765,364800,6685600,False,False,False
364093.5,6685655.5,16.81999969482422,10.930000305175781,5.8899993896484375,0.4908332824707031,364000,6685600,False,False,False
364426.5,6685655.5,24.049999237060547,19.420000076293945,4.629999160766602,0.3858332633972168,364400,6685600,False,False,False
364527.5,6685655.5,18.200000762939453,11.239999771118164,6.960000991821289,0.580000082651774,364500,6685600,False,False,False
364624.5,6685655.5,19.09000015258789,11.529999732971191,7.560000419616699,0.6300000349680582,364600,6685600,False,False,False
364696.5,6685655.5,25.309999465942383,19.329999923706055,5.979999542236328,0.49833329518636066,364600,6685600,False,False,False
364018.5,6685654.5,19.479999542236328,17.860000610351562,1.6199989318847656,0.13499991099039713,364000,6685600,False,False,False
364393.5,6685654.5,19.399999618530273,18.559999465942383,0.8400001525878906,0.07000001271565755,364300,6685600,False,False,False
364474.5,6685654.5,19.459999084472656,16.350000381469727,3.1099987030029297,0.25916655858357746,364400,6685600,False,False,False
364720.5,6685654.5,20.56999969482422,9.279999732971191,11.289999961853027,0.940833330154419,364700,6685600,False,False,False
364757.5,6685654.5,26.65999984741211,21.209999084472656,5.450000762939453,0.4541667302449544,364700,6685600,False,False,False
364809.5,6685654.5,27.690000534057617,18.40999984741211,9.280000686645508,0.7733333905537924,364800,6685600,False,False,False
364826.5,6685654.5,22.799999237060547,16.989999771118164,5.809999465942383,0.48416662216186523,364800,6685600,False,False,False
364834.5,6685654.5,22.34000015258789,16.530000686645508,5.809999465942383,0.48416662216186523,364800,6685600,False,False,False
364941.5,6685654.5,19.43000030517578,12.649999618530273,6.780000686645508,0.565000057220459,364900,6685600,False,False,False
364960.5,6685654.5,23.700000762939453,15.569999694824219,8.130001068115234,0.6775000890096029,364900,6685600,False,False,False
364002.5,6685653.5,20.309999465942383,19.030000686645508,1.279998779296875,0.10666656494140625,364000,6685600,False,False,False
364030.5,6685653.5,23.3700008392334,21.3700008392334,2.0,0.16666666666666666,364000,6685600,False,False,False
364079.5,6685653.5,14.949999809265137,9.6899995803833,5.260000228881836,0.43833335240681964,364000,6685600,False,False,False
364167.5,6685653.5,19.1299991607666,11.84000015258789,7.289999008178711,0.607499917348226,364100,6685600,False,False,False
364204.5,6685653.5,20.110000610351562,17.010000228881836,3.1000003814697266,0.25833336512247723,364200,6685600,False,False,False
364489.5,6685653.5,19.81999969482422,16.68000030517578,3.1399993896484375,0.26166661580403644,364400,6685600,False,False,False
364564.5,6685653.5,18.670000076293945,15.34000015258789,3.3299999237060547,0.2774999936421712,364500,6685600,False,False,False
364582.5,6685653.5,18.559999465942383,11.430000305175781,7.129999160766602,0.5941665967305502,364500,6685600,False,False,False
364611.5,6685653.5,17.8700008392334,11.079999923706055,6.790000915527344,0.5658334096272787,364600,6685600,False,False,False
364798.5,6685653.5,23.600000381469727,17.889999389648438,5.710000991821289,0.4758334159851074,364700,6685600,False,False,False
364872.5,6685653.5,20.6200008392334,14.300000190734863,6.320000648498535,0.5266667207082113,364800,6685600,False,False,False
364882.5,6685653.5,21.690000534057617,15.720000267028809,5.970000267028809,0.4975000222524007,364800,6685600,False,False,False
364903.5,6685653.5,20.559999465942383,14.899999618530273,5.659999847412109,0.4716666539510091,364900,6685600,False,False,False
364064.5,6685652.5,17.479999542236328,12.609999656677246,4.869999885559082,0.40583332379659015,364000,6685600,False,False,False
364124.5,6685652.5,18.549999237060547,15.970000267028809,2.5799989700317383,0.21499991416931152,364100,6685600,False,False,False
364221.5,6685652.5,21.34000015258789,20.729999542236328,0.6100006103515625,0.05083338419596354,364200,6685600,False,False,False
364456.5,6685652.5,18.280000686645508,16.959999084472656,1.3200016021728516,0.1100001335144043,364400,6685600,False,False,False
364547.5,6685652.5,18.139999389648438,10.850000381469727,7.289999008178711,0.607499917348226,364500,6685600,False,False,False
364573.5,6685652.5,18.0,11.850000381469727,6.149999618530273,0.5124999682108561,364500,6685600,False,False,False
364649.5,6685652.5,20.780000686645508,13.869999885559082,6.910000801086426,0.5758334000905355,364600,6685600,False,False,False
364665.5,6685652.5,18.829999923706055,12.899999618530273,5.930000305175781,0.49416669209798175,364600,6685600,False,False,False
364844.5,6685652.5,23.899999618530273,18.030000686645508,5.869998931884766,0.4891665776570638,364800,6685600,False,False,False
364978.5,6685652.5,26.239999771118164,22.219999313354492,4.020000457763672,0.33500003814697266,364900,6685600,False,False,False
364036.5,6685651.5,22.84000015258789,21.760000228881836,1.0799999237060547,0.08999999364217122,364000,6685600,False,False,False
364071.5,6685651.5,16.940000534057617,13.529999732971191,3.410000801086426,0.28416673342386883,364000,6685600,False,False,False
364106.5,6685651.5,16.139999389648438,10.949999809265137,5.189999580383301,0.4324999650319417,364100,6685600,False,False,False
364119.5,6685651.5,16.75,14.239999771118164,2.510000228881836,0.20916668574015299,364100,6685600,False,False,False
364158.5,6685651.5,18.049999237060547,8.760000228881836,9.289999008178711,0.7741665840148926,364100,6685600,False,False,False
364399.5,6685651.5,19.829999923706055,18.329999923706055,1.5,0.125,364300,6685600,False,False,False
364409.5,6685651.5,19.149999618530273,14.979999542236328,4.170000076293945,0.3475000063578288,364400,6685600,False,False,False
364517.5,6685651.5,17.309999465942383,11.640000343322754,5.669999122619629,0.47249992688496906,364500,6685600,False,False,False
364054.5,6685650.5,19.760000228881836,17.81999969482422,1.9400005340576172,0.1616667111714681,364000,6685600,False,False,False
364436.5,6685650.5,13.470000267028809,11.270000457763672,2.1999998092651367,0.18333331743876138,364400,6685600,False,False,False
364537.5,6685650.5,16.34000015258789,10.199999809265137,6.140000343322754,0.5116666952768961,364500,6685600,False,False,False
364621.5,6685650.5,18.739999771118164,11.579999923706055,7.159999847412109,0.5966666539510092,364600,6685600,False,False,False
364933.5,6685650.5,20.6299991607666,14.130000114440918,6.499999046325684,0.541666587193807,364900,6685600,False,False,False
364994.5,6685650.5,29.920000076293945,22.670000076293945,7.25,0.6041666666666666,364900,6685600,False,False,False
364091.5,6685649.5,17.100000381469727,15.5600004196167,1.5399999618530273,0.12833333015441895,364000,6685600,False,False,False
364185.5,6685649.5,16.93000030517578,5.480000019073486,11.450000286102295,0.9541666905085245,364100,6685600,False,False,False
364229.5,6685649.5,17.979999542236328,15.420000076293945,2.559999465942383,0.2133332888285319,364200,6685600,False,False,False
364588.5,6685649.5,18.56999969482422,12.449999809265137,6.119999885559082,0.5099999904632568,364500,6685600,False,False,False
364630.5,6685649.5,19.079999923706055,12.850000381469727,6.229999542236328,0.519166628519694,364600,6685600,False,False,False
364748.5,6685649.5,26.209999084472656,19.65999984741211,6.549999237060547,0.5458332697550455,364700,6685600,False,False,False
364835.5,6685649.5,20.639999389648438,15.640000343322754,4.999999046325684,0.41666658719380695,364800,6685600,False,False,False
364947.5,6685649.5,20.989999771118164,13.699999809265137,7.289999961853027,0.6074999968210856,364900,6685600,False,False,False
364953.5,6685649.5,20.850000381469727,14.699999809265137,6.15000057220459,0.5125000476837158,364900,6685600,False,False,False
364450.5,6685648.5,19.110000610351562,17.469999313354492,1.6400012969970703,0.13666677474975586,364400,6685600,False,False,False
364509.5,6685648.5,19.34000015258789,10.34000015258789,9.0,0.75,364500,6685600,False,False,False
364569.5,6685648.5,17.989999771118164,14.210000038146973,3.7799997329711914,0.3149999777475993,364500,6685600,False,False,False
364646.5,6685648.5,20.459999084472656,14.479999542236328,5.979999542236328,0.49833329518636066,364600,6685600,False,False,False
364737.5,6685648.5,27.670000076293945,18.09000015258789,9.579999923706055,0.7983333269755045,364700,6685600,False,False,False
364849.5,6685648.5,23.6200008392334,14.960000038146973,8.660000801086426,0.7216667334238688,364800,6685600,False,False,False
364858.5,6685648.5,22.010000228881836,14.550000190734863,7.460000038146973,0.621666669845581,364800,6685600,False,False,False
364917.5,6685648.5,17.729999542236328,13.65999984741211,4.069999694824219,0.33916664123535156,364900,6685600,False,False,False
364142.5,6685647.5,16.920000076293945,11.489999771118164,5.430000305175781,0.4525000254313151,364100,6685600,False,False,False
364174.5,6685647.5,13.699999809265137,5.940000057220459,7.759999752044678,0.6466666460037231,364100,6685600,False,False,False
364429.5,6685647.5,16.670000076293945,13.899999618530273,2.770000457763672,0.230833371480306,364400,6685600,False,False,False
364558.5,6685647.5,19.90999984741211,14.75,5.159999847412109,0.42999998728434247,364500,6685600,False,False,False
364662.5,6685647.5,17.739999771118164,12.109999656677246,5.630000114440918,0.46916667620340985,364600,6685600,False,False,False
364692.5,6685647.5,26.239999771118164,19.780000686645508,6.459999084472656,0.5383332570393881,364600,6685600,False,False,False
364757.5,6685647.5,24.559999465942383,20.110000610351562,4.44999885559082,0.3708332379659017,364700,6685600,False,False,False
364795.5,6685647.5,25.030000686645508,19.84000015258789,5.190000534057617,0.43250004450480145,364700,6685600,False,False,False
364815.5,6685647.5,25.65999984741211,22.770000457763672,2.8899993896484375,0.24083328247070312,364800,6685600,False,False,False
364867.5,6685647.5,21.809999465942383,13.850000381469727,7.959999084472656,0.6633332570393881,364800,6685600,False,False,False
364108.5,6685646.5,16.31999969482422,12.550000190734863,3.7699995040893555,0.3141666253407796,364100,6685600,False,False,False
364130.5,6685646.5,21.469999313354492,20.079999923706055,1.3899993896484375,0.11583328247070312,364100,6685600,False,False,False
364151.5,6685646.5,20.690000534057617,12.5600004196167,8.130000114440918,0.6775000095367432,364100,6685600,False,False,False
364190.5,6685646.5,17.93000030517578,9.289999961853027,8.640000343322754,0.7200000286102295,364100,6685600,False,False,False
364196.5,6685646.5,23.020000457763672,19.959999084472656,3.0600013732910156,0.25500011444091797,364100,6685600,False,False,False
364212.5,6685646.5,22.1299991607666,17.6299991607666,4.5,0.375,364200,6685600,False,False,False
364418.5,6685646.5,21.09000015258789,14.729999542236328,6.3600006103515625,0.5300000508626302,364400,6685600,False,False,False
364603.5,6685646.5,18.5,13.239999771118164,5.260000228881836,0.43833335240681964,364600,6685600,False,False,False
364702.5,6685646.5,26.06999969482422,21.059999465942383,5.010000228881836,0.41750001907348633,364700,6685600,False,False,False
364827.5,6685646.5,26.229999542236328,18.280000686645508,7.94999885559082,0.6624999046325684,364800,6685600,False,False,False
364896.5,6685646.5,17.149999618530273,11.979999542236328,5.170000076293945,0.4308333396911621,364800,6685600,False,False,False
364942.5,6685646.5,21.280000686645508,14.9399995803833,6.340001106262207,0.5283334255218506,364900,6685600,False,False,False
364008.5,6685645.5,21.079999923706055,18.559999465942383,2.520000457763672,0.21000003814697266,364000,6685600,False,False,False
364079.5,6685645.5,16.56999969482422,10.40999984741211,6.159999847412109,0.5133333206176758,364000,6685600,False,False,False
364097.5,6685645.5,19.149999618530273,18.06999969482422,1.0799999237060547,0.08999999364217122,364000,6685600,False,False,False
364405.5,6685645.5,18.8700008392334,15.890000343322754,2.9800004959106445,0.24833337465922037,364400,6685600,False,False,False
364456.5,6685645.5,21.40999984741211,20.06999969482422,1.3400001525878906,0.11166667938232422,364400,6685600,False,False,False
364473.5,6685645.5,20.3700008392334,18.760000228881836,1.6100006103515625,0.13416671752929688,364400,6685600,False,False,False
364562.5,6685645.5,20.219999313354492,14.149999618530273,6.069999694824219,0.5058333079020182,364500,6685600,False,False,False
364573.5,6685645.5,17.940000534057617,13.6899995803833,4.250000953674316,0.35416674613952637,364500,6685600,False,False,False
364588.5,6685645.5,18.809999465942383,11.399999618530273,7.409999847412109,0.6174999872843424,364500,6685600,False,False,False
364638.5,6685645.5,22.5,16.079999923706055,6.420000076293945,0.5350000063578287,364600,6685600,False,False,False
364766.5,6685645.5,26.190000534057617,21.020000457763672,5.170000076293945,0.4308333396911621,364700,6685600,False,False,False
364873.5,6685645.5,20.56999969482422,13.979999542236328,6.590000152587891,0.5491666793823242,364800,6685600,False,False,False
364086.5,6685644.5,15.0,10.239999771118164,4.760000228881836,0.396666685740153,364000,6685600,False,False,False
364218.5,6685644.5,22.219999313354492,20.989999771118164,1.2299995422363281,0.10249996185302734,364200,6685600,False,False,False
364510.5,6685644.5,19.549999237060547,14.319999694824219,5.229999542236328,0.43583329518636066,364500,6685600,False,False,False
364975.5,6685644.5,21.90999984741211,20.600000381469727,1.3099994659423828,0.10916662216186523,364900,6685600,False,False,False
364019.5,6685643.5,23.149999618530273,21.520000457763672,1.6299991607666016,0.1358332633972168,364000,6685600,False,False,False
364205.5,6685643.5,20.809999465942383,14.220000267028809,6.589999198913574,0.5491665999094645,364200,6685600,False,False,False
364494.5,6685643.5,19.790000915527344,17.079999923706055,2.710000991821289,0.22583341598510742,364400,6685600,False,False,False
364858.5,6685643.5,22.75,15.989999771118164,6.760000228881836,0.5633333524068197,364800,6685600,False,False,False
364954.5,6685643.5,21.739999771118164,12.84000015258789,8.899999618530273,0.7416666348775228,364900,6685600,False,False,False
364485.5,6685642.5,21.780000686645508,19.700000762939453,2.0799999237060547,0.17333332697550455,364400,6685600,False,False,False
364531.5,6685642.5,16.940000534057617,11.210000038146973,5.7300004959106445,0.477500041325887,364500,6685600,False,False,False
364551.5,6685642.5,21.489999771118164,15.800000190734863,5.689999580383301,0.4741666316986084,364500,6685600,False,False,False
364595.5,6685642.5,18.579999923706055,12.630000114440918,5.949999809265137,0.4958333174387614,364500,6685600,False,False,False
364616.5,6685642.5,18.899999618530273,11.640000343322754,7.2599992752075195,0.6049999396006266,364600,6685600,False,False,False
364909.5,6685642.5,18.059999465942383,13.029999732971191,5.029999732971191,0.41916664441426593,364900,6685600,False,False,False
364930.5,6685642.5,19.860000610351562,11.930000305175781,7.930000305175781,0.6608333587646484,364900,6685600,False,False,False
364050.5,6685641.5,19.799999237060547,18.360000610351562,1.4399986267089844,0.11999988555908203,364000,6685600,False,False,False
364059.5,6685641.5,14.699999809265137,8.529999732971191,6.170000076293945,0.5141666730244955,364000,6685600,False,False,False
364145.5,6685641.5,17.6200008392334,12.850000381469727,4.770000457763672,0.39750003814697266,364100,6685600,False,False,False
364413.5,6685641.5,19.31999969482422,15.760000228881836,3.559999465942383,0.29666662216186523,364400,6685600,False,False,False
364746.5,6685641.5,27.559999465942383,23.459999084472656,4.100000381469727,0.34166669845581055,364700,6685600,False,False,False
364776.5,6685641.5,26.600000381469727,20.799999237060547,5.80000114440918,0.48333342870076496,364700,6685600,False,False,False
364077.5,6685640.5,16.850000381469727,9.520000457763672,7.329999923706055,0.6108333269755045,364000,6685600,False,False,False
364520.5,6685640.5,15.670000076293945,9.859999656677246,5.810000419616699,0.4841667016347249,364500,6685600,False,False,False
364785.5,6685640.5,26.579999923706055,16.43000030517578,10.149999618530273,0.8458333015441895,364700,6685600,False,False,False
364847.5,6685640.5,20.579999923706055,14.430000305175781,6.149999618530273,0.5124999682108561,364800,6685600,False,False,False
364896.5,6685640.5,18.729999542236328,12.220000267028809,6.5099992752075195,0.5424999396006266,364800,6685600,False,False,False
364960.5,6685640.5,22.520000457763672,14.609999656677246,7.910000801086426,0.6591667334238688,364900,6685600,False,False,False
364113.5,6685639.5,18.1200008392334,16.81999969482422,1.3000011444091797,0.10833342870076497,364100,6685600,False,False,False
364171.5,6685639.5,23.219999313354492,17.809999465942383,5.409999847412109,0.4508333206176758,364100,6685600,False,False,False
364183.5,6685639.5,20.760000228881836,12.180000305175781,8.579999923706055,0.7149999936421713,364100,6685600,False,False,False
364222.5,6685639.5,21.93000030517578,20.989999771118164,0.9400005340576172,0.07833337783813477,364200,6685600,False,False,False
364572.5,6685639.5,17.75,11.670000076293945,6.079999923706055,0.5066666603088379,364500,6685600,False,False,False
364658.5,6685639.5,22.540000915527344,17.940000534057617,4.600000381469727,0.38333336512247723,364600,6685600,False,False,False
364718.5,6685639.5,24.979999542236328,18.479999542236328,6.5,0.5416666666666666,364700,6685600,False,False,False
364863.5,6685639.5,20.639999389648438,12.09000015258789,8.549999237060547,0.7124999364217123,364800,6685600,False,False,False
364886.5,6685639.5,20.139999389648438,13.850000381469727,6.289999008178711,0.5241665840148926,364800,6685600,False,False,False
364945.5,6685639.5,20.6200008392334,14.5,6.120000839233398,0.5100000699361166,364900,6685600,False,False,False
364999.5,6685639.5,29.530000686645508,24.940000534057617,4.590000152587891,0.38250001271565753,364900,6685600,False,False,False
364041.5,6685638.5,23.450000762939453,21.100000381469727,2.3500003814697266,0.1958333651224772,364000,6685600,False,False,False
364101.5,6685638.5,17.530000686645508,11.329999923706055,6.200000762939453,0.5166667302449545,364100,6685600,False,False,False
364408.5,6685638.5,19.100000381469727,13.4399995803833,5.660000801086426,0.47166673342386883,364400,6685600,False,False,False
364546.5,6685638.5,20.6200008392334,19.690000534057617,0.9300003051757812,0.07750002543131511,364500,6685600,False,False,False
364594.5,6685638.5,18.65999984741211,13.420000076293945,5.239999771118164,0.43666664759318036,364500,6685600,False,False,False
364606.5,6685638.5,19.06999969482422,13.460000038146973,5.609999656677246,0.4674999713897705,364600,6685600,False,False,False
364697.5,6685638.5,26.440000534057617,18.43000030517578,8.010000228881836,0.6675000190734863,364600,6685600,False,False,False
364801.5,6685638.5,24.299999237060547,17.489999771118164,6.809999465942383,0.5674999554951986,364800,6685600,False,False,False
364925.5,6685638.5,21.90999984741211,16.190000534057617,5.719999313354492,0.4766666094462077,364900,6685600,False,False,False
364991.5,6685638.5,28.59000015258789,22.610000610351562,5.979999542236328,0.49833329518636066,364900,6685600,False,False,False
364002.5,6685637.5,17.65999984741211,16.600000381469727,1.0599994659423828,0.0883332888285319,364000,6685600,False,False,False
364072.5,6685637.5,17.3799991607666,11.520000457763672,5.85999870300293,0.48833322525024414,364000,6685600,False,False,False
364149.5,6685637.5,18.389999389648438,15.9399995803833,2.4499998092651367,0.20416665077209473,364100,6685600,False,False,False
364209.5,6685637.5,23.579999923706055,19.450000762939453,4.129999160766602,0.3441665967305501,364200,6685600,False,False,False
364528.5,6685637.5,16.09000015258789,10.3100004196167,5.779999732971191,0.48166664441426593,364500,6685600,False,False,False
364708.5,6685637.5,25.010000228881836,20.280000686645508,4.729999542236328,0.39416662851969403,364700,6685600,False,False,False
364823.5,6685637.5,25.65999984741211,15.670000076293945,9.989999771118164,0.8324999809265137,364800,6685600,False,False,False
364882.5,6685637.5,20.68000030517578,15.399999618530273,5.280000686645508,0.440000057220459,364800,6685600,False,False,False
364931.5,6685637.5,20.729999542236328,14.59000015258789,6.1399993896484375,0.5116666158040365,364900,6685600,False,False,False
364063.5,6685636.5,15.390000343322754,10.270000457763672,5.119999885559082,0.4266666571299235,364000,6685600,False,False,False
364141.5,6685636.5,13.8100004196167,9.130000114440918,4.680000305175781,0.3900000254313151,364100,6685600,False,False,False
364415.5,6685636.5,18.18000030517578,16.610000610351562,1.5699996948242188,0.13083330790201822,364400,6685600,False,False,False
364536.5,6685636.5,17.18000030517578,16.049999237060547,1.1300010681152344,0.09416675567626953,364500,6685600,False,False,False
364553.5,6685636.5,20.18000030517578,19.809999465942383,0.37000083923339844,0.03083340326944987,364500,6685600,False,False,False
364616.5,6685636.5,20.8700008392334,14.25,6.620000839233398,0.5516667366027832,364600,6685600,False,False,False
364651.5,6685636.5,23.56999969482422,18.110000610351562,5.459999084472656,0.4549999237060547,364600,6685600,False,False,False
364683.5,6685636.5,22.170000076293945,15.270000457763672,6.899999618530273,0.5749999682108561,364600,6685600,False,False,False
364769.5,6685636.5,27.09000015258789,20.3799991607666,6.710000991821289,0.5591667493184408,364700,6685600,False,False,False
364919.5,6685636.5,20.549999237060547,13.100000381469727,7.44999885559082,0.6208332379659017,364900,6685600,False,False,False
364969.5,6685636.5,20.860000610351562,13.920000076293945,6.940000534057617,0.5783333778381348,364900,6685600,False,False,False
364479.5,6685635.5,18.719999313354492,17.68000030517578,1.039999008178711,0.08666658401489258,364400,6685600,False,False,False
364843.5,6685635.5,23.770000457763672,17.520000457763672,6.25,0.5208333333333334,364800,6685600,False,False,False
364961.5,6685635.5,20.989999771118164,14.380000114440918,6.609999656677246,0.5508333047231039,364900,6685600,False,False,False
364980.5,6685635.5,21.270000457763672,15.130000114440918,6.140000343322754,0.5116666952768961,364900,6685600,False,False,False
364517.5,6685634.5,17.93000030517578,13.319999694824219,4.6100006103515625,0.3841667175292969,364500,6685600,False,False,False
364854.5,6685634.5,21.139999389648438,17.1200008392334,4.019998550415039,0.33499987920125324,364800,6685600,False,False,False
364902.5,6685634.5,19.690000534057617,13.4399995803833,6.250000953674316,0.520833412806193,364900,6685600,False,False,False
364000.5,6685633.5,19.219999313354492,16.690000534057617,2.529998779296875,0.2108332316080729,364000,6685600,False,False,False
364024.5,6685633.5,23.93000030517578,22.75,1.1800003051757812,0.09833335876464844,364000,6685600,False,False,False
364079.5,6685633.5,12.729999542236328,5.840000152587891,6.8899993896484375,0.5741666158040365,364000,6685600,False,False,False
364440.5,6685633.5,19.719999313354492,18.639999389648438,1.0799999237060547,0.08999999364217122,364400,6685600,False,False,False
364511.5,6685633.5,19.420000076293945,14.380000114440918,5.039999961853027,0.41999999682108563,364500,6685600,False,False,False
364639.5,6685633.5,21.68000030517578,14.960000038146973,6.720000267028809,0.5600000222524008,364600,6685600,False,False,False
364812.5,6685633.5,27.15999984741211,18.350000381469727,8.809999465942383,0.7341666221618652,364800,6685600,False,False,False
364886.5,6685633.5,19.559999465942383,11.670000076293945,7.8899993896484375,0.6574999491373698,364800,6685600,False,False,False
364897.5,6685633.5,18.459999084472656,12.220000267028809,6.239998817443848,0.5199999014536539,364800,6685600,False,False,False
364089.5,6685632.5,14.5600004196167,10.390000343322754,4.170000076293945,0.3475000063578288,364000,6685600,False,False,False
364093.5,6685632.5,14.5,11.390000343322754,3.109999656677246,0.2591666380564372,364000,6685600,False,False,False
364105.5,6685632.5,16.6299991607666,13.65999984741211,2.969999313354492,0.24749994277954102,364100,6685600,False,False,False
364119.5,6685632.5,19.15999984741211,17.3799991607666,1.7800006866455078,0.14833339055379233,364100,6685600,False,False,False
364431.5,6685632.5,17.510000228881836,16.34000015258789,1.1700000762939453,0.09750000635782878,364400,6685600,False,False,False
364493.5,6685632.5,17.18000030517578,10.949999809265137,6.2300004959106445,0.5191667079925537,364400,6685600,False,False,False
364567.5,6685632.5,19.110000610351562,13.930000305175781,5.180000305175781,0.43166669209798175,364500,6685600,False,False,False
364597.5,6685632.5,18.520000457763672,12.300000190734863,6.220000267028809,0.518333355585734,364500,6685600,False,False,False
364606.5,6685632.5,19.25,12.569999694824219,6.680000305175781,0.5566666920979818,364600,6685600,False,False,False
364678.5,6685632.5,21.989999771118164,13.6899995803833,8.300000190734863,0.6916666825612386,364600,6685600,False,False,False
364017.5,6685631.5,26.139999389648438,23.6299991607666,2.510000228881836,0.20916668574015299,364000,6685600,False,False,False
364064.5,6685631.5,16.790000915527344,10.229999542236328,6.560001373291016,0.5466667811075846,364000,6685600,False,False,False
364084.5,6685631.5,15.09000015258789,9.770000457763672,5.319999694824219,0.44333330790201825,364000,6685600,False,False,False
364137.5,6685631.5,18.920000076293945,18.989999771118164,-0.06999969482421875,-0.0058333079020182295,364100,6685600,False,False,False
364501.5,6685631.5,17.010000228881836,12.239999771118164,4.770000457763672,0.39750003814697266,364500,6685600,False,False,False
364559.5,6685631.5,18.139999389648438,17.260000228881836,0.8799991607666016,0.0733332633972168,364500,6685600,False,False,False
364623.5,6685631.5,22.010000228881836,13.979999542236328,8.030000686645508,0.6691667238871256,364600,6685600,False,False,False
364798.5,6685631.5,25.700000762939453,19.209999084472656,6.490001678466797,0.5408334732055664,364700,6685600,False,False,False
364834.5,6685631.5,24.639999389648438,17.68000030517578,6.959999084472656,0.5799999237060547,364800,6685600,False,False,False
364196.5,6685630.5,23.84000015258789,19.549999237060547,4.290000915527344,0.3575000762939453,364100,6685600,False,False,False
364206.5,6685630.5,19.649999618530273,15.1899995803833,4.460000038146973,0.37166666984558105,364200,6685600,False,False,False
364468.5,6685630.5,20.100000381469727,18.5,1.6000003814697266,0.1333333651224772,364400,6685600,False,False,False
364575.5,6685630.5,18.290000915527344,10.149999618530273,8.14000129699707,0.6783334414164225,364500,6685600,False,False,False
364645.5,6685630.5,21.270000457763672,14.239999771118164,7.030000686645508,0.5858333905537924,364600,6685600,False,False,False
364788.5,6685630.5,25.110000610351562,17.979999542236328,7.130001068115234,0.5941667556762695,364700,6685600,False,False,False
364870.5,6685630.5,19.100000381469727,12.170000076293945,6.930000305175781,0.5775000254313151,364800,6685600,False,False,False
364911.5,6685630.5,19.530000686645508,12.0,7.530000686645508,0.627500057220459,364900,6685600,False,False,False
364952.5,6685630.5,20.06999969482422,12.90999984741211,7.159999847412109,0.5966666539510092,364900,6685600,False,False,False
364969.5,6685630.5,24.829999923706055,19.6299991607666,5.200000762939453,0.4333333969116211,364900,6685600,False,False,False
364979.5,6685630.5,20.969999313354492,13.760000228881836,7.209999084472656,0.6008332570393881,364900,6685600,False,False,False
364164.5,6685629.5,10.59000015258789,6.460000038146973,4.130000114440918,0.34416667620340985,364100,6685600,False,False,False
364217.5,6685629.5,21.010000228881836,16.1299991607666,4.880001068115234,0.40666675567626953,364200,6685600,False,False,False
364223.5,6685629.5,18.84000015258789,15.670000076293945,3.1700000762939453,0.2641666730244954,364200,6685600,False,False,False
364844.5,6685629.5,21.219999313354492,15.550000190734863,5.669999122619629,0.47249992688496906,364800,6685600,False,False,False
364850.5,6685629.5,22.610000610351562,15.720000267028809,6.890000343322754,0.5741666952768961,364800,6685600,False,False,False
364862.5,6685629.5,21.739999771118164,16.149999618530273,5.590000152587891,0.4658333460489909,364800,6685600,False,False,False
364897.5,6685629.5,18.639999389648438,12.670000076293945,5.969999313354492,0.497499942779541,364800,6685600,False,False,False
364043.5,6685628.5,23.760000228881836,20.860000610351562,2.8999996185302734,0.2416666348775228,364000,6685600,False,False,False
364073.5,6685628.5,15.699999809265137,9.25,6.449999809265137,0.5374999841054281,364000,6685600,False,False,False
364510.5,6685628.5,18.670000076293945,12.619999885559082,6.050000190734863,0.5041666825612386,364500,6685600,False,False,False
364539.5,6685628.5,16.770000457763672,10.420000076293945,6.350000381469727,0.5291666984558105,364500,6685600,False,False,False
364698.5,6685628.5,24.81999969482422,20.209999084472656,4.6100006103515625,0.3841667175292969,364600,6685600,False,False,False
364720.5,6685628.5,23.170000076293945,18.559999465942383,4.6100006103515625,0.3841667175292969,364700,6685600,False,False,False
364857.5,6685628.5,20.979999542236328,15.25,5.729999542236328,0.47749996185302734,364800,6685600,False,False,False
364876.5,6685628.5,20.760000228881836,14.260000228881836,6.5,0.5416666666666666,364800,6685600,False,False,False
364157.5,6685627.5,16.15999984741211,15.050000190734863,1.109999656677246,0.09249997138977051,364100,6685600,False,False,False
364706.5,6685627.5,27.09000015258789,23.719999313354492,3.3700008392333984,0.2808334032694499,364700,6685600,False,False,False
364882.5,6685627.5,19.459999084472656,14.210000038146973,5.249999046325684,0.4374999205271403,364800,6685600,False,False,False
364921.5,6685627.5,21.510000228881836,15.130000114440918,6.380000114440918,0.5316666762034098,364900,6685600,False,False,False
364940.5,6685627.5,20.020000457763672,14.449999809265137,5.570000648498535,0.46416672070821124,364900,6685600,False,False,False
364004.5,6685626.5,19.270000457763672,16.31999969482422,2.950000762939453,0.2458333969116211,364000,6685600,False,False,False
364122.5,6685626.5,18.899999618530273,17.15999984741211,1.739999771118164,0.14499998092651367,364100,6685600,False,False,False
364459.5,6685626.5,19.799999237060547,19.6299991607666,0.1700000762939453,0.014166673024495443,364400,6685600,False,False,False
364487.5,6685626.5,17.959999084472656,13.300000190734863,4.659998893737793,0.3883332411448161,364400,6685600,False,False,False
364515.5,6685626.5,16.139999389648438,11.460000038146973,4.679999351501465,0.3899999459584554,364500,6685600,False,False,False
364592.5,6685626.5,19.010000228881836,11.75,7.260000228881836,0.6050000190734863,364500,6685600,False,False,False
364599.5,6685626.5,17.299999237060547,10.819999694824219,6.479999542236328,0.5399999618530273,364500,6685600,False,False,False
364649.5,6685626.5,21.440000534057617,16.079999923706055,5.3600006103515625,0.4466667175292969,364600,6685600,False,False,False
364803.5,6685626.5,25.969999313354492,19.520000457763672,6.44999885559082,0.5374999046325684,364800,6685600,False,False,False
364928.5,6685626.5,19.549999237060547,13.449999809265137,6.09999942779541,0.5083332856496176,364900,6685600,False,False,False
364993.5,6685626.5,29.200000762939453,20.030000686645508,9.170000076293945,0.7641666730244955,364900,6685600,False,False,False
364024.5,6685625.5,19.510000228881836,15.420000076293945,4.090000152587891,0.3408333460489909,364000,6685600,False,False,False
364029.5,6685625.5,20.719999313354492,19.049999237060547,1.6700000762939453,0.13916667302449545,364000,6685600,False,False,False
364059.5,6685625.5,17.93000030517578,13.720000267028809,4.210000038146973,0.35083333651224774,364000,6685600,False,False,False
364146.5,6685625.5,18.209999084472656,18.059999465942383,0.14999961853027344,0.01249996821085612,364100,6685600,False,False,False
364796.5,6685625.5,25.6200008392334,20.209999084472656,5.410001754760742,0.4508334795633952,364700,6685600,False,False,False
364823.5,6685625.5,27.780000686645508,20.6299991607666,7.150001525878906,0.5958334604899088,364800,6685600,False,False,False
364916.5,6685625.5,20.799999237060547,14.699999809265137,6.09999942779541,0.5083332856496176,364900,6685600,False,False,False
364037.5,6685624.5,22.649999618530273,19.010000228881836,3.6399993896484375,0.3033332824707031,364000,6685600,False,False,False
364498.5,6685624.5,18.209999084472656,13.869999885559082,4.339999198913574,0.36166659990946454,364400,6685600,False,False,False
364579.5,6685624.5,19.059999465942383,11.65999984741211,7.399999618530273,0.6166666348775228,364500,6685600,False,False,False
364688.5,6685624.5,23.75,19.93000030517578,3.8199996948242188,0.31833330790201825,364600,6685600,False,False,False
364964.5,6685624.5,21.540000915527344,14.739999771118164,6.80000114440918,0.5666667620340983,364900,6685600,False,False,False
364969.5,6685624.5,24.729999542236328,17.940000534057617,6.789999008178711,0.5658332506815592,364900,6685600,False,False,False
364982.5,6685624.5,23.260000228881836,20.829999923706055,2.4300003051757812,0.2025000254313151,364900,6685600,False,False,False
364052.5,6685623.5,19.149999618530273,16.420000076293945,2.729999542236328,0.22749996185302734,364000,6685600,False,False,False
364103.5,6685623.5,19.059999465942383,17.90999984741211,1.1499996185302734,0.09583330154418945,364100,6685600,False,False,False
364449.5,6685623.5,21.850000381469727,19.440000534057617,2.4099998474121094,0.20083332061767578,364400,6685600,False,False,False
364544.5,6685623.5,12.289999961853027,7.5,4.789999961853027,0.39916666348775226,364500,6685600,False,False,False
364615.5,6685623.5,16.8799991607666,9.899999618530273,6.979999542236328,0.581666628519694,364600,6685600,False,False,False
364208.5,6685622.5,21.329999923706055,16.25,5.079999923706055,0.4233333269755046,364200,6685600,False,False,False
364219.5,6685622.5,22.8799991607666,20.299999237060547,2.5799999237060547,0.21499999364217123,364200,6685600,False,False,False
364632.5,6685622.5,21.59000015258789,14.779999732971191,6.810000419616699,0.5675000349680582,364600,6685600,False,False,False
364777.5,6685622.5,26.969999313354492,19.969999313354492,7.0,0.5833333333333334,364700,6685600,False,False,False
364882.5,6685622.5,20.739999771118164,13.619999885559082,7.119999885559082,0.5933333237965902,364800,6685600,False,False,False
364178.5,6685621.5,11.819999694824219,8.449999809265137,3.369999885559082,0.28083332379659015,364100,6685600,False,False,False
364469.5,6685621.5,21.540000915527344,20.690000534057617,0.8500003814697266,0.07083336512247722,364400,6685600,False,False,False
364537.5,6685621.5,14.0,9.119999885559082,4.880000114440918,0.40666667620340985,364500,6685600,False,False,False
364566.5,6685621.5,16.75,10.760000228881836,5.989999771118164,0.49916664759318036,364500,6685600,False,False,False
364905.5,6685621.5,21.6299991607666,14.210000038146973,7.419999122619629,0.6183332602183024,364900,6685600,False,False,False
364923.5,6685621.5,20.940000534057617,14.6899995803833,6.250000953674316,0.520833412806193,364900,6685600,False,False,False
364943.5,6685621.5,20.3700008392334,12.920000076293945,7.450000762939453,0.6208333969116211,364900,6685600,False,False,False
364078.5,6685620.5,17.329999923706055,9.640000343322754,7.689999580383301,0.640833298365275,364000,6685600,False,False,False
364213.5,6685620.5,21.079999923706055,15.289999961853027,5.789999961853027,0.48249999682108563,364200,6685600,False,False,False
364527.5,6685620.5,15.979999542236328,10.0600004196167,5.919999122619629,0.4933332602183024,364500,6685600,False,False,False
364596.5,6685620.5,19.950000762939453,12.420000076293945,7.530000686645508,0.627500057220459,364500,6685600,False,False,False
364603.5,6685620.5,17.579999923706055,10.479999542236328,7.100000381469727,0.5916666984558105,364600,6685600,False,False,False
364647.5,6685620.5,20.440000534057617,16.8700008392334,3.5699996948242188,0.2974999745686849,364600,6685600,False,False,False
364694.5,6685620.5,24.290000915527344,16.329999923706055,7.960000991821289,0.6633334159851074,364600,6685600,False,False,False
364784.5,6685620.5,25.889999389648438,19.3700008392334,6.519998550415039,0.5433332125345866,364700,6685600,False,False,False
364935.5,6685620.5,19.8799991607666,16.209999084472656,3.6700000762939453,0.3058333396911621,364900,6685600,False,False,False
364147.5,6685619.5,16.31999969482422,14.390000343322754,1.9299993515014648,0.16083327929178873,364100,6685600,False,False,False
364160.5,6685619.5,17.65999984741211,17.010000228881836,0.6499996185302734,0.05416663487752279,364100,6685600,False,False,False
364196.5,6685619.5,19.309999465942383,13.869999885559082,5.439999580383301,0.4533332983652751,364100,6685600,False,False,False
364457.5,6685619.5,18.920000076293945,16.979999542236328,1.9400005340576172,0.1616667111714681,364400,6685600,False,False,False
364515.5,6685619.5,16.739999771118164,12.140000343322754,4.59999942779541,0.3833332856496175,364500,6685600,False,False,False
364586.5,6685619.5,18.799999237060547,12.289999961853027,6.5099992752075195,0.5424999396006266,364500,6685600,False,False,False
364622.5,6685619.5,18.59000015258789,13.239999771118164,5.350000381469727,0.44583336512247723,364600,6685600,False,False,False
364805.5,6685619.5,27.940000534057617,21.6299991607666,6.310001373291016,0.5258334477742513,364800,6685600,False,False,False
364842.5,6685619.5,24.780000686645508,17.149999618530273,7.630001068115234,0.6358334223429362,364800,6685600,False,False,False
364848.5,6685619.5,24.540000915527344,17.350000381469727,7.190000534057617,0.5991667111714681,364800,6685600,False,False,False
364869.5,6685619.5,20.899999618530273,14.569999694824219,6.329999923706055,0.5274999936421713,364800,6685600,False,False,False
364000.5,6685618.5,21.09000015258789,17.84000015258789,3.25,0.2708333333333333,364000,6685600,False,False,False
364025.5,6685618.5,22.829999923706055,22.09000015258789,0.7399997711181641,0.061666647593180336,364000,6685600,False,False,False
364069.5,6685618.5,19.489999771118164,11.579999923706055,7.909999847412109,0.6591666539510092,364000,6685600,False,False,False
364085.5,6685618.5,17.059999465942383,13.100000381469727,3.9599990844726562,0.3299999237060547,364000,6685600,False,False,False
364096.5,6685618.5,15.149999618530273,8.630000114440918,6.5199995040893555,0.5433332920074463,364000,6685600,False,False,False
364111.5,6685618.5,19.280000686645508,18.049999237060547,1.230001449584961,0.10250012079874675,364100,6685600,False,False,False
364189.5,6685618.5,16.799999237060547,9.789999961853027,7.0099992752075195,0.5841666062672933,364100,6685600,False,False,False
364559.5,6685618.5,15.869999885559082,9.470000267028809,6.399999618530273,0.5333333015441895,364500,6685600,False,False,False
364738.5,6685618.5,25.510000228881836,22.239999771118164,3.270000457763672,0.27250003814697266,364700,6685600,False,False,False
364965.5,6685618.5,20.219999313354492,12.699999809265137,7.5199995040893555,0.6266666253407797,364900,6685600,False,False,False
364054.5,6685617.5,18.920000076293945,13.520000457763672,5.399999618530273,0.44999996821085614,364000,6685600,False,False,False
364135.5,6685617.5,14.069999694824219,10.979999542236328,3.0900001525878906,0.25750001271565753,364100,6685600,False,False,False
364501.5,6685617.5,18.09000015258789,17.260000228881836,0.8299999237060547,0.06916666030883789,364500,6685600,False,False,False
364617.5,6685617.5,17.979999542236328,11.140000343322754,6.839999198913574,0.5699999332427979,364600,6685600,False,False,False
364639.5,6685617.5,18.709999084472656,15.109999656677246,3.59999942779541,0.2999999523162842,364600,6685600,False,False,False
364705.5,6685617.5,26.1299991607666,18.209999084472656,7.920000076293945,0.6600000063578287,364700,6685600,False,False,False
364130.5,6685616.5,13.59000015258789,9.710000038146973,3.880000114440918,0.3233333428700765,364100,6685600,False,False,False
364152.5,6685616.5,16.799999237060547,16.270000457763672,0.529998779296875,0.04416656494140625,364100,6685600,False,False,False
364431.5,6685616.5,17.920000076293945,15.9399995803833,1.9800004959106445,0.16500004132588705,364400,6685600,False,False,False
364451.5,6685616.5,16.719999313354492,14.5600004196167,2.159998893737793,0.17999990781148276,364400,6685600,False,False,False
364477.5,6685616.5,19.1299991607666,17.6200008392334,1.5099983215332031,0.12583319346110025,364400,6685600,False,False,False
364876.5,6685616.5,20.229999542236328,13.899999618530273,6.329999923706055,0.5274999936421713,364800,6685600,False,False,False
364889.5,6685616.5,20.31999969482422,12.399999618530273,7.920000076293945,0.6600000063578287,364800,6685600,False,False,False
364979.5,6685616.5,21.200000762939453,15.3100004196167,5.890000343322754,0.4908333619435628,364900,6685600,False,False,False
364062.5,6685615.5,18.709999084472656,14.4399995803833,4.2699995040893555,0.3558332920074463,364000,6685600,False,False,False
364172.5,6685615.5,12.40999984741211,9.109999656677246,3.3000001907348633,0.27500001589457196,364100,6685600,False,False,False
364472.5,6685615.5,20.549999237060547,19.299999237060547,1.25,0.10416666666666667,364400,6685600,False,False,False
364490.5,6685615.5,18.020000457763672,16.739999771118164,1.2800006866455078,0.10666672388712566,364400,6685600,False,False,False
364609.5,6685615.5,17.850000381469727,8.989999771118164,8.860000610351562,0.7383333841959635,364600,6685600,False,False,False
364632.5,6685615.5,21.110000610351562,14.9399995803833,6.170001029968262,0.5141667524973551,364600,6685600,False,False,False
364953.5,6685615.5,20.719999313354492,13.15999984741211,7.559999465942383,0.6299999554951986,364900,6685600,False,False,False
364122.5,6685614.5,13.109999656677246,7.440000057220459,5.669999599456787,0.4724999666213989,364100,6685600,False,False,False
364508.5,6685614.5,20.40999984741211,19.639999389648438,0.7700004577636719,0.06416670481363933,364500,6685600,False,False,False
364521.5,6685614.5,14.970000267028809,13.069999694824219,1.9000005722045898,0.15833338101704916,364500,6685600,False,False,False
364695.5,6685614.5,24.469999313354492,11.34000015258789,13.129999160766602,1.09416659673055,364600,6685600,False,False,False
364756.5,6685614.5,30.709999084472656,25.059999465942383,5.649999618530273,0.47083330154418945,364700,6685600,False,False,False
364939.5,6685614.5,19.940000534057617,13.420000076293945,6.520000457763672,0.543333371480306,364900,6685600,False,False,False
364961.5,6685614.5,19.799999237060547,12.960000038146973,6.839999198913574,0.5699999332427979,364900,6685600,False,False,False
364969.5,6685614.5,20.18000030517578,13.84000015258789,6.340000152587891,0.5283333460489908,364900,6685600,False,False,False
364042.5,6685613.5,17.520000457763672,17.90999984741211,-0.3899993896484375,-0.03249994913736979,364000,6685600,False,False,False
364581.5,6685613.5,19.780000686645508,14.300000190734863,5.4800004959106445,0.4566667079925537,364500,6685600,False,False,False
364588.5,6685613.5,19.780000686645508,15.890000343322754,3.890000343322754,0.3241666952768962,364500,6685600,False,False,False
364099.5,6685612.5,16.6299991607666,12.350000381469727,4.279998779296875,0.35666656494140625,364000,6685600,False,False,False
364186.5,6685612.5,16.489999771118164,9.109999656677246,7.380000114440918,0.6150000095367432,364100,6685600,False,False,False
364218.5,6685612.5,21.610000610351562,19.25,2.3600006103515625,0.19666671752929688,364200,6685600,False,False,False
364593.5,6685612.5,19.899999618530273,14.40999984741211,5.489999771118164,0.45749998092651367,364500,6685600,False,False,False
364603.5,6685612.5,18.059999465942383,12.039999961853027,6.0199995040893555,0.5016666253407797,364600,6685600,False,False,False
364647.5,6685612.5,19.520000457763672,14.170000076293945,5.350000381469727,0.44583336512247723,364600,6685600,False,False,False
364720.5,6685612.5,26.729999542236328,23.18000030517578,3.549999237060547,0.2958332697550456,364700,6685600,False,False,False
364788.5,6685612.5,26.739999771118164,19.84000015258789,6.899999618530273,0.5749999682108561,364700,6685600,False,False,False
364822.5,6685612.5,23.459999084472656,13.90999984741211,9.549999237060547,0.7958332697550455,364800,6685600,False,False,False
364841.5,6685612.5,26.639999389648438,19.149999618530273,7.489999771118164,0.6241666475931803,364800,6685600,False,False,False
364903.5,6685612.5,21.329999923706055,14.449999809265137,6.880000114440918,0.5733333428700765,364900,6685600,False,False,False
364911.5,6685612.5,23.139999389648438,13.460000038146973,9.679999351501465,0.8066666126251221,364900,6685600,False,False,False
364035.5,6685611.5,19.530000686645508,13.15999984741211,6.370000839233398,0.5308334032694498,364000,6685600,False,False,False
364501.5,6685611.5,20.889999389648438,20.350000381469727,0.5399990081787109,0.044999917348225914,364500,6685600,False,False,False
364528.5,6685611.5,15.149999618530273,9.40999984741211,5.739999771118164,0.478333314259847,364500,6685600,False,False,False
364612.5,6685611.5,18.229999542236328,12.100000381469727,6.129999160766602,0.5108332633972168,364600,6685600,False,False,False
364849.5,6685611.5,23.93000030517578,13.579999923706055,10.350000381469727,0.8625000317891439,364800,6685600,False,False,False
364977.5,6685611.5,20.260000228881836,14.199999809265137,6.060000419616699,0.5050000349680582,364900,6685600,False,False,False
364057.5,6685610.5,16.979999542236328,12.949999809265137,4.029999732971191,0.3358333110809326,364000,6685600,False,False,False
364086.5,6685610.5,17.700000762939453,13.829999923706055,3.8700008392333984,0.3225000699361165,364000,6685600,False,False,False
364144.5,6685610.5,16.309999465942383,14.90999984741211,1.3999996185302734,0.11666663487752278,364100,6685600,False,False,False
364440.5,6685610.5,18.31999969482422,14.890000343322754,3.429999351501465,0.28583327929178876,364400,6685600,False,False,False
364617.5,6685610.5,18.139999389648438,10.390000343322754,7.749999046325684,0.6458332538604736,364600,6685600,False,False,False
364659.5,6685610.5,24.940000534057617,19.940000534057617,5.0,0.4166666666666667,364600,6685600,False,False,False
364772.5,6685610.5,27.719999313354492,21.989999771118164,5.729999542236328,0.47749996185302734,364700,6685600,False,False,False
364828.5,6685610.5,20.989999771118164,18.25,2.739999771118164,0.22833331425984701,364800,6685600,False,False,False
364879.5,6685610.5,21.1200008392334,13.630000114440918,7.4900007247924805,0.62416672706604,364800,6685600,False,False,False
364945.5,6685610.5,19.530000686645508,12.420000076293945,7.1100006103515625,0.5925000508626302,364900,6685600,False,False,False
364951.5,6685610.5,19.75,12.479999542236328,7.270000457763672,0.605833371480306,364900,6685600,False,False,False
364999.5,6685610.5,24.329999923706055,16.649999618530273,7.680000305175781,0.6400000254313151,364900,6685600,False,False,False
364078.5,6685609.5,17.110000610351562,10.760000228881836,6.350000381469727,0.5291666984558105,364000,6685600,False,False,False
364115.5,6685609.5,17.280000686645508,16.34000015258789,0.9400005340576172,0.07833337783813477,364100,6685600,False,False,False
364205.5,6685609.5,22.420000076293945,19.950000762939453,2.469999313354492,0.20583327611287436,364200,6685600,False,False,False
364472.5,6685609.5,22.43000030517578,20.8799991607666,1.5500011444091797,0.1291667620340983,364400,6685600,False,False,False
364477.5,6685609.5,20.520000457763672,17.06999969482422,3.450000762939453,0.2875000635782878,364400,6685600,False,False,False
364537.5,6685609.5,18.809999465942383,16.34000015258789,2.469999313354492,0.20583327611287436,364500,6685600,False,False,False
364925.5,6685609.5,20.68000030517578,14.319999694824219,6.3600006103515625,0.5300000508626302,364900,6685600,False,False,False
364986.5,6685609.5,26.030000686645508,18.959999084472656,7.070001602172852,0.5891668001810709,364900,6685600,False,False,False
364091.5,6685608.5,14.829999923706055,10.0600004196167,4.7699995040893555,0.397499958674113,364000,6685600,False,False,False
364160.5,6685608.5,17.290000915527344,14.819999694824219,2.470001220703125,0.20583343505859375,364100,6685600,False,False,False
364172.5,6685608.5,13.779999732971191,13.640000343322754,0.1399993896484375,0.011666615804036459,364100,6685600,False,False,False
364642.5,6685608.5,19.420000076293945,15.170000076293945,4.25,0.3541666666666667,364600,6685600,False,False,False
364685.5,6685608.5,22.649999618530273,21.06999969482422,1.5799999237060547,0.1316666603088379,364600,6685600,False,False,False
364735.5,6685608.5,25.030000686645508,18.760000228881836,6.270000457763672,0.5225000381469727,364700,6685600,False,False,False
364799.5,6685608.5,26.969999313354492,19.600000381469727,7.369998931884766,0.6141665776570638,364700,6685600,False,False,False
364010.5,6685607.5,19.5,18.889999389648438,0.6100006103515625,0.05083338419596354,364000,6685600,False,False,False
364065.5,6685607.5,18.709999084472656,12.850000381469727,5.85999870300293,0.48833322525024414,364000,6685600,False,False,False
364589.5,6685607.5,20.469999313354492,15.670000076293945,4.799999237060547,0.3999999364217122,364500,6685600,False,False,False
364817.5,6685607.5,19.3799991607666,11.880000114440918,7.499999046325684,0.6249999205271403,364800,6685600,False,False,False
364022.5,6685606.5,21.559999465942383,19.950000762939453,1.6099987030029297,0.13416655858357748,364000,6685600,False,False,False
364106.5,6685606.5,16.540000915527344,12.100000381469727,4.440000534057617,0.37000004450480145,364100,6685600,False,False,False
364128.5,6685606.5,12.670000076293945,8.779999732971191,3.890000343322754,0.3241666952768962,364100,6685600,False,False,False
364603.5,6685606.5,17.829999923706055,12.100000381469727,5.729999542236328,0.47749996185302734,364600,6685600,False,False,False
364891.5,6685606.5,22.139999389648438,14.479999542236328,7.659999847412109,0.6383333206176758,364800,6685600,False,False,False
364937.5,6685606.5,18.579999923706055,11.369999885559082,7.210000038146973,0.6008333365122477,364900,6685600,False,False,False
364977.5,6685606.5,20.479999542236328,12.1899995803833,8.289999961853027,0.690833330154419,364900,6685600,False,False,False
364015.5,6685605.5,20.729999542236328,17.84000015258789,2.8899993896484375,0.24083328247070312,364000,6685600,False,False,False
364053.5,6685605.5,19.030000686645508,13.220000267028809,5.810000419616699,0.4841667016347249,364000,6685600,False,False,False
364452.5,6685605.5,23.239999771118164,21.399999618530273,1.8400001525878906,0.15333334604899088,364400,6685600,False,False,False
364492.5,6685605.5,21.649999618530273,21.06999969482422,0.5799999237060547,0.048333326975504555,364400,6685600,False,False,False
364496.5,6685605.5,21.5,19.989999771118164,1.510000228881836,0.12583335240681967,364400,6685600,False,False,False
364515.5,6685605.5,19.59000015258789,17.799999237060547,1.7900009155273438,0.14916674296061197,364500,6685600,False,False,False
364520.5,6685605.5,19.950000762939453,18.559999465942383,1.3900012969970703,0.11583344141642253,364500,6685600,False,False,False
364594.5,6685605.5,20.579999923706055,13.949999809265137,6.630000114440918,0.5525000095367432,364500,6685600,False,False,False
364611.5,6685605.5,17.709999084472656,11.050000190734863,6.659998893737793,0.5549999078114828,364600,6685600,False,False,False
364618.5,6685605.5,17.450000762939453,11.979999542236328,5.470001220703125,0.45583343505859375,364600,6685600,False,False,False
364122.5,6685604.5,12.430000305175781,6.670000076293945,5.760000228881836,0.48000001907348633,364100,6685600,False,False,False
364142.5,6685604.5,18.549999237060547,16.020000457763672,2.529998779296875,0.2108332316080729,364100,6685600,False,False,False
364202.5,6685604.5,21.8700008392334,19.850000381469727,2.020000457763672,0.168333371480306,364200,6685600,False,False,False
364505.5,6685604.5,20.549999237060547,18.59000015258789,1.9599990844726562,0.16333325703938803,364500,6685600,False,False,False
364668.5,6685604.5,23.899999618530273,17.1299991607666,6.770000457763672,0.5641667048136393,364600,6685600,False,False,False
364720.5,6685604.5,26.079999923706055,15.449999809265137,10.630000114440918,0.8858333428700765,364700,6685600,False,False,False
364874.5,6685604.5,19.809999465942383,10.989999771118164,8.819999694824219,0.7349999745686849,364800,6685600,False,False,False
364923.5,6685604.5,21.299999237060547,13.970000267028809,7.329998970031738,0.6108332475026449,364900,6685600,False,False,False
364954.5,6685604.5,18.280000686645508,12.359999656677246,5.920001029968262,0.4933334191640218,364900,6685600,False,False,False
364039.5,6685603.5,20.239999771118164,19.600000381469727,0.6399993896484375,0.053333282470703125,364000,6685600,False,False,False
364154.5,6685603.5,18.6200008392334,17.15999984741211,1.460000991821289,0.12166674931844075,364100,6685600,False,False,False
364544.5,6685603.5,14.989999771118164,9.989999771118164,5.0,0.4166666666666667,364500,6685600,False,False,False
364901.5,6685603.5,23.059999465942383,15.279999732971191,7.779999732971191,0.6483333110809326,364900,6685600,False,False,False
364916.5,6685603.5,21.280000686645508,13.829999923706055,7.450000762939453,0.6208333969116211,364900,6685600,False,False,False
364179.5,6685602.5,16.010000228881836,14.25,1.760000228881836,0.14666668574015299,364100,6685600,False,False,False
364569.5,6685602.5,18.479999542236328,13.319999694824219,5.159999847412109,0.42999998728434247,364500,6685600,False,False,False
364629.5,6685602.5,19.010000228881836,11.880000114440918,7.130000114440918,0.5941666762034098,364600,6685600,False,False,False
364656.5,6685602.5,20.040000915527344,15.960000038146973,4.080000877380371,0.34000007311503094,364600,6685600,False,False,False
364686.5,6685602.5,22.600000381469727,16.239999771118164,6.3600006103515625,0.5300000508626302,364600,6685600,False,False,False
364726.5,6685602.5,25.350000381469727,19.530000686645508,5.819999694824219,0.4849999745686849,364700,6685600,False,False,False
364746.5,6685602.5,26.440000534057617,25.489999771118164,0.9500007629394531,0.07916673024495442,364700,6685600,False,False,False
364774.5,6685602.5,26.229999542236328,21.1200008392334,5.10999870300293,0.42583322525024414,364700,6685600,False,False,False
364855.5,6685602.5,25.829999923706055,17.520000457763672,8.309999465942383,0.6924999554951986,364800,6685600,False,False,False
364027.5,6685601.5,22.299999237060547,20.190000534057617,2.1099987030029297,0.17583322525024414,364000,6685600,False,False,False
364460.5,6685601.5,22.489999771118164,22.3799991607666,0.1100006103515625,0.009166717529296875,364400,6685600,False,False,False
364556.5,6685601.5,16.440000534057617,12.670000076293945,3.770000457763672,0.31416670481363934,364500,6685600,False,False,False
364842.5,6685601.5,24.81999969482422,22.59000015258789,2.229999542236328,0.1858332951863607,364800,6685600,False,False,False
364017.5,6685600.5,21.639999389648438,18.68000030517578,2.9599990844726562,0.24666659037272134,364000,6685600,False,False,False
364088.5,6685600.5,14.25,6.380000114440918,7.869999885559082,0.6558333237965902,364000,6685600,False,False,False
364097.5,6685600.5,16.8700008392334,11.859999656677246,5.010001182556152,0.417500098546346,364000,6685600,False,False,False
364117.5,6685600.5,15.260000228881836,10.84000015258789,4.420000076293945,0.3683333396911621,364100,6685600,False,False,False
364221.5,6685600.5,21.09000015258789,20.3799991607666,0.7100009918212891,0.05916674931844076,364200,6685600,False,False,False
364678.5,6685600.5,26.139999389648438,22.389999389648438,3.75,0.3125,364600,6685600,False,False,False
364764.5,6685600.5,29.479999542236328,20.809999465942383,8.670000076293945,0.7225000063578287,364700,6685600,False,False,False
364790.5,6685600.5,26.260000228881836,19.700000762939453,6.559999465942383,0.5466666221618652,364700,6685600,False,False,False
364944.5,6685600.5,20.709999084472656,13.239999771118164,7.469999313354492,0.622499942779541,364900,6685600,False,False,False
364999.5,6685600.5,20.760000228881836,17.520000457763672,3.239999771118164,0.26999998092651367,364900,6685600,False,False,False
364074.5,6685599.5,19.56999969482422,15.520000457763672,4.049999237060547,0.3374999364217122,364000,6685500,False,False,False
364129.5,6685599.5,15.430000305175781,13.489999771118164,1.9400005340576172,0.1616667111714681,364100,6685500,False,False,False
364529.5,6685599.5,19.31999969482422,19.0,0.31999969482421875,0.026666641235351562,364500,6685500,False,False,False
364583.5,6685599.5,21.93000030517578,15.600000381469727,6.329999923706055,0.5274999936421713,364500,6685500,False,False,False
364707.5,6685599.5,26.329999923706055,21.149999618530273,5.180000305175781,0.43166669209798175,364700,6685500,False,False,False
364820.5,6685599.5,22.90999984741211,13.65999984741211,9.25,0.7708333333333334,364800,6685500,False,False,False
364871.5,6685599.5,19.690000534057617,13.600000381469727,6.090000152587891,0.5075000127156576,364800,6685500,False,False,False
364990.5,6685599.5,24.729999542236328,17.579999923706055,7.149999618530273,0.5958333015441895,364900,6685500,False,False,False
364162.5,6685598.5,19.450000762939453,17.56999969482422,1.8800010681152344,0.15666675567626953,364100,6685500,False,False,False
364510.5,6685598.5,16.649999618530273,12.3100004196167,4.339999198913574,0.36166659990946454,364500,6685500,False,False,False
364925.5,6685598.5,21.809999465942383,15.25,6.559999465942383,0.5466666221618652,364900,6685500,False,False,False
364963.5,6685598.5,21.049999237060547,13.720000267028809,7.329998970031738,0.6108332475026449,364900,6685500,False,False,False
364062.5,6685597.5,18.510000228881836,13.300000190734863,5.210000038146973,0.43416666984558105,364000,6685500,False,False,False
364108.5,6685597.5,15.680000305175781,8.789999961853027,6.890000343322754,0.5741666952768961,364100,6685500,False,False,False
364152.5,6685597.5,17.760000228881836,14.260000228881836,3.5,0.2916666666666667,364100,6685500,False,False,False
364468.5,6685597.5,22.719999313354492,20.059999465942383,2.6599998474121094,0.22166665395100912,364400,6685500,False,False,False
364590.5,6685597.5,20.709999084472656,11.630000114440918,9.079998970031738,0.7566665808359782,364500,6685500,False,False,False
364036.5,6685596.5,19.959999084472656,19.09000015258789,0.8699989318847656,0.07249991099039714,364000,6685500,False,False,False
364144.5,6685596.5,18.670000076293945,16.68000030517578,1.989999771118164,0.16583331425984701,364100,6685500,False,False,False
364188.5,6685596.5,22.229999542236328,20.6200008392334,1.6099987030029297,0.13416655858357748,364100,6685500,False,False,False
364554.5,6685596.5,16.239999771118164,12.989999771118164,3.25,0.2708333333333333,364500,6685500,False,False,False
364616.5,6685596.5,17.6299991607666,10.3100004196167,7.319998741149902,0.6099998950958252,364600,6685500,False,False,False
364970.5,6685596.5,21.579999923706055,14.470000267028809,7.109999656677246,0.5924999713897705,364900,6685500,False,False,False
364046.5,6685595.5,21.049999237060547,20.440000534057617,0.6099987030029297,0.05083322525024414,364000,6685500,False,False,False
364622.5,6685595.5,19.600000381469727,14.15999984741211,5.440000534057617,0.45333337783813477,364600,6685500,False,False,False
364638.5,6685595.5,19.229999542236328,12.470000267028809,6.7599992752075195,0.56333327293396,364600,6685500,False,False,False
364887.5,6685595.5,20.780000686645508,13.829999923706055,6.950000762939453,0.5791667302449545,364800,6685500,False,False,False
364911.5,6685595.5,23.209999084472656,15.380000114440918,7.829998970031738,0.6524999141693115,364900,6685500,False,False,False
364115.5,6685594.5,13.6899995803833,8.619999885559082,5.069999694824219,0.4224999745686849,364100,6685500,False,False,False
364478.5,6685594.5,12.199999809265137,7.510000228881836,4.689999580383301,0.3908332983652751,364400,6685500,False,False,False
364518.5,6685594.5,17.780000686645508,16.540000915527344,1.239999771118164,0.103333314259847,364500,6685500,False,False,False
364545.5,6685594.5,14.930000305175781,10.880000114440918,4.050000190734863,0.33750001589457196,364500,6685500,False,False,False
364583.5,6685594.5,20.8799991607666,14.960000038146973,5.919999122619629,0.4933332602183024,364500,6685500,False,False,False
364779.5,6685594.5,26.239999771118164,21.219999313354492,5.020000457763672,0.41833337148030597,364700,6685500,False,False,False
364808.5,6685594.5,20.34000015258789,15.100000381469727,5.239999771118164,0.43666664759318036,364800,6685500,False,False,False
364815.5,6685594.5,23.1299991607666,16.690000534057617,6.439998626708984,0.5366665522257487,364800,6685500,False,False,False
364876.5,6685594.5,19.510000228881836,11.899999618530273,7.6100006103515625,0.6341667175292969,364800,6685500,False,False,False
364021.5,6685593.5,21.110000610351562,20.270000457763672,0.8400001525878906,0.07000001271565755,364000,6685500,False,False,False
364178.5,6685593.5,20.3700008392334,18.049999237060547,2.3200016021728516,0.19333346684773764,364100,6685500,False,False,False
364514.5,6685593.5,17.760000228881836,16.81999969482422,0.9400005340576172,0.07833337783813477,364500,6685500,False,False,False
364527.5,6685593.5,19.329999923706055,18.139999389648438,1.1900005340576172,0.0991667111714681,364500,6685500,False,False,False
364534.5,6685593.5,19.34000015258789,16.530000686645508,2.809999465942383,0.23416662216186523,364500,6685500,False,False,False
364549.5,6685593.5,15.75,11.6899995803833,4.060000419616699,0.3383333683013916,364500,6685500,False,False,False
364576.5,6685593.5,19.6200008392334,16.649999618530273,2.970001220703125,0.2475001017252604,364500,6685500,False,False,False
364667.5,6685593.5,25.34000015258789,22.1200008392334,3.219999313354492,0.26833327611287433,364600,6685500,False,False,False
364786.5,6685593.5,26.440000534057617,20.239999771118164,6.200000762939453,0.5166667302449545,364700,6685500,False,False,False
364860.5,6685593.5,27.059999465942383,24.309999465942383,2.75,0.22916666666666666,364800,6685500,False,False,False
364917.5,6685593.5,23.030000686645508,16.229999542236328,6.80000114440918,0.5666667620340983,364900,6685500,False,False,False
364928.5,6685593.5,20.8799991607666,15.779999732971191,5.09999942779541,0.4249999523162842,364900,6685500,False,False,False
364938.5,6685593.5,19.959999084472656,13.369999885559082,6.589999198913574,0.5491665999094645,364900,6685500,False,False,False
364094.5,6685592.5,16.139999389648438,13.140000343322754,2.9999990463256836,0.2499999205271403,364000,6685500,False,False,False
364933.5,6685592.5,20.209999084472656,13.539999961853027,6.669999122619629,0.5558332602183024,364900,6685500,False,False,False
364102.5,6685591.5,16.260000228881836,12.1899995803833,4.070000648498535,0.33916672070821124,364100,6685500,False,False,False
364124.5,6685591.5,13.989999771118164,8.130000114440918,5.859999656677246,0.4883333047231038,364100,6685500,False,False,False
364136.5,6685591.5,13.239999771118164,11.3100004196167,1.9299993515014648,0.16083327929178873,364100,6685500,False,False,False
364623.5,6685591.5,19.579999923706055,15.550000190734863,4.029999732971191,0.3358333110809326,364600,6685500,False,False,False
364829.5,6685591.5,25.270000457763672,22.239999771118164,3.030000686645508,0.252500057220459,364800,6685500,False,False,False
364891.5,6685591.5,21.299999237060547,14.350000381469727,6.94999885559082,0.579166571299235,364800,6685500,False,False,False
364944.5,6685591.5,21.8700008392334,15.520000457763672,6.350000381469727,0.5291666984558105,364900,6685500,False,False,False
364994.5,6685591.5,26.020000457763672,23.1299991607666,2.8900012969970703,0.24083344141642252,364900,6685500,False,False,False
364053.5,6685590.5,21.389999389648438,19.989999771118164,1.3999996185302734,0.11666663487752278,364000,6685500,False,False,False
364469.5,6685590.5,22.459999084472656,20.170000076293945,2.289999008178711,0.19083325068155924,364400,6685500,False,False,False
364559.5,6685590.5,16.670000076293945,13.319999694824219,3.3500003814697266,0.27916669845581055,364500,6685500,False,False,False
364618.5,6685590.5,20.739999771118164,16.31999969482422,4.420000076293945,0.3683333396911621,364600,6685500,False,False,False
364714.5,6685590.5,27.229999542236328,19.829999923706055,7.399999618530273,0.6166666348775228,364700,6685500,False,False,False
364738.5,6685590.5,26.690000534057617,19.6299991607666,7.060001373291016,0.5883334477742513,364700,6685500,False,False,False
364771.5,6685590.5,27.6200008392334,21.540000915527344,6.079999923706055,0.5066666603088379,364700,6685500,False,False,False
364213.5,6685589.5,25.760000228881836,24.440000534057617,1.3199996948242188,0.10999997456868489,364200,6685500,False,False,False
364483.5,6685589.5,13.680000305175781,11.020000457763672,2.6599998474121094,0.22166665395100912,364400,6685500,False,False,False
364499.5,6685589.5,16.030000686645508,15.109999656677246,0.9200010299682617,0.07666675249735515,364400,6685500,False,False,False
364544.5,6685589.5,16.979999542236328,14.229999542236328,2.75,0.22916666666666666,364500,6685500,False,False,False
364596.5,6685589.5,23.790000915527344,21.43000030517578,2.3600006103515625,0.19666671752929688,364500,6685500,False,False,False
364686.5,6685589.5,22.90999984741211,18.059999465942383,4.850000381469727,0.40416669845581055,364600,6685500,False,False,False
364896.5,6685589.5,22.110000610351562,14.6899995803833,7.420001029968262,0.6183334191640218,364800,6685500,False,False,False
364224.5,6685588.5,22.40999984741211,21.579999923706055,0.8299999237060547,0.06916666030883789,364200,6685500,False,False,False
364530.5,6685588.5,18.709999084472656,17.020000457763672,1.6899986267089844,0.14083321889241537,364500,6685500,False,False,False
364885.5,6685588.5,20.280000686645508,13.15999984741211,7.120000839233398,0.5933334032694498,364800,6685500,False,False,False
364925.5,6685588.5,20.68000030517578,14.039999961853027,6.640000343322754,0.5533333619435629,364900,6685500,False,False,False
364022.5,6685587.5,25.059999465942383,23.059999465942383,2.0,0.16666666666666666,364000,6685500,False,False,False
364030.5,6685587.5,23.049999237060547,21.729999542236328,1.3199996948242188,0.10999997456868489,364000,6685500,False,False,False
364096.5,6685587.5,14.600000381469727,12.1899995803833,2.410000801086426,0.2008334000905355,364000,6685500,False,False,False
364193.5,6685587.5,23.760000228881836,22.440000534057617,1.3199996948242188,0.10999997456868489,364100,6685500,False,False,False
364507.5,6685587.5,19.479999542236328,18.270000457763672,1.2099990844726562,0.10083325703938802,364500,6685500,False,False,False
364839.5,6685587.5,27.860000610351562,12.279999732971191,15.580000877380371,1.2983334064483643,364800,6685500,False,False,False
364113.5,6685586.5,15.680000305175781,10.359999656677246,5.320000648498535,0.44333338737487793,364100,6685500,False,False,False
364230.5,6685586.5,19.31999969482422,9.300000190734863,10.019999504089355,0.8349999586741129,364200,6685500,False,False,False
364463.5,6685586.5,22.65999984741211,20.1299991607666,2.530000686645508,0.21083339055379233,364400,6685500,False,False,False
364553.5,6685586.5,16.8700008392334,11.6899995803833,5.180001258850098,0.4316667715708415,364500,6685500,False,False,False
364563.5,6685586.5,17.25,10.899999618530273,6.350000381469727,0.5291666984558105,364500,6685500,False,False,False
364630.5,6685586.5,20.389999389648438,14.149999618530273,6.239999771118164,0.5199999809265137,364600,6685500,False,False,False
364789.5,6685586.5,26.889999389648438,18.40999984741211,8.479999542236328,0.706666628519694,364700,6685500,False,False,False
364801.5,6685586.5,24.3700008392334,19.25,5.120000839233398,0.4266667366027832,364800,6685500,False,False,False
364850.5,6685586.5,26.260000228881836,20.799999237060547,5.460000991821289,0.4550000826517741,364800,6685500,False,False,False
364875.5,6685586.5,21.549999237060547,13.329999923706055,8.219999313354492,0.684999942779541,364800,6685500,False,False,False
364933.5,6685586.5,22.799999237060547,15.039999961853027,7.7599992752075195,0.6466666062672933,364900,6685500,False,False,False
364966.5,6685586.5,21.079999923706055,13.510000228881836,7.569999694824219,0.6308333079020182,364900,6685500,False,False,False
364172.5,6685585.5,21.34000015258789,19.43000030517578,1.9099998474121094,0.15916665395100912,364100,6685500,False,False,False
364586.5,6685585.5,22.43000030517578,16.780000686645508,5.649999618530273,0.47083330154418945,364500,6685500,False,False,False
364612.5,6685585.5,20.59000015258789,15.289999961853027,5.300000190734863,0.4416666825612386,364600,6685500,False,False,False
364752.5,6685585.5,26.780000686645508,17.270000457763672,9.510000228881836,0.7925000190734863,364700,6685500,False,False,False
364941.5,6685585.5,20.790000915527344,13.510000228881836,7.280000686645508,0.6066667238871256,364900,6685500,False,False,False
364950.5,6685585.5,21.989999771118164,15.800000190734863,6.189999580383301,0.515833298365275,364900,6685500,False,False,False
364984.5,6685585.5,21.540000915527344,14.0,7.540000915527344,0.6283334096272787,364900,6685500,False,False,False
364086.5,6685584.5,18.3700008392334,14.239999771118164,4.130001068115234,0.34416675567626953,364000,6685500,False,False,False
364645.5,6685584.5,20.68000030517578,13.979999542236328,6.700000762939453,0.5583333969116211,364600,6685500,False,False,False
364829.5,6685584.5,24.389999389648438,15.8100004196167,8.579998970031738,0.7149999141693115,364800,6685500,False,False,False
364864.5,6685584.5,24.25,17.979999542236328,6.270000457763672,0.5225000381469727,364800,6685500,False,False,False
364979.5,6685584.5,21.920000076293945,15.270000457763672,6.649999618530273,0.5541666348775228,364900,6685500,False,False,False
364064.5,6685583.5,14.34000015258789,11.0600004196167,3.2799997329711914,0.2733333110809326,364000,6685500,False,False,False
364119.5,6685583.5,13.890000343322754,10.760000228881836,3.130000114440918,0.2608333428700765,364100,6685500,False,False,False
364813.5,6685583.5,24.020000457763672,15.84000015258789,8.180000305175781,0.6816666920979818,364800,6685500,False,False,False
364098.5,6685582.5,16.200000762939453,11.800000190734863,4.40000057220459,0.3666667143503825,364000,6685500,False,False,False
364186.5,6685582.5,22.079999923706055,20.649999618530273,1.4300003051757812,0.11916669209798177,364100,6685500,False,False,False
364470.5,6685582.5,22.639999389648438,19.93000030517578,2.7099990844726562,0.22583325703938803,364400,6685500,False,False,False
364495.5,6685582.5,17.200000762939453,16.010000228881836,1.1900005340576172,0.0991667111714681,364400,6685500,False,False,False
364521.5,6685582.5,16.43000030517578,15.039999961853027,1.390000343322754,0.11583336194356282,364500,6685500,False,False,False
364721.5,6685582.5,28.239999771118164,21.43000030517578,6.809999465942383,0.5674999554951986,364700,6685500,False,False,False
364075.5,6685581.5,17.520000457763672,11.720000267028809,5.800000190734863,0.4833333492279053,364000,6685500,False,False,False
364151.5,6685581.5,19.799999237060547,17.450000762939453,2.3499984741210938,0.1958332061767578,364100,6685500,False,False,False
364174.5,6685581.5,21.3700008392334,18.3700008392334,3.0,0.25,364100,6685500,False,False,False
364573.5,6685581.5,20.31999969482422,16.329999923706055,3.989999771118164,0.33249998092651367,364500,6685500,False,False,False
364638.5,6685581.5,19.549999237060547,11.989999771118164,7.559999465942383,0.6299999554951986,364600,6685500,False,False,False
364779.5,6685581.5,28.860000610351562,22.219999313354492,6.64000129699707,0.5533334414164225,364700,6685500,False,False,False
364883.5,6685581.5,22.219999313354492,14.390000343322754,7.829998970031738,0.6524999141693115,364800,6685500,False,False,False
364208.5,6685580.5,19.5,14.59000015258789,4.909999847412109,0.4091666539510091,364200,6685500,False,False,False
364488.5,6685580.5,18.799999237060547,16.530000686645508,2.269998550415039,0.18916654586791992,364400,6685500,False,False,False
364588.5,6685580.5,20.670000076293945,16.639999389648438,4.030000686645508,0.3358333905537923,364500,6685500,False,False,False
364927.5,6685580.5,21.860000610351562,15.0600004196167,6.800000190734863,0.5666666825612386,364900,6685500,False,False,False
364942.5,6685580.5,20.920000076293945,15.6899995803833,5.2300004959106445,0.4358333746592204,364900,6685500,False,False,False
364995.5,6685580.5,20.729999542236328,13.729999542236328,7.0,0.5833333333333334,364900,6685500,False,False,False
364038.5,6685579.5,16.3799991607666,13.100000381469727,3.279998779296875,0.27333323160807294,364000,6685500,False,False,False
364090.5,6685579.5,17.6200008392334,8.140000343322754,9.480000495910645,0.7900000413258871,364000,6685500,False,False,False
364157.5,6685579.5,18.139999389648438,16.059999465942383,2.0799999237060547,0.17333332697550455,364100,6685500,False,False,False
364249.5,6685579.5,14.420000076293945,9.319999694824219,5.100000381469727,0.42500003178914386,364200,6685500,False,False,False
364504.5,6685579.5,19.43000030517578,17.5,1.9300003051757812,0.16083335876464844,364500,6685500,False,False,False
364703.5,6685579.5,22.889999389648438,10.489999771118164,12.399999618530273,1.0333333015441895,364700,6685500,False,False,False
364740.5,6685579.5,23.229999542236328,13.649999618530273,9.579999923706055,0.7983333269755045,364700,6685500,False,False,False
364056.5,6685578.5,15.220000267028809,11.75,3.4700002670288086,0.2891666889190674,364000,6685500,False,False,False
364084.5,6685578.5,17.459999084472656,11.729999542236328,5.729999542236328,0.47749996185302734,364000,6685500,False,False,False
364132.5,6685578.5,17.8700008392334,16.780000686645508,1.0900001525878906,0.09083334604899089,364100,6685500,False,False,False
364164.5,6685578.5,20.639999389648438,17.670000076293945,2.969999313354492,0.24749994277954102,364100,6685500,False,False,False
364245.5,6685578.5,14.619999885559082,12.239999771118164,2.380000114440918,0.1983333428700765,364200,6685500,False,False,False
364595.5,6685578.5,24.59000015258789,19.6200008392334,4.969999313354492,0.4141666094462077,364500,6685500,False,False,False
364868.5,6685578.5,23.170000076293945,12.369999885559082,10.800000190734863,0.9000000158945719,364800,6685500,False,False,False
364908.5,6685578.5,22.579999923706055,15.520000457763672,7.059999465942383,0.5883332888285319,364900,6685500,False,False,False
364031.5,6685577.5,21.290000915527344,19.979999542236328,1.3100013732910156,0.10916678110758464,364000,6685500,False,False,False
364121.5,6685577.5,17.5,13.920000076293945,3.5799999237060547,0.2983333269755046,364100,6685500,False,False,False
364182.5,6685577.5,19.5,18.610000610351562,0.8899993896484375,0.07416661580403645,364100,6685500,False,False,False
364232.5,6685577.5,16.440000534057617,13.170000076293945,3.270000457763672,0.27250003814697266,364200,6685500,False,False,False
364529.5,6685577.5,17.329999923706055,16.6200008392334,0.7099990844726562,0.05916659037272135,364500,6685500,False,False,False
364533.5,6685577.5,17.110000610351562,15.3100004196167,1.8000001907348633,0.15000001589457193,364500,6685500,False,False,False
364614.5,6685577.5,20.969999313354492,16.920000076293945,4.049999237060547,0.3374999364217122,364600,6685500,False,False,False
364628.5,6685577.5,19.899999618530273,14.0,5.899999618530273,0.49166663487752277,364600,6685500,False,False,False
364760.5,6685577.5,25.139999389648438,17.56999969482422,7.569999694824219,0.6308333079020182,364700,6685500,False,False,False
364800.5,6685577.5,24.770000457763672,20.520000457763672,4.25,0.3541666666666667,364800,6685500,False,False,False
364065.5,6685576.5,14.649999618530273,11.079999923706055,3.5699996948242188,0.2974999745686849,364000,6685500,False,False,False
364642.5,6685576.5,19.90999984741211,13.84000015258789,6.069999694824219,0.5058333079020182,364600,6685500,False,False,False
364818.5,6685576.5,20.40999984741211,14.539999961853027,5.869999885559082,0.4891666571299235,364800,6685500,False,False,False
364954.5,6685576.5,21.350000381469727,14.039999961853027,7.310000419616699,0.609166701634725,364900,6685500,False,False,False
364106.5,6685575.5,16.219999313354492,12.220000267028809,3.9999990463256836,0.33333325386047363,364100,6685500,False,False,False
364138.5,6685575.5,16.450000762939453,15.649999618530273,0.8000011444091797,0.06666676203409831,364100,6685500,False,False,False
364197.5,6685575.5,24.700000762939453,23.530000686645508,1.1700000762939453,0.09750000635782878,364100,6685500,False,False,False
364212.5,6685575.5,19.68000030517578,15.1899995803833,4.4900007247924805,0.37416672706604004,364200,6685500,False,False,False
364554.5,6685575.5,15.989999771118164,10.220000267028809,5.7699995040893555,0.4808332920074463,364500,6685500,False,False,False
364637.5,6685575.5,18.690000534057617,12.5600004196167,6.130000114440918,0.5108333428700765,364600,6685500,False,False,False
364661.5,6685575.5,18.3700008392334,14.3100004196167,4.060000419616699,0.3383333683013916,364600,6685500,False,False,False
364961.5,6685575.5,21.670000076293945,13.479999542236328,8.190000534057617,0.6825000445048014,364900,6685500,False,False,False
364971.5,6685575.5,19.600000381469727,13.470000267028809,6.130000114440918,0.5108333428700765,364900,6685500,False,False,False
364094.5,6685574.5,14.600000381469727,8.510000228881836,6.090000152587891,0.5075000127156576,364000,6685500,False,False,False
364519.5,6685574.5,18.06999969482422,16.75,1.3199996948242188,0.10999997456868489,364500,6685500,False,False,False
364647.5,6685574.5,20.489999771118164,13.479999542236328,7.010000228881836,0.584166685740153,364600,6685500,False,False,False
364696.5,6685574.5,23.43000030517578,14.460000038146973,8.970000267028809,0.7475000222524008,364600,6685500,False,False,False
364235.5,6685573.5,16.610000610351562,15.890000343322754,0.7200002670288086,0.06000002225240072,364200,6685500,False,False,False
364711.5,6685573.5,25.760000228881836,19.219999313354492,6.540000915527344,0.5450000762939453,364700,6685500,False,False,False
364735.5,6685573.5,26.3799991607666,25.34000015258789,1.039999008178711,0.08666658401489258,364700,6685500,False,False,False
364938.5,6685573.5,21.860000610351562,15.020000457763672,6.840000152587891,0.5700000127156576,364900,6685500,False,False,False
364976.5,6685573.5,19.75,13.0600004196167,6.689999580383301,0.5574999650319418,364900,6685500,False,False,False
364983.5,6685573.5,20.6200008392334,12.960000038146973,7.660000801086426,0.6383334000905355,364900,6685500,False,False,False
364050.5,6685572.5,15.479999542236328,11.949999809265137,3.5299997329711914,0.29416664441426593,364000,6685500,False,False,False
364250.5,6685572.5,18.8700008392334,17.420000076293945,1.4500007629394531,0.1208333969116211,364200,6685500,False,False,False
364542.5,6685572.5,17.440000534057617,11.069999694824219,6.370000839233398,0.5308334032694498,364500,6685500,False,False,False
364566.5,6685572.5,20.639999389648438,15.649999618530273,4.989999771118164,0.415833314259847,364500,6685500,False,False,False
364669.5,6685572.5,19.989999771118164,15.479999542236328,4.510000228881836,0.37583335240681964,364600,6685500,False,False,False
364869.5,6685572.5,24.290000915527344,14.670000076293945,9.620000839233398,0.8016667366027832,364800,6685500,False,False,False
364083.5,6685571.5,15.960000038146973,12.680000305175781,3.2799997329711914,0.2733333110809326,364000,6685500,False,False,False
364589.5,6685571.5,23.8799991607666,18.6200008392334,5.259998321533203,0.4383331934611003,364500,6685500,False,False,False
364767.5,6685571.5,24.0,20.09000015258789,3.9099998474121094,0.3258333206176758,364700,6685500,False,False,False
364830.5,6685571.5,20.68000030517578,10.850000381469727,9.829999923706055,0.8191666603088379,364800,6685500,False,False,False
364893.5,6685571.5,25.770000457763672,19.799999237060547,5.970001220703125,0.49750010172526044,364800,6685500,False,False,False
364183.5,6685570.5,22.110000610351562,20.420000076293945,1.6900005340576172,0.14083337783813477,364100,6685500,False,False,False
364211.5,6685570.5,18.360000610351562,15.119999885559082,3.2400007247924805,0.27000006039937335,364200,6685500,False,False,False
364481.5,6685570.5,19.030000686645508,16.260000228881836,2.770000457763672,0.230833371480306,364400,6685500,False,False,False
364786.5,6685570.5,25.1299991607666,19.1299991607666,6.0,0.5,364700,6685500,False,False,False
364949.5,6685570.5,21.90999984741211,14.130000114440918,7.779999732971191,0.6483333110809326,364900,6685500,False,False,False
364058.5,6685569.5,13.630000114440918,8.329999923706055,5.300000190734863,0.4416666825612386,364000,6685500,False,False,False
364115.5,6685569.5,15.859999656677246,11.739999771118164,4.119999885559082,0.34333332379659015,364100,6685500,False,False,False
364820.5,6685569.5,21.489999771118164,8.029999732971191,13.460000038146973,1.121666669845581,364800,6685500,False,False,False
364148.5,6685568.5,12.220000267028809,10.920000076293945,1.3000001907348633,0.10833334922790527,364100,6685500,False,False,False
364168.5,6685568.5,18.6200008392334,16.920000076293945,1.7000007629394531,0.14166673024495444,364100,6685500,False,False,False
364176.5,6685568.5,18.75,13.960000038146973,4.789999961853027,0.39916666348775226,364100,6685500,False,False,False
364237.5,6685568.5,17.850000381469727,13.770000457763672,4.079999923706055,0.3399999936421712,364200,6685500,False,False,False
364258.5,6685568.5,19.959999084472656,16.520000457763672,3.4399986267089844,0.2866665522257487,364200,6685500,False,False,False
364521.5,6685568.5,17.790000915527344,16.3700008392334,1.4200000762939453,0.11833333969116211,364500,6685500,False,False,False
364535.5,6685568.5,15.90999984741211,12.0600004196167,3.84999942779541,0.3208332856496175,364500,6685500,False,False,False
364660.5,6685568.5,17.579999923706055,11.84000015258789,5.739999771118164,0.478333314259847,364600,6685500,False,False,False
364758.5,6685568.5,24.770000457763672,20.770000457763672,4.0,0.3333333333333333,364700,6685500,False,False,False
364838.5,6685568.5,23.1299991607666,17.940000534057617,5.189998626708984,0.43249988555908203,364800,6685500,False,False,False
364934.5,6685568.5,22.65999984741211,16.190000534057617,6.469999313354492,0.5391666094462076,364900,6685500,False,False,False
364980.5,6685568.5,19.459999084472656,13.210000038146973,6.249999046325684,0.5208332538604736,364900,6685500,False,False,False
364999.5,6685568.5,18.260000228881836,13.649999618530273,4.6100006103515625,0.3841667175292969,364900,6685500,False,False,False
364077.5,6685567.5,16.030000686645508,12.329999923706055,3.700000762939453,0.3083333969116211,364000,6685500,False,False,False
364216.5,6685567.5,16.670000076293945,13.510000228881836,3.1599998474121094,0.2633333206176758,364200,6685500,False,False,False
364224.5,6685567.5,19.969999313354492,14.260000228881836,5.709999084472656,0.475833257039388,364200,6685500,False,False,False
364494.5,6685567.5,14.970000267028809,13.869999885559082,1.1000003814697266,0.09166669845581055,364400,6685500,False,False,False
364619.5,6685567.5,21.139999389648438,17.219999313354492,3.9200000762939453,0.3266666730244954,364600,6685500,False,False,False
364635.5,6685567.5,18.760000228881836,12.020000457763672,6.739999771118164,0.5616666475931803,364600,6685500,False,False,False
364887.5,6685567.5,25.780000686645508,24.799999237060547,0.9800014495849609,0.0816667874654134,364800,6685500,False,False,False
364905.5,6685567.5,23.110000610351562,14.050000190734863,9.0600004196167,0.7550000349680582,364900,6685500,False,False,False
364923.5,6685567.5,23.65999984741211,16.799999237060547,6.8600006103515625,0.5716667175292969,364900,6685500,False,False,False
364944.5,6685567.5,21.030000686645508,14.399999618530273,6.630001068115234,0.5525000890096029,364900,6685500,False,False,False
364030.5,6685566.5,18.989999771118164,11.329999923706055,7.659999847412109,0.6383333206176758,364000,6685500,False,False,False
364041.5,6685566.5,20.940000534057617,14.0600004196167,6.880000114440918,0.5733333428700765,364000,6685500,False,False,False
364103.5,6685566.5,15.670000076293945,10.40999984741211,5.260000228881836,0.43833335240681964,364100,6685500,False,False,False
364204.5,6685566.5,23.540000915527344,20.329999923706055,3.210000991821289,0.2675000826517741,364200,6685500,False,False,False
364749.5,6685566.5,25.3700008392334,22.1200008392334,3.25,0.2708333333333333,364700,6685500,False,False,False
364795.5,6685566.5,22.65999984741211,13.029999732971191,9.630000114440918,0.8025000095367432,364700,6685500,False,False,False
364958.5,6685566.5,19.520000457763672,13.569999694824219,5.950000762939453,0.4958333969116211,364900,6685500,False,False,False
364067.5,6685565.5,15.960000038146973,14.350000381469727,1.609999656677246,0.13416663805643717,364000,6685500,False,False,False
364134.5,6685565.5,17.559999465942383,9.539999961853027,8.019999504089355,0.6683332920074463,364100,6685500,False,False,False
364626.5,6685565.5,15.420000076293945,7.809999942779541,7.610000133514404,0.6341666777928671,364600,6685500,False,False,False
364669.5,6685565.5,20.360000610351562,13.430000305175781,6.930000305175781,0.5775000254313151,364600,6685500,False,False,False
364812.5,6685565.5,23.0,18.450000762939453,4.549999237060547,0.3791666030883789,364800,6685500,False,False,False
364900.5,6685565.5,21.59000015258789,15.670000076293945,5.920000076293945,0.4933333396911621,364900,6685500,False,False,False
364123.5,6685564.5,17.8700008392334,8.279999732971191,9.590001106262207,0.799166758855184,364100,6685500,False,False,False
364585.5,6685564.5,24.18000030517578,19.010000228881836,5.170000076293945,0.4308333396911621,364500,6685500,False,False,False
364644.5,6685564.5,18.68000030517578,11.4399995803833,7.2400007247924805,0.6033333937327067,364600,6685500,False,False,False
364766.5,6685564.5,23.200000762939453,15.619999885559082,7.580000877380371,0.6316667397816976,364700,6685500,False,False,False
364993.5,6685564.5,21.270000457763672,12.930000305175781,8.34000015258789,0.6950000127156576,364900,6685500,False,False,False
364072.5,6685563.5,16.81999969482422,11.84000015258789,4.979999542236328,0.41499996185302734,364000,6685500,False,False,False
364195.5,6685563.5,23.219999313354492,21.09000015258789,2.1299991607666016,0.17749993006388345,364100,6685500,False,False,False
364611.5,6685563.5,24.149999618530273,20.290000915527344,3.8599987030029297,0.32166655858357746,364600,6685500,False,False,False
364875.5,6685563.5,25.030000686645508,18.489999771118164,6.540000915527344,0.5450000762939453,364800,6685500,False,False,False
364912.5,6685563.5,22.799999237060547,14.899999618530273,7.899999618530273,0.6583333015441895,364900,6685500,False,False,False
364934.5,6685563.5,21.81999969482422,14.09000015258789,7.729999542236328,0.644166628519694,364900,6685500,False,False,False
364951.5,6685563.5,20.34000015258789,13.890000343322754,6.449999809265137,0.5374999841054281,364900,6685500,False,False,False
364986.5,6685563.5,22.110000610351562,14.520000457763672,7.590000152587891,0.6325000127156576,364900,6685500,False,False,False
364023.5,6685562.5,23.760000228881836,23.059999465942383,0.7000007629394531,0.058333396911621094,364000,6685500,False,False,False
364176.5,6685562.5,17.6200008392334,15.6899995803833,1.9300012588500977,0.16083343823750815,364100,6685500,False,False,False
364241.5,6685562.5,15.3100004196167,13.869999885559082,1.4400005340576172,0.12000004450480144,364200,6685500,False,False,False
364557.5,6685562.5,19.489999771118164,13.819999694824219,5.670000076293945,0.4725000063578288,364500,6685500,False,False,False
364603.5,6685562.5,23.690000534057617,16.549999237060547,7.14000129699707,0.5950001080830892,364600,6685500,False,False,False
364678.5,6685562.5,19.809999465942383,15.520000457763672,4.289999008178711,0.3574999173482259,364600,6685500,False,False,False
364807.5,6685562.5,23.649999618530273,16.670000076293945,6.979999542236328,0.581666628519694,364800,6685500,False,False,False
364970.5,6685562.5,20.729999542236328,13.710000038146973,7.0199995040893555,0.5849999586741129,364900,6685500,False,False,False
364061.5,6685561.5,18.1200008392334,14.270000457763672,3.8500003814697266,0.32083336512247723,364000,6685500,False,False,False
364478.5,6685561.5,17.700000762939453,16.010000228881836,1.6900005340576172,0.14083337783813477,364400,6685500,False,False,False
364574.5,6685561.5,20.579999923706055,15.630000114440918,4.949999809265137,0.41249998410542804,364500,6685500,False,False,False
364685.5,6685561.5,20.40999984741211,14.550000190734863,5.859999656677246,0.4883333047231038,364600,6685500,False,False,False
364048.5,6685560.5,22.290000915527344,15.220000267028809,7.070000648498535,0.5891667207082113,364000,6685500,False,False,False
364094.5,6685560.5,15.770000457763672,9.770000457763672,6.0,0.5,364000,6685500,False,False,False
364107.5,6685560.5,17.530000686645508,13.100000381469727,4.430000305175781,0.36916669209798175,364100,6685500,False,False,False
364160.5,6685560.5,13.970000267028809,13.699999809265137,0.2700004577636719,0.022500038146972656,364100,6685500,False,False,False
364644.5,6685560.5,18.670000076293945,12.829999923706055,5.840000152587891,0.4866666793823242,364600,6685500,False,False,False
364656.5,6685560.5,17.329999923706055,13.930000305175781,3.3999996185302734,0.28333330154418945,364600,6685500,False,False,False
364671.5,6685560.5,18.860000610351562,10.960000038146973,7.90000057220459,0.6583333810170492,364600,6685500,False,False,False
364856.5,6685560.5,23.649999618530273,14.720000267028809,8.929999351501465,0.7441666126251221,364800,6685500,False,False,False
364080.5,6685559.5,8.90999984741211,6.099999904632568,2.809999942779541,0.23416666189829508,364000,6685500,False,False,False
364086.5,6685559.5,15.279999732971191,11.430000305175781,3.84999942779541,0.3208332856496175,364000,6685500,False,False,False
364139.5,6685559.5,22.350000381469727,15.979999542236328,6.370000839233398,0.5308334032694498,364100,6685500,False,False,False
364184.5,6685559.5,17.020000457763672,15.569999694824219,1.4500007629394531,0.1208333969116211,364100,6685500,False,False,False
364569.5,6685559.5,20.729999542236328,16.649999618530273,4.079999923706055,0.3399999936421712,364500,6685500,False,False,False
364776.5,6685559.5,21.260000228881836,13.229999542236328,8.030000686645508,0.6691667238871256,364700,6685500,False,False,False
364834.5,6685559.5,18.579999923706055,7.400000095367432,11.179999828338623,0.9316666523615519,364800,6685500,False,False,False
364118.5,6685558.5,20.239999771118164,13.949999809265137,6.289999961853027,0.5241666634877523,364100,6685500,False,False,False
364211.5,6685558.5,18.440000534057617,15.279999732971191,3.160000801086426,0.26333340009053546,364200,6685500,False,False,False
364554.5,6685558.5,19.450000762939453,11.789999961853027,7.660000801086426,0.6383334000905355,364500,6685500,False,False,False
364783.5,6685558.5,21.90999984741211,16.3700008392334,5.539999008178711,0.4616665840148926,364700,6685500,False,False,False
364792.5,6685558.5,22.229999542236328,11.989999771118164,10.239999771118164,0.853333314259847,364700,6685500,False,False,False
364944.5,6685558.5,21.420000076293945,12.6899995803833,8.730000495910645,0.7275000413258871,364900,6685500,False,False,False
364015.5,6685557.5,22.780000686645508,21.139999389648438,1.6400012969970703,0.13666677474975586,364000,6685500,False,False,False
364253.5,6685557.5,21.200000762939453,18.209999084472656,2.990001678466797,0.24916680653889975,364200,6685500,False,False,False
364493.5,6685557.5,20.479999542236328,19.190000534057617,1.289999008178711,0.1074999173482259,364400,6685500,False,False,False
364638.5,6685557.5,17.209999084472656,11.09000015258789,6.119998931884766,0.5099999109903971,364600,6685500,False,False,False
364664.5,6685557.5,17.530000686645508,14.5600004196167,2.9700002670288086,0.24750002225240073,364600,6685500,False,False,False
364694.5,6685557.5,17.190000534057617,12.390000343322754,4.800000190734863,0.40000001589457196,364600,6685500,False,False,False
364758.5,6685557.5,19.829999923706055,17.510000228881836,2.3199996948242188,0.19333330790201822,364700,6685500,False,False,False
364894.5,6685557.5,20.8799991607666,12.729999542236328,8.149999618530273,0.6791666348775228,364800,6685500,False,False,False
364961.5,6685557.5,20.65999984741211,14.949999809265137,5.710000038146973,0.47583333651224774,364900,6685500,False,False,False
364996.5,6685557.5,22.780000686645508,14.0,8.780000686645508,0.7316667238871256,364900,6685500,False,False,False
364066.5,6685556.5,18.06999969482422,13.770000457763672,4.299999237060547,0.3583332697550456,364000,6685500,False,False,False
364484.5,6685556.5,20.34000015258789,20.469999313354492,-0.12999916076660156,-0.010833263397216797,364400,6685500,False,False,False
364770.5,6685556.5,21.399999618530273,15.600000381469727,5.799999237060547,0.4833332697550456,364700,6685500,False,False,False
364843.5,6685556.5,21.15999984741211,13.84000015258789,7.319999694824219,0.6099999745686849,364800,6685500,False,False,False
364909.5,6685556.5,21.770000457763672,14.229999542236328,7.540000915527344,0.6283334096272787,364900,6685500,False,False,False
364000.5,6685555.5,17.729999542236328,13.369999885559082,4.359999656677246,0.3633333047231038,364000,6685500,False,False,False
364131.5,6685555.5,19.479999542236328,13.420000076293945,6.059999465942383,0.5049999554951986,364100,6685500,False,False,False
364149.5,6685555.5,20.1200008392334,15.029999732971191,5.090001106262207,0.4241667588551839,364100,6685500,False,False,False
364180.5,6685555.5,16.649999618530273,15.079999923706055,1.5699996948242188,0.13083330790201822,364100,6685500,False,False,False
364223.5,6685555.5,20.43000030517578,19.190000534057617,1.239999771118164,0.103333314259847,364200,6685500,False,False,False
364246.5,6685555.5,15.920000076293945,10.960000038146973,4.960000038146973,0.41333333651224774,364200,6685500,False,False,False
364273.5,6685555.5,21.399999618530273,18.950000762939453,2.4499988555908203,0.20416657129923502,364200,6685500,False,False,False
364503.5,6685555.5,17.170000076293945,15.710000038146973,1.4600000381469727,0.12166666984558105,364500,6685500,False,False,False
364624.5,6685555.5,20.940000534057617,14.279999732971191,6.660000801086426,0.5550000667572021,364600,6685500,False,False,False
364823.5,6685555.5,19.920000076293945,14.770000457763672,5.149999618530273,0.42916663487752277,364800,6685500,False,False,False
364970.5,6685555.5,21.700000762939453,15.09000015258789,6.6100006103515625,0.5508333841959635,364900,6685500,False,False,False
364125.5,6685554.5,16.100000381469727,12.119999885559082,3.9800004959106445,0.3316667079925537,364100,6685500,False,False,False
364535.5,6685554.5,16.18000030517578,11.350000381469727,4.829999923706055,0.4024999936421712,364500,6685500,False,False,False
364828.5,6685554.5,20.18000030517578,10.960000038146973,9.220000267028809,0.768333355585734,364800,6685500,False,False,False
364866.5,6685554.5,22.940000534057617,11.65999984741211,11.280000686645508,0.940000057220459,364800,6685500,False,False,False
364935.5,6685554.5,21.030000686645508,12.239999771118164,8.790000915527344,0.7325000762939453,364900,6685500,False,False,False
364089.5,6685553.5,15.579999923706055,11.34000015258789,4.239999771118164,0.353333314259847,364000,6685500,False,False,False
364598.5,6685553.5,23.469999313354492,16.989999771118164,6.479999542236328,0.5399999618530273,364500,6685500,False,False,False
364657.5,6685553.5,17.84000015258789,12.449999809265137,5.390000343322754,0.4491666952768962,364600,6685500,False,False,False
364675.5,6685553.5,19.530000686645508,14.6899995803833,4.840001106262207,0.4033334255218506,364600,6685500,False,False,False
364731.5,6685553.5,24.920000076293945,18.81999969482422,6.100000381469727,0.5083333651224772,364700,6685500,False,False,False
364742.5,6685553.5,28.989999771118164,19.239999771118164,9.75,0.8125,364700,6685500,False,False,False
364853.5,6685553.5,22.110000610351562,15.510000228881836,6.600000381469727,0.5500000317891439,364800,6685500,False,False,False
364142.5,6685552.5,20.799999237060547,14.770000457763672,6.029998779296875,0.5024998982747396,364100,6685500,False,False,False
364583.5,6685552.5,22.510000228881836,17.239999771118164,5.270000457763672,0.43916670481363934,364500,6685500,False,False,False
364981.5,6685552.5,21.6200008392334,14.529999732971191,7.090001106262207,0.5908334255218506,364900,6685500,False,False,False
364990.5,6685552.5,22.110000610351562,14.25,7.8600006103515625,0.6550000508626302,364900,6685500,False,False,False
364033.5,6685551.5,23.059999465942383,16.0,7.059999465942383,0.5883332888285319,364000,6685500,False,False,False
364120.5,6685551.5,15.600000381469727,13.970000267028809,1.630000114440918,0.1358333428700765,364100,6685500,False,False,False
364203.5,6685551.5,15.949999809265137,12.0600004196167,3.8899993896484375,0.32416661580403644,364200,6685500,False,False,False
364547.5,6685551.5,19.549999237060547,18.3700008392334,1.1799983978271484,0.09833319981892903,364500,6685500,False,False,False
364562.5,6685551.5,19.860000610351562,14.859999656677246,5.000000953674316,0.41666674613952637,364500,6685500,False,False,False
364588.5,6685551.5,22.549999237060547,17.65999984741211,4.8899993896484375,0.4074999491373698,364500,6685500,False,False,False
364622.5,6685551.5,21.0,17.239999771118164,3.760000228881836,0.31333335240681964,364600,6685500,False,False,False
364942.5,6685551.5,17.360000610351562,12.930000305175781,4.430000305175781,0.36916669209798175,364900,6685500,False,False,False
364957.5,6685551.5,20.719999313354492,12.90999984741211,7.809999465942383,0.6508332888285319,364900,6685500,False,False,False
364042.5,6685550.5,21.690000534057617,15.930000305175781,5.760000228881836,0.48000001907348633,364000,6685500,False,False,False
364172.5,6685550.5,12.380000114440918,6.820000171661377,5.559999942779541,0.46333332856496173,364100,6685500,False,False,False
364193.5,6685550.5,16.25,14.270000457763672,1.9799995422363281,0.16499996185302734,364100,6685500,False,False,False
364260.5,6685550.5,24.25,22.06999969482422,2.1800003051757812,0.18166669209798178,364200,6685500,False,False,False
364511.5,6685550.5,16.31999969482422,14.149999618530273,2.1700000762939453,0.1808333396911621,364500,6685500,False,False,False
364519.5,6685550.5,15.960000038146973,13.449999809265137,2.510000228881836,0.20916668574015299,364500,6685500,False,False,False
364557.5,6685550.5,19.780000686645508,14.5600004196167,5.220000267028809,0.4350000222524007,364500,6685500,False,False,False
364572.5,6685550.5,23.649999618530273,18.34000015258789,5.309999465942383,0.44249995549519855,364500,6685500,False,False,False
364713.5,6685550.5,23.329999923706055,15.010000228881836,8.319999694824219,0.6933333079020182,364700,6685500,False,False,False
364782.5,6685550.5,23.290000915527344,18.1200008392334,5.170000076293945,0.4308333396911621,364700,6685500,False,False,False
364833.5,6685550.5,21.43000030517578,15.470000267028809,5.960000038146973,0.49666666984558105,364800,6685500,False,False,False
364881.5,6685550.5,22.709999084472656,4.489999771118164,18.219999313354492,1.5183332761128743,364800,6685500,False,False,False
364644.5,6685549.5,16.920000076293945,10.930000305175781,5.989999771118164,0.49916664759318036,364600,6685500,False,False,False
364014.5,6685548.5,24.829999923706055,23.3700008392334,1.4599990844726562,0.12166659037272136,364000,6685500,False,False,False
364075.5,6685548.5,18.239999771118164,13.529999732971191,4.710000038146973,0.39250000317891437,364000,6685500,False,False,False
364217.5,6685548.5,16.780000686645508,14.920000076293945,1.8600006103515625,0.15500005086263022,364200,6685500,False,False,False
364669.5,6685548.5,19.690000534057617,15.0600004196167,4.630000114440918,0.3858333428700765,364600,6685500,False,False,False
364696.5,6685548.5,20.18000030517578,17.329999923706055,2.8500003814697266,0.2375000317891439,364600,6685500,False,False,False
364854.5,6685548.5,21.0,15.050000190734863,5.949999809265137,0.4958333174387614,364800,6685500,False,False,False
364090.5,6685547.5,15.539999961853027,11.760000228881836,3.7799997329711914,0.3149999777475993,364000,6685500,False,False,False
364103.5,6685547.5,16.290000915527344,10.260000228881836,6.030000686645508,0.502500057220459,364100,6685500,False,False,False
364244.5,6685547.5,18.670000076293945,18.0,0.6700000762939453,0.05583333969116211,364200,6685500,False,False,False
364608.5,6685547.5,25.100000381469727,19.190000534057617,5.909999847412109,0.49249998728434247,364600,6685500,False,False,False
364649.5,6685547.5,17.15999984741211,11.199999809265137,5.960000038146973,0.49666666984558105,364600,6685500,False,False,False
364816.5,6685547.5,20.940000534057617,13.970000267028809,6.970000267028809,0.580833355585734,364800,6685500,False,False,False
364995.5,6685547.5,21.110000610351562,13.680000305175781,7.430000305175781,0.6191666920979818,364900,6685500,False,False,False
364790.5,6685546.5,22.670000076293945,16.440000534057617,6.229999542236328,0.519166628519694,364700,6685500,False,False,False
364867.5,6685546.5,20.510000228881836,14.1899995803833,6.320000648498535,0.5266667207082113,364800,6685500,False,False,False
364957.5,6685546.5,20.149999618530273,12.720000267028809,7.429999351501465,0.6191666126251221,364900,6685500,False,False,False
364042.5,6685545.5,21.709999084472656,13.65999984741211,8.049999237060547,0.6708332697550455,364000,6685500,False,False,False
364111.5,6685545.5,15.649999618530273,11.479999542236328,4.170000076293945,0.3475000063578288,364100,6685500,False,False,False
364188.5,6685545.5,18.649999618530273,17.75,0.8999996185302734,0.07499996821085612,364100,6685500,False,False,False
364239.5,6685545.5,18.31999969482422,10.710000038146973,7.609999656677246,0.6341666380564371,364200,6685500,False,False,False
364513.5,6685545.5,17.219999313354492,13.75,3.469999313354492,0.2891666094462077,364500,6685500,False,False,False
364531.5,6685545.5,18.729999542236328,17.56999969482422,1.1599998474121094,0.09666665395100911,364500,6685500,False,False,False
364848.5,6685545.5,21.459999084472656,14.8100004196167,6.649998664855957,0.5541665554046631,364800,6685500,False,False,False
364967.5,6685545.5,21.670000076293945,16.950000762939453,4.719999313354492,0.39333327611287433,364900,6685500,False,False,False
364025.5,6685544.5,20.440000534057617,12.40999984741211,8.030000686645508,0.6691667238871256,364000,6685500,False,False,False
364037.5,6685544.5,20.459999084472656,14.5,5.959999084472656,0.4966665903727214,364000,6685500,False,False,False
364063.5,6685544.5,21.1200008392334,13.34000015258789,7.780000686645508,0.6483333905537924,364000,6685500,False,False,False
364107.5,6685544.5,16.100000381469727,11.069999694824219,5.030000686645508,0.41916672388712567,364100,6685500,False,False,False
364154.5,6685544.5,18.059999465942383,11.779999732971191,6.279999732971191,0.5233333110809326,364100,6685500,False,False,False
364232.5,6685544.5,21.010000228881836,20.549999237060547,0.46000099182128906,0.03833341598510742,364200,6685500,False,False,False
364250.5,6685544.5,20.530000686645508,17.770000457763672,2.760000228881836,0.23000001907348633,364200,6685500,False,False,False
364507.5,6685544.5,17.809999465942383,17.510000228881836,0.2999992370605469,0.02499993642171224,364500,6685500,False,False,False
364598.5,6685544.5,25.459999084472656,19.90999984741211,5.549999237060547,0.4624999364217122,364500,6685500,False,False,False
364920.5,6685544.5,28.049999237060547,19.049999237060547,9.0,0.75,364900,6685500,False,False,False
364927.5,6685544.5,27.989999771118164,20.56999969482422,7.420000076293945,0.6183333396911621,364900,6685500,False,False,False
364130.5,6685543.5,17.459999084472656,12.380000114440918,5.079998970031738,0.42333324750264484,364100,6685500,False,False,False
364147.5,6685543.5,16.989999771118164,11.260000228881836,5.729999542236328,0.47749996185302734,364100,6685500,False,False,False
364558.5,6685543.5,21.84000015258789,18.639999389648438,3.200000762939453,0.2666667302449544,364500,6685500,False,False,False
364674.5,6685543.5,21.260000228881836,15.829999923706055,5.430000305175781,0.4525000254313151,364600,6685500,False,False,False
364681.5,6685543.5,22.0,17.020000457763672,4.979999542236328,0.41499996185302734,364600,6685500,False,False,False
364086.5,6685542.5,17.469999313354492,13.039999961853027,4.429999351501465,0.36916661262512207,364000,6685500,False,False,False
364123.5,6685542.5,15.739999771118164,9.329999923706055,6.409999847412109,0.5341666539510092,364100,6685500,False,False,False
364135.5,6685542.5,19.389999389648438,13.600000381469727,5.789999008178711,0.4824999173482259,364100,6685500,False,False,False
364264.5,6685542.5,16.940000534057617,11.9399995803833,5.000000953674316,0.41666674613952637,364200,6685500,False,False,False
364495.5,6685542.5,17.940000534057617,17.8799991607666,0.060001373291015625,0.005000114440917969,364400,6685500,False,False,False
364768.5,6685542.5,26.100000381469727,19.010000228881836,7.090000152587891,0.5908333460489908,364700,6685500,False,False,False
364818.5,6685542.5,20.110000610351562,15.350000381469727,4.760000228881836,0.396666685740153,364800,6685500,False,False,False
364839.5,6685542.5,21.5,15.210000038146973,6.289999961853027,0.5241666634877523,364800,6685500,False,False,False
364904.5,6685542.5,26.729999542236328,18.81999969482422,7.909999847412109,0.6591666539510092,364900,6685500,False,False,False
364070.5,6685541.5,20.309999465942383,14.479999542236328,5.829999923706055,0.4858333269755046,364000,6685500,False,False,False
364102.5,6685541.5,15.829999923706055,10.770000457763672,5.059999465942383,0.42166662216186523,364100,6685500,False,False,False
364203.5,6685541.5,15.550000190734863,10.050000190734863,5.5,0.4583333333333333,364200,6685500,False,False,False
364518.5,6685541.5,16.450000762939453,14.079999923706055,2.3700008392333984,0.19750006993611655,364500,6685500,False,False,False
364573.5,6685541.5,22.739999771118164,15.569999694824219,7.170000076293945,0.5975000063578287,364500,6685500,False,False,False
364727.5,6685541.5,25.219999313354492,19.790000915527344,5.429998397827148,0.4524998664855957,364700,6685500,False,False,False
364737.5,6685541.5,27.6200008392334,25.420000076293945,2.200000762939453,0.1833333969116211,364700,6685500,False,False,False
364808.5,6685541.5,23.31999969482422,14.369999885559082,8.949999809265137,0.7458333174387614,364800,6685500,False,False,False
364048.5,6685540.5,21.170000076293945,14.34000015258789,6.829999923706055,0.5691666603088379,364000,6685500,False,False,False
364107.5,6685540.5,16.84000015258789,12.3100004196167,4.529999732971191,0.3774999777475993,364100,6685500,False,False,False
364242.5,6685540.5,18.6299991607666,14.3100004196167,4.319998741149902,0.3599998950958252,364200,6685500,False,False,False
364271.5,6685540.5,20.770000457763672,19.06999969482422,1.7000007629394531,0.14166673024495444,364200,6685500,False,False,False
364285.5,6685540.5,16.399999618530273,14.319999694824219,2.0799999237060547,0.17333332697550455,364200,6685500,False,False,False
364536.5,6685540.5,20.100000381469727,13.449999809265137,6.65000057220459,0.5541667143503824,364500,6685500,False,False,False
364781.5,6685540.5,23.239999771118164,16.079999923706055,7.159999847412109,0.5966666539510092,364700,6685500,False,False,False
364865.5,6685540.5,20.809999465942383,14.600000381469727,6.209999084472656,0.5174999237060547,364800,6685500,False,False,False
364041.5,6685539.5,22.290000915527344,14.770000457763672,7.520000457763672,0.6266667048136393,364000,6685500,False,False,False
364195.5,6685539.5,18.709999084472656,16.700000762939453,2.009998321533203,0.16749986012776694,364100,6685500,False,False,False
364307.5,6685539.5,19.559999465942383,17.43000030517578,2.1299991607666016,0.17749993006388345,364300,6685500,False,False,False
364823.5,6685539.5,21.81999969482422,13.84000015258789,7.979999542236328,0.6649999618530273,364800,6685500,False,False,False
364873.5,6685539.5,22.799999237060547,14.789999961853027,8.00999927520752,0.6674999396006266,364800,6685500,False,False,False
364913.5,6685539.5,26.59000015258789,18.760000228881836,7.829999923706055,0.6524999936421713,364900,6685500,False,False,False
364000.5,6685538.5,15.8100004196167,13.9399995803833,1.8700008392333984,0.15583340326944986,364000,6685500,False,False,False
364208.5,6685538.5,16.0,15.1899995803833,0.8100004196166992,0.06750003496805827,364200,6685500,False,False,False
364544.5,6685538.5,19.780000686645508,16.010000228881836,3.770000457763672,0.31416670481363934,364500,6685500,False,False,False
364555.5,6685538.5,22.729999542236328,18.149999618530273,4.579999923706055,0.3816666603088379,364500,6685500,False,False,False
364590.5,6685538.5,22.100000381469727,16.389999389648438,5.710000991821289,0.4758334159851074,364500,6685500,False,False,False
364659.5,6685538.5,19.290000915527344,15.029999732971191,4.260001182556152,0.355000098546346,364600,6685500,False,False,False
364795.5,6685538.5,23.690000534057617,16.329999923706055,7.3600006103515625,0.6133333841959635,364700,6685500,False,False,False
364841.5,6685538.5,21.299999237060547,14.899999618530273,6.399999618530273,0.5333333015441895,364800,6685500,False,False,False
364847.5,6685538.5,23.229999542236328,13.760000228881836,9.469999313354492,0.7891666094462076,364800,6685500,False,False,False
364065.5,6685537.5,20.420000076293945,12.539999961853027,7.880000114440918,0.6566666762034098,364000,6685500,False,False,False
364185.5,6685537.5,18.0,15.5,2.5,0.20833333333333334,364100,6685500,False,False,False
364256.5,6685537.5,19.530000686645508,14.920000076293945,4.6100006103515625,0.3841667175292969,364200,6685500,False,False,False
364298.5,6685537.5,19.90999984741211,16.790000915527344,3.1199989318847656,0.25999991099039715,364200,6685500,False,False,False
364696.5,6685537.5,20.93000030517578,12.640000343322754,8.289999961853027,0.690833330154419,364600,6685500,False,False,False
364963.5,6685537.5,21.170000076293945,13.65999984741211,7.510000228881836,0.6258333524068197,364900,6685500,False,False,False
364100.5,6685536.5,17.6200008392334,10.289999961853027,7.330000877380371,0.6108334064483643,364100,6685500,False,False,False
364942.5,6685536.5,24.1299991607666,17.6200008392334,6.509998321533203,0.542499860127767,364900,6685500,False,False,False
364128.5,6685535.5,16.06999969482422,9.600000381469727,6.469999313354492,0.5391666094462076,364100,6685500,False,False,False
364165.5,6685535.5,18.579999923706055,15.0600004196167,3.5199995040893555,0.2933332920074463,364100,6685500,False,False,False
364312.5,6685535.5,17.579999923706055,15.819999694824219,1.760000228881836,0.14666668574015299,364300,6685500,False,False,False
364517.5,6685535.5,17.739999771118164,17.389999389648438,0.35000038146972656,0.029166698455810547,364500,6685500,False,False,False
364580.5,6685535.5,23.209999084472656,17.299999237060547,5.909999847412109,0.49249998728434247,364500,6685500,False,False,False
364681.5,6685535.5,19.93000030517578,15.229999542236328,4.700000762939453,0.3916667302449544,364600,6685500,False,False,False
364717.5,6685535.5,27.219999313354492,21.059999465942383,6.159999847412109,0.5133333206176758,364700,6685500,False,False,False
364784.5,6685535.5,21.479999542236328,15.710000038146973,5.7699995040893555,0.4808332920074463,364700,6685500,False,False,False
364830.5,6685535.5,20.270000457763672,6.579999923706055,13.690000534057617,1.1408333778381348,364800,6685500,False,False,False
364890.5,6685535.5,25.770000457763672,22.579999923706055,3.190000534057617,0.26583337783813477,364800,6685500,False,False,False
364994.5,6685535.5,23.059999465942383,20.81999969482422,2.239999771118164,0.18666664759318033,364900,6685500,False,False,False
364007.5,6685534.5,16.239999771118164,15.1899995803833,1.0500001907348633,0.08750001589457194,364000,6685500,False,False,False
364058.5,6685534.5,22.459999084472656,15.029999732971191,7.429999351501465,0.6191666126251221,364000,6685500,False,False,False
364111.5,6685534.5,15.699999809265137,10.180000305175781,5.5199995040893555,0.459999958674113,364100,6685500,False,False,False
364144.5,6685534.5,16.979999542236328,11.550000190734863,5.429999351501465,0.4524999459584554,364100,6685500,False,False,False
364154.5,6685534.5,14.989999771118164,8.890000343322754,6.09999942779541,0.5083332856496176,364100,6685500,False,False,False
364247.5,6685534.5,18.040000915527344,12.109999656677246,5.930001258850098,0.4941667715708415,364200,6685500,False,False,False
364636.5,6685534.5,23.18000030517578,18.709999084472656,4.470001220703125,0.37250010172526044,364600,6685500,False,False,False
364770.5,6685534.5,24.389999389648438,17.309999465942383,7.079999923706055,0.5899999936421713,364700,6685500,False,False,False
364778.5,6685534.5,22.600000381469727,16.06999969482422,6.530000686645508,0.5441667238871256,364700,6685500,False,False,False
364862.5,6685534.5,21.549999237060547,14.1899995803833,7.359999656677246,0.6133333047231039,364800,6685500,False,False,False
364867.5,6685534.5,24.229999542236328,17.90999984741211,6.319999694824219,0.5266666412353516,364800,6685500,False,False,False
364926.5,6685534.5,26.65999984741211,18.209999084472656,8.450000762939453,0.7041667302449545,364900,6685500,False,False,False
364032.5,6685533.5,19.3799991607666,11.989999771118164,7.3899993896484375,0.6158332824707031,364000,6685500,False,False,False
364135.5,6685533.5,17.200000762939453,11.239999771118164,5.960000991821289,0.49666674931844074,364100,6685500,False,False,False
364159.5,6685533.5,14.5,9.9399995803833,4.560000419616699,0.3800000349680583,364100,6685500,False,False,False
364265.5,6685533.5,21.979999542236328,18.420000076293945,3.559999465942383,0.29666662216186523,364200,6685500,False,False,False
364274.5,6685533.5,19.219999313354492,17.209999084472656,2.010000228881836,0.16750001907348633,364200,6685500,False,False,False
364545.5,6685533.5,18.15999984741211,13.199999809265137,4.960000038146973,0.41333333651224774,364500,6685500,False,False,False
364729.5,6685533.5,23.790000915527344,18.799999237060547,4.990001678466797,0.4158334732055664,364700,6685500,False,False,False
364805.5,6685533.5,23.729999542236328,15.819999694824219,7.909999847412109,0.6591666539510092,364800,6685500,False,False,False
364903.5,6685533.5,22.260000228881836,14.720000267028809,7.539999961853027,0.628333330154419,364900,6685500,False,False,False
364070.5,6685532.5,21.979999542236328,13.880000114440918,8.09999942779541,0.6749999523162842,364000,6685500,False,False,False
364230.5,6685532.5,17.510000228881836,13.399999618530273,4.1100006103515625,0.3425000508626302,364200,6685500,False,False,False
364238.5,6685532.5,18.09000015258789,15.079999923706055,3.010000228881836,0.25083335240681964,364200,6685500,False,False,False
364485.5,6685532.5,20.579999923706055,18.25,2.3299999237060547,0.1941666603088379,364400,6685500,False,False,False
364600.5,6685532.5,24.729999542236328,18.479999542236328,6.25,0.5208333333333334,364600,6685500,False,False,False
364618.5,6685532.5,24.770000457763672,15.729999542236328,9.040000915527344,0.7533334096272787,364600,6685500,False,False,False
364673.5,6685532.5,20.829999923706055,15.449999809265137,5.380000114440918,0.4483333428700765,364600,6685500,False,False,False
364695.5,6685532.5,21.520000457763672,16.979999542236328,4.540000915527344,0.3783334096272786,364600,6685500,False,False,False
364084.5,6685531.5,16.90999984741211,9.020000457763672,7.8899993896484375,0.6574999491373698,364000,6685500,False,False,False
364537.5,6685531.5,18.959999084472656,18.719999313354492,0.23999977111816406,0.019999980926513672,364500,6685500,False,False,False
364688.5,6685531.5,23.420000076293945,18.59000015258789,4.829999923706055,0.4024999936421712,364600,6685500,False,False,False
364875.5,6685531.5,21.530000686645508,15.819999694824219,5.710000991821289,0.4758334159851074,364800,6685500,False,False,False
364561.5,6685530.5,22.81999969482422,16.530000686645508,6.289999008178711,0.5241665840148926,364500,6685500,False,False,False
364662.5,6685530.5,21.479999542236328,16.440000534057617,5.039999008178711,0.4199999173482259,364600,6685500,False,False,False
364761.5,6685530.5,25.229999542236328,18.670000076293945,6.559999465942383,0.5466666221618652,364700,6685500,False,False,False
364840.5,6685530.5,18.850000381469727,13.3100004196167,5.539999961853027,0.46166666348775226,364800,6685500,False,False,False
364138.5,6685529.5,17.229999542236328,11.050000190734863,6.179999351501465,0.5149999459584554,364100,6685500,False,False,False
364243.5,6685529.5,19.06999969482422,13.359999656677246,5.710000038146973,0.47583333651224774,364200,6685500,False,False,False
364628.5,6685529.5,21.209999084472656,16.559999465942383,4.649999618530273,0.38749996821085614,364600,6685500,False,False,False
364646.5,6685529.5,21.190000534057617,15.260000228881836,5.930000305175781,0.49416669209798175,364600,6685500,False,False,False
364889.5,6685529.5,25.93000030517578,25.280000686645508,0.6499996185302734,0.05416663487752279,364800,6685500,False,False,False
364031.5,6685528.5,19.530000686645508,12.680000305175781,6.850000381469727,0.5708333651224772,364000,6685500,False,False,False
364063.5,6685528.5,22.579999923706055,12.550000190734863,10.029999732971191,0.8358333110809326,364000,6685500,False,False,False
364121.5,6685528.5,11.350000381469727,5.25,6.100000381469727,0.5083333651224772,364100,6685500,False,False,False
364143.5,6685528.5,15.680000305175781,11.329999923706055,4.350000381469727,0.36250003178914386,364100,6685500,False,False,False
364197.5,6685528.5,20.040000915527344,18.209999084472656,1.8300018310546875,0.15250015258789062,364100,6685500,False,False,False
364313.5,6685528.5,19.65999984741211,15.609999656677246,4.050000190734863,0.33750001589457196,364300,6685500,False,False,False
364495.5,6685528.5,22.510000228881836,20.770000457763672,1.739999771118164,0.14499998092651367,364400,6685500,False,False,False
364656.5,6685528.5,24.31999969482422,17.34000015258789,6.979999542236328,0.581666628519694,364600,6685500,False,False,False
364702.5,6685528.5,21.420000076293945,10.920000076293945,10.5,0.875,364700,6685500,False,False,False
364775.5,6685528.5,21.450000762939453,14.020000457763672,7.430000305175781,0.6191666920979818,364700,6685500,False,False,False
364816.5,6685528.5,22.040000915527344,14.460000038146973,7.580000877380371,0.6316667397816976,364800,6685500,False,False,False
364853.5,6685528.5,21.329999923706055,15.619999885559082,5.710000038146973,0.47583333651224774,364800,6685500,False,False,False
364896.5,6685528.5,25.729999542236328,19.649999618530273,6.079999923706055,0.5066666603088379,364800,6685500,False,False,False
364003.5,6685527.5,19.049999237060547,16.739999771118164,2.309999465942383,0.19249995549519858,364000,6685500,False,False,False
364013.5,6685527.5,20.600000381469727,18.479999542236328,2.1200008392333984,0.1766667366027832,364000,6685500,False,False,False
364151.5,6685527.5,15.170000076293945,7.03000020980835,8.139999866485596,0.6783333222071329,364100,6685500,False,False,False
364210.5,6685527.5,16.0,12.65999984741211,3.3400001525878906,0.2783333460489909,364200,6685500,False,False,False
364292.5,6685527.5,19.719999313354492,16.25,3.469999313354492,0.2891666094462077,364200,6685500,False,False,False
364730.5,6685527.5,19.979999542236328,14.760000228881836,5.219999313354492,0.434999942779541,364700,6685500,False,False,False
364864.5,6685527.5,21.040000915527344,15.039999961853027,6.000000953674316,0.5000000794728597,364800,6685500,False,False,False
364037.5,6685526.5,18.899999618530273,9.90999984741211,8.989999771118164,0.7491666475931803,364000,6685500,False,False,False
364075.5,6685526.5,19.09000015258789,9.930000305175781,9.15999984741211,0.7633333206176758,364000,6685500,False,False,False
364082.5,6685526.5,19.229999542236328,9.220000267028809,10.00999927520752,0.8341666062672933,364000,6685500,False,False,False
364322.5,6685526.5,20.84000015258789,18.729999542236328,2.1100006103515625,0.17583338419596353,364300,6685500,False,False,False
364611.5,6685526.5,23.31999969482422,16.309999465942383,7.010000228881836,0.584166685740153,364600,6685500,False,False,False
364751.5,6685526.5,25.709999084472656,21.829999923706055,3.8799991607666016,0.3233332633972168,364700,6685500,False,False,False
364875.5,6685526.5,22.3799991607666,16.299999237060547,6.079999923706055,0.5066666603088379,364800,6685500,False,False,False
364916.5,6685526.5,21.889999389648438,15.350000381469727,6.539999008178711,0.544999917348226,364900,6685500,False,False,False
364959.5,6685526.5,24.719999313354492,15.109999656677246,9.609999656677246,0.8008333047231039,364900,6685500,False,False,False
364009.5,6685525.5,20.0,19.15999984741211,0.8400001525878906,0.07000001271565755,364000,6685500,False,False,False
364096.5,6685525.5,15.59000015258789,7.980000019073486,7.610000133514404,0.6341666777928671,364000,6685500,False,False,False
364130.5,6685525.5,14.4399995803833,10.720000267028809,3.719999313354492,0.309999942779541,364100,6685500,False,False,False
364296.5,6685525.5,19.149999618530273,12.670000076293945,6.479999542236328,0.5399999618530273,364200,6685500,False,False,False
364528.5,6685525.5,19.84000015258789,17.440000534057617,2.3999996185302734,0.1999999682108561,364500,6685500,False,False,False
364583.5,6685525.5,23.239999771118164,17.399999618530273,5.840000152587891,0.4866666793823242,364500,6685500,False,False,False
364594.5,6685525.5,26.1200008392334,22.329999923706055,3.7900009155273438,0.3158334096272786,364500,6685500,False,False,False
364720.5,6685525.5,27.09000015258789,18.59000015258789,8.5,0.7083333333333334,364700,6685500,False,False,False
364794.5,6685525.5,22.739999771118164,16.920000076293945,5.819999694824219,0.4849999745686849,364700,6685500,False,False,False
364880.5,6685525.5,21.3799991607666,13.779999732971191,7.59999942779541,0.6333332856496176,364800,6685500,False,False,False
364930.5,6685525.5,23.760000228881836,16.969999313354492,6.790000915527344,0.5658334096272787,364900,6685500,False,False,False
364042.5,6685524.5,18.90999984741211,9.630000114440918,9.279999732971191,0.7733333110809326,364000,6685500,False,False,False
364102.5,6685524.5,14.329999923706055,10.229999542236328,4.100000381469727,0.34166669845581055,364100,6685500,False,False,False
364284.5,6685524.5,20.020000457763672,16.020000457763672,4.0,0.3333333333333333,364200,6685500,False,False,False
364619.5,6685524.5,25.020000457763672,18.729999542236328,6.290000915527344,0.5241667429606119,364600,6685500,False,False,False
364979.5,6685524.5,26.90999984741211,20.020000457763672,6.8899993896484375,0.5741666158040365,364900,6685500,False,False,False
364109.5,6685523.5,13.970000267028809,9.489999771118164,4.4800004959106445,0.3733333746592204,364100,6685500,False,False,False
364156.5,6685523.5,15.449999809265137,11.1899995803833,4.260000228881836,0.35500001907348633,364100,6685500,False,False,False
364172.5,6685523.5,17.020000457763672,13.300000190734863,3.7200002670288086,0.3100000222524007,364100,6685500,False,False,False
364267.5,6685523.5,18.790000915527344,16.31999969482422,2.470001220703125,0.20583343505859375,364200,6685500,False,False,False
364326.5,6685523.5,20.799999237060547,18.610000610351562,2.1899986267089844,0.18249988555908203,364300,6685500,False,False,False
364489.5,6685523.5,22.979999542236328,19.93000030517578,3.049999237060547,0.2541666030883789,364400,6685500,False,False,False
364631.5,6685523.5,23.5,14.170000076293945,9.329999923706055,0.7774999936421713,364600,6685500,False,False,False
364676.5,6685523.5,20.40999984741211,12.989999771118164,7.420000076293945,0.6183333396911621,364600,6685500,False,False,False
364804.5,6685523.5,22.43000030517578,16.06999969482422,6.3600006103515625,0.5300000508626302,364800,6685500,False,False,False
364936.5,6685523.5,24.06999969482422,18.399999618530273,5.670000076293945,0.4725000063578288,364900,6685500,False,False,False
364989.5,6685523.5,26.6200008392334,17.200000762939453,9.420000076293945,0.7850000063578287,364900,6685500,False,False,False
364145.5,6685522.5,15.039999961853027,8.489999771118164,6.550000190734863,0.5458333492279053,364100,6685500,False,False,False
364258.5,6685522.5,19.3700008392334,15.029999732971191,4.340001106262207,0.3616667588551839,364200,6685500,False,False,False
364315.5,6685522.5,17.270000457763672,13.329999923706055,3.940000534057617,0.32833337783813477,364300,6685500,False,False,False
364781.5,6685522.5,23.979999542236328,18.31999969482422,5.659999847412109,0.4716666539510091,364700,6685500,False,False,False
364507.5,6685521.5,23.600000381469727,23.149999618530273,0.4500007629394531,0.03750006357828776,364500,6685500,False,False,False
364636.5,6685521.5,22.040000915527344,14.850000381469727,7.190000534057617,0.5991667111714681,364600,6685500,False,False,False
364642.5,6685521.5,22.049999237060547,14.25,7.799999237060547,0.6499999364217123,364600,6685500,False,False,False
364897.5,6685521.5,26.299999237060547,24.020000457763672,2.279998779296875,0.1899998982747396,364800,6685500,False,False,False
364922.5,6685521.5,22.81999969482422,16.979999542236328,5.840000152587891,0.4866666793823242,364900,6685500,False,False,False
364029.5,6685520.5,23.510000228881836,22.68000030517578,0.8299999237060547,0.06916666030883789,364000,6685500,False,False,False
364211.5,6685520.5,17.420000076293945,8.699999809265137,8.720000267028809,0.7266666889190674,364200,6685500,False,False,False
364272.5,6685520.5,17.760000228881836,14.050000190734863,3.7100000381469727,0.30916666984558105,364200,6685500,False,False,False
364494.5,6685520.5,21.280000686645508,18.56999969482422,2.710000991821289,0.22583341598510742,364400,6685500,False,False,False
364648.5,6685520.5,24.549999237060547,19.5,5.049999237060547,0.4208332697550456,364600,6685500,False,False,False
364714.5,6685520.5,25.670000076293945,17.309999465942383,8.360000610351562,0.6966667175292969,364700,6685500,False,False,False
364929.5,6685520.5,21.940000534057617,16.350000381469727,5.590000152587891,0.4658333460489909,364900,6685500,False,False,False
364519.5,6685519.5,23.889999389648438,20.790000915527344,3.0999984741210938,0.2583332061767578,364500,6685500,False,False,False
364613.5,6685519.5,23.6299991607666,17.84000015258789,5.789999008178711,0.4824999173482259,364600,6685500,False,False,False
364867.5,6685519.5,21.700000762939453,15.229999542236328,6.470001220703125,0.5391667683919271,364800,6685500,False,False,False
364999.5,6685519.5,26.010000228881836,20.43000030517578,5.579999923706055,0.4649999936421712,364900,6685500,False,False,False
364020.5,6685518.5,18.84000015258789,17.549999237060547,1.2900009155273438,0.10750007629394531,364000,6685500,False,False,False
364052.5,6685518.5,22.549999237060547,13.920000076293945,8.629999160766602,0.7191665967305502,364000,6685500,False,False,False
364128.5,6685518.5,16.149999618530273,10.4399995803833,5.710000038146973,0.47583333651224774,364100,6685500,False,False,False
364162.5,6685518.5,15.609999656677246,9.800000190734863,5.809999465942383,0.48416662216186523,364100,6685500,False,False,False
364180.5,6685518.5,19.079999923706055,13.600000381469727,5.479999542236328,0.45666662851969403,364100,6685500,False,False,False
364552.5,6685518.5,20.420000076293945,14.489999771118164,5.930000305175781,0.49416669209798175,364500,6685500,False,False,False
364564.5,6685518.5,22.110000610351562,17.260000228881836,4.850000381469727,0.40416669845581055,364500,6685500,False,False,False
364605.5,6685518.5,23.75,17.450000762939453,6.299999237060547,0.5249999364217123,364600,6685500,False,False,False
364694.5,6685518.5,24.0,17.510000228881836,6.489999771118164,0.540833314259847,364600,6685500,False,False,False
364723.5,6685518.5,26.959999084472656,18.959999084472656,8.0,0.6666666666666666,364700,6685500,False,False,False
364013.5,6685517.5,20.329999923706055,19.81999969482422,0.5100002288818359,0.04250001907348633,364000,6685500,False,False,False
364105.5,6685517.5,16.190000534057617,10.289999961853027,5.90000057220459,0.4916667143503825,364100,6685500,False,False,False
364140.5,6685517.5,14.850000381469727,9.430000305175781,5.420000076293945,0.4516666730244954,364100,6685500,False,False,False
364308.5,6685517.5,18.280000686645508,14.020000457763672,4.260000228881836,0.35500001907348633,364300,6685500,False,False,False
364324.5,6685517.5,18.360000610351562,17.239999771118164,1.1200008392333984,0.09333340326944987,364300,6685500,False,False,False
364573.5,6685517.5,24.190000534057617,16.920000076293945,7.270000457763672,0.605833371480306,364500,6685500,False,False,False
364944.5,6685517.5,23.420000076293945,16.899999618530273,6.520000457763672,0.543333371480306,364900,6685500,False,False,False
364117.5,6685516.5,14.279999732971191,7.610000133514404,6.669999599456787,0.5558332999547323,364100,6685500,False,False,False
364224.5,6685516.5,5.849999904632568,20.959999084472656,-15.109999179840088,-1.2591665983200073,364200,6685500,False,False,False
364279.5,6685516.5,16.969999313354492,14.0,2.969999313354492,0.24749994277954102,364200,6685500,False,False,False
364289.5,6685516.5,19.450000762939453,14.010000228881836,5.440000534057617,0.45333337783813477,364200,6685500,False,False,False
364299.5,6685516.5,19.389999389648438,13.229999542236328,6.159999847412109,0.5133333206176758,364200,6685500,False,False,False
364333.5,6685516.5,21.040000915527344,20.440000534057617,0.6000003814697266,0.05000003178914388,364300,6685500,False,False,False
364631.5,6685516.5,22.899999618530273,15.300000190734863,7.59999942779541,0.6333332856496176,364600,6685500,False,False,False
364665.5,6685516.5,23.229999542236328,18.3700008392334,4.85999870300293,0.4049998919169108,364600,6685500,False,False,False
364744.5,6685516.5,24.719999313354492,17.040000915527344,7.679998397827148,0.6399998664855957,364700,6685500,False,False,False
364798.5,6685516.5,23.649999618530273,16.790000915527344,6.85999870300293,0.5716665585835775,364700,6685500,False,False,False
364058.5,6685515.5,20.860000610351562,13.59000015258789,7.270000457763672,0.605833371480306,364000,6685500,False,False,False
364066.5,6685515.5,19.989999771118164,13.960000038146973,6.029999732971191,0.5024999777475992,364000,6685500,False,False,False
364173.5,6685515.5,15.270000457763672,11.569999694824219,3.700000762939453,0.3083333969116211,364100,6685500,False,False,False
364245.5,6685515.5,13.0600004196167,10.029999732971191,3.030000686645508,0.252500057220459,364200,6685500,False,False,False
364271.5,6685515.5,17.690000534057617,12.899999618530273,4.790000915527344,0.399166742960612,364200,6685500,False,False,False
364589.5,6685515.5,24.809999465942383,19.81999969482422,4.989999771118164,0.415833314259847,364500,6685500,False,False,False
364842.5,6685515.5,11.140000343322754,5.860000133514404,5.28000020980835,0.4400000174840291,364800,6685500,False,False,False
364882.5,6685515.5,23.06999969482422,16.3700008392334,6.69999885559082,0.5583332379659017,364800,6685500,False,False,False
364915.5,6685515.5,23.739999771118164,17.350000381469727,6.3899993896484375,0.5324999491373698,364900,6685500,False,False,False
364935.5,6685515.5,23.34000015258789,17.079999923706055,6.260000228881836,0.521666685740153,364900,6685500,False,False,False
364000.5,6685514.5,11.489999771118164,10.630000114440918,0.8599996566772461,0.07166663805643718,364000,6685500,False,False,False
364033.5,6685514.5,24.18000030517578,22.450000762939453,1.7299995422363281,0.144166628519694,364000,6685500,False,False,False
364093.5,6685514.5,18.8700008392334,10.300000190734863,8.570000648498535,0.7141667207082113,364000,6685500,False,False,False
364168.5,6685514.5,15.34000015258789,13.039999961853027,2.3000001907348633,0.19166668256123862,364100,6685500,False,False,False
364193.5,6685514.5,19.739999771118164,13.729999542236328,6.010000228881836,0.5008333524068197,364100,6685500,False,False,False
364202.5,6685514.5,17.209999084472656,13.680000305175781,3.529998779296875,0.29416656494140625,364200,6685500,False,False,False
364582.5,6685514.5,25.270000457763672,20.43000030517578,4.840000152587891,0.4033333460489909,364500,6685500,False,False,False
364716.5,6685514.5,26.110000610351562,20.3700008392334,5.739999771118164,0.478333314259847,364700,6685500,False,False,False
364751.5,6685514.5,20.84000015258789,16.030000686645508,4.809999465942383,0.4008332888285319,364700,6685500,False,False,False
364761.5,6685514.5,23.40999984741211,17.600000381469727,5.809999465942383,0.48416662216186523,364700,6685500,False,False,False
364979.5,6685514.5,20.360000610351562,13.5,6.8600006103515625,0.5716667175292969,364900,6685500,False,False,False
364076.5,6685513.5,21.209999084472656,14.34000015258789,6.869998931884766,0.5724999109903971,364000,6685500,False,False,False
364254.5,6685513.5,19.40999984741211,14.84000015258789,4.569999694824219,0.38083330790201825,364200,6685500,False,False,False
364261.5,6685513.5,19.290000915527344,14.0600004196167,5.2300004959106445,0.4358333746592204,364200,6685500,False,False,False
364809.5,6685513.5,21.8799991607666,12.65999984741211,9.219999313354492,0.7683332761128744,364800,6685500,False,False,False
364848.5,6685513.5,14.220000267028809,5.71999979019165,8.500000476837158,0.7083333730697632,364800,6685500,False,False,False
364875.5,6685513.5,22.510000228881836,16.549999237060547,5.960000991821289,0.49666674931844074,364800,6685500,False,False,False
364985.5,6685513.5,24.260000228881836,18.93000030517578,5.329999923706055,0.4441666603088379,364900,6685500,False,False,False
364130.5,6685512.5,15.779999732971191,8.170000076293945,7.609999656677246,0.6341666380564371,364100,6685500,False,False,False
364217.5,6685512.5,16.920000076293945,13.380000114440918,3.5399999618530273,0.29499999682108563,364200,6685500,False,False,False
364342.5,6685512.5,18.440000534057617,16.510000228881836,1.9300003051757812,0.16083335876464844,364300,6685500,False,False,False
364511.5,6685512.5,21.969999313354492,14.300000190734863,7.669999122619629,0.6391665935516357,364500,6685500,False,False,False
364542.5,6685512.5,24.6200008392334,24.1299991607666,0.4900016784667969,0.040833473205566406,364500,6685500,False,False,False
364638.5,6685512.5,20.790000915527344,14.8100004196167,5.9800004959106445,0.4983333746592204,364600,6685500,False,False,False
364706.5,6685512.5,22.110000610351562,10.869999885559082,11.24000072479248,0.93666672706604,364700,6685500,False,False,False
364791.5,6685512.5,24.290000915527344,19.18000030517578,5.1100006103515625,0.42583338419596356,364700,6685500,False,False,False
364894.5,6685512.5,24.850000381469727,22.540000915527344,2.309999465942383,0.19249995549519858,364800,6685500,False,False,False
364922.5,6685512.5,24.079999923706055,18.5,5.579999923706055,0.4649999936421712,364900,6685500,False,False,False
364084.5,6685511.5,22.1200008392334,11.920000076293945,10.200000762939453,0.8500000635782877,364000,6685500,False,False,False
364225.5,6685511.5,9.6899995803833,14.609999656677246,-4.920000076293945,-0.4100000063578288,364200,6685500,False,False,False
364269.5,6685511.5,17.049999237060547,11.880000114440918,5.169999122619629,0.4308332602183024,364200,6685500,False,False,False
364274.5,6685511.5,17.229999542236328,12.970000267028809,4.2599992752075195,0.35499993960062665,364200,6685500,False,False,False
364278.5,6685511.5,17.540000915527344,12.460000038146973,5.080000877380371,0.42333340644836426,364200,6685500,False,False,False
364494.5,6685511.5,30.6299991607666,27.559999465942383,3.0699996948242188,0.25583330790201825,364400,6685500,False,False,False
364571.5,6685511.5,22.0,19.309999465942383,2.690000534057617,0.2241667111714681,364500,6685500,False,False,False
364818.5,6685511.5,21.43000030517578,14.470000267028809,6.960000038146973,0.5800000031789144,364800,6685500,False,False,False
364827.5,6685511.5,18.049999237060547,11.550000190734863,6.499999046325684,0.541666587193807,364800,6685500,False,False,False
364902.5,6685511.5,25.469999313354492,19.649999618530273,5.819999694824219,0.4849999745686849,364900,6685500,False,False,False
364951.5,6685511.5,23.329999923706055,17.18000030517578,6.149999618530273,0.5124999682108561,364900,6685500,False,False,False
364022.5,6685510.5,18.780000686645508,17.780000686645508,1.0,0.08333333333333333,364000,6685500,False,False,False
364107.5,6685510.5,16.389999389648438,9.289999961853027,7.09999942779541,0.5916666189829508,364100,6685500,False,False,False
364134.5,6685510.5,16.049999237060547,11.699999809265137,4.34999942779541,0.3624999523162842,364100,6685500,False,False,False
364597.5,6685510.5,21.530000686645508,17.25,4.280000686645508,0.35666672388712567,364500,6685500,False,False,False
364657.5,6685510.5,20.1299991607666,13.850000381469727,6.279998779296875,0.5233332316080729,364600,6685500,False,False,False
364802.5,6685510.5,23.8799991607666,17.31999969482422,6.559999465942383,0.5466666221618652,364800,6685500,False,False,False
364942.5,6685510.5,23.8799991607666,17.950000762939453,5.929998397827148,0.4941665331522624,364900,6685500,False,False,False
364961.5,6685510.5,23.6299991607666,16.170000076293945,7.459999084472656,0.6216665903727213,364900,6685500,False,False,False
364188.5,6685509.5,18.969999313354492,16.860000610351562,2.1099987030029297,0.17583322525024414,364100,6685500,False,False,False
364335.5,6685509.5,21.229999542236328,19.8799991607666,1.3500003814697266,0.11250003178914388,364300,6685500,False,False,False
364745.5,6685509.5,25.530000686645508,20.399999618530273,5.130001068115234,0.42750008900960285,364700,6685500,False,False,False
364843.5,6685509.5,13.520000457763672,4.980000019073486,8.540000438690186,0.7116667032241821,364800,6685500,False,False,False
364039.5,6685508.5,23.989999771118164,22.809999465942383,1.1800003051757812,0.09833335876464844,364000,6685500,False,False,False
364097.5,6685508.5,20.149999618530273,12.270000457763672,7.879999160766602,0.6566665967305502,364000,6685500,False,False,False
364178.5,6685508.5,16.0,12.539999961853027,3.4600000381469727,0.28833333651224774,364100,6685500,False,False,False
364207.5,6685508.5,19.239999771118164,11.539999961853027,7.699999809265137,0.6416666507720947,364200,6685500,False,False,False
364351.5,6685508.5,16.920000076293945,13.170000076293945,3.75,0.3125,364300,6685500,False,False,False
364582.5,6685508.5,25.139999389648438,18.299999237060547,6.840000152587891,0.5700000127156576,364500,6685500,False,False,False
364623.5,6685508.5,21.360000610351562,15.880000114440918,5.4800004959106445,0.4566667079925537,364600,6685500,False,False,False
364869.5,6685508.5,20.459999084472656,15.359999656677246,5.09999942779541,0.4249999523162842,364800,6685500,False,False,False
364007.5,6685507.5,17.049999237060547,14.8100004196167,2.2399988174438477,0.18666656812032065,364000,6685500,False,False,False
364167.5,6685507.5,16.350000381469727,11.40999984741211,4.940000534057617,0.4116667111714681,364100,6685500,False,False,False
364262.5,6685507.5,18.239999771118164,13.579999923706055,4.659999847412109,0.3883333206176758,364200,6685500,False,False,False
364291.5,6685507.5,16.770000457763672,12.300000190734863,4.470000267028809,0.3725000222524007,364200,6685500,False,False,False
364304.5,6685507.5,18.1200008392334,15.069999694824219,3.0500011444091797,0.2541667620340983,364300,6685500,False,False,False
364317.5,6685507.5,14.819999694824219,12.399999618530273,2.4200000762939453,0.20166667302449545,364300,6685500,False,False,False
364561.5,6685507.5,24.059999465942383,18.520000457763672,5.539999008178711,0.4616665840148926,364500,6685500,False,False,False
364610.5,6685507.5,21.829999923706055,14.84000015258789,6.989999771118164,0.5824999809265137,364600,6685500,False,False,False
364979.5,6685507.5,25.260000228881836,19.829999923706055,5.430000305175781,0.4525000254313151,364900,6685500,False,False,False
364067.5,6685506.5,22.200000762939453,13.149999618530273,9.05000114440918,0.7541667620340983,364000,6685500,False,False,False
364123.5,6685506.5,16.280000686645508,8.649999618530273,7.630001068115234,0.6358334223429362,364100,6685500,False,False,False
364145.5,6685506.5,13.789999961853027,7.179999828338623,6.610000133514404,0.5508333444595337,364100,6685500,False,False,False
364283.5,6685506.5,19.93000030517578,14.069999694824219,5.8600006103515625,0.48833338419596356,364200,6685500,False,False,False
364681.5,6685506.5,20.799999237060547,14.420000076293945,6.379999160766602,0.5316665967305502,364600,6685500,False,False,False
364688.5,6685506.5,22.219999313354492,16.65999984741211,5.559999465942383,0.4633332888285319,364600,6685500,False,False,False
364813.5,6685506.5,21.530000686645508,15.0600004196167,6.470000267028809,0.5391666889190674,364800,6685500,False,False,False
364834.5,6685506.5,17.260000228881836,5.320000171661377,11.940000057220459,0.9950000047683716,364800,6685500,False,False,False
364892.5,6685506.5,24.889999389648438,23.719999313354492,1.1700000762939453,0.09750000635782878,364800,6685500,False,False,False
364931.5,6685506.5,24.260000228881836,16.5,7.760000228881836,0.646666685740153,364900,6685500,False,False,False
364969.5,6685506.5,22.979999542236328,17.299999237060547,5.680000305175781,0.47333335876464844,364900,6685500,False,False,False
364986.5,6685506.5,24.25,18.510000228881836,5.739999771118164,0.478333314259847,364900,6685500,False,False,False
364241.5,6685505.5,12.760000228881836,19.860000610351562,-7.100000381469727,-0.5916666984558105,364200,6685500,False,False,False
364615.5,6685505.5,22.34000015258789,19.559999465942383,2.780000686645508,0.23166672388712564,364600,6685500,False,False,False
364629.5,6685505.5,23.059999465942383,17.8799991607666,5.180000305175781,0.43166669209798175,364600,6685500,False,False,False
364733.5,6685505.5,23.6299991607666,17.649999618530273,5.979999542236328,0.49833329518636066,364700,6685500,False,False,False
364819.5,6685505.5,21.3700008392334,17.489999771118164,3.8800010681152344,0.3233334223429362,364800,6685500,False,False,False
364224.5,6685504.5,14.9399995803833,10.069999694824219,4.869999885559082,0.40583332379659015,364200,6685500,False,False,False
364646.5,6685504.5,23.920000076293945,17.06999969482422,6.850000381469727,0.5708333651224772,364600,6685500,False,False,False
364701.5,6685504.5,23.100000381469727,17.610000610351562,5.489999771118164,0.45749998092651367,364700,6685500,False,False,False
364708.5,6685504.5,22.170000076293945,16.770000457763672,5.399999618530273,0.44999996821085614,364700,6685500,False,False,False
364768.5,6685504.5,25.15999984741211,18.139999389648438,7.020000457763672,0.5850000381469727,364700,6685500,False,False,False
364787.5,6685504.5,24.75,19.65999984741211,5.090000152587891,0.4241666793823242,364700,6685500,False,False,False
364099.5,6685503.5,20.5,11.6899995803833,8.8100004196167,0.734166701634725,364000,6685500,False,False,False
364251.5,6685503.5,15.079999923706055,8.800000190734863,6.279999732971191,0.5233333110809326,364200,6685500,False,False,False
364265.5,6685503.5,17.979999542236328,12.180000305175781,5.799999237060547,0.4833332697550456,364200,6685500,False,False,False
364328.5,6685503.5,16.600000381469727,11.550000190734863,5.050000190734863,0.4208333492279053,364300,6685500,False,False,False
364596.5,6685503.5,21.510000228881836,17.06999969482422,4.440000534057617,0.37000004450480145,364500,6685500,False,False,False
364669.5,6685503.5,21.989999771118164,15.930000305175781,6.059999465942383,0.5049999554951986,364600,6685500,False,False,False
364872.5,6685503.5,20.59000015258789,16.0,4.590000152587891,0.38250001271565753,364800,6685500,False,False,False
364877.5,6685503.5,20.90999984741211,16.18000030517578,4.729999542236328,0.39416662851969403,364800,6685500,False,False,False
364924.5,6685503.5,21.709999084472656,15.949999809265137,5.7599992752075195,0.47999993960062665,364900,6685500,False,False,False
364957.5,6685503.5,21.280000686645508,13.970000267028809,7.310000419616699,0.609166701634725,364900,6685500,False,False,False
364051.5,6685502.5,27.229999542236328,26.389999389648438,0.8400001525878906,0.07000001271565755,364000,6685500,False,False,False
364151.5,6685502.5,18.43000030517578,11.170000076293945,7.260000228881836,0.6050000190734863,364100,6685500,False,False,False
364156.5,6685502.5,16.280000686645508,12.829999923706055,3.450000762939453,0.2875000635782878,364100,6685500,False,False,False
364163.5,6685502.5,15.289999961853027,10.75,4.539999961853027,0.37833333015441895,364100,6685500,False,False,False
364172.5,6685502.5,13.329999923706055,11.09000015258789,2.239999771118164,0.18666664759318033,364100,6685500,False,False,False
364257.5,6685502.5,15.970000267028809,12.930000305175781,3.0399999618530273,0.25333333015441895,364200,6685500,False,False,False
364484.5,6685502.5,26.290000915527344,24.309999465942383,1.980001449584961,0.16500012079874674,364400,6685500,False,False,False
364571.5,6685502.5,25.34000015258789,16.56999969482422,8.770000457763672,0.730833371480306,364500,6685500,False,False,False
364601.5,6685502.5,20.40999984741211,19.31999969482422,1.0900001525878906,0.09083334604899089,364600,6685500,False,False,False
364724.5,6685502.5,24.229999542236328,18.43000030517578,5.799999237060547,0.4833332697550456,364700,6685500,False,False,False
364075.5,6685501.5,21.389999389648438,15.829999923706055,5.559999465942383,0.4633332888285319,364000,6685500,False,False,False
364195.5,6685501.5,19.43000030517578,10.8100004196167,8.619999885559082,0.7183333237965902,364100,6685500,False,False,False
364514.5,6685501.5,25.510000228881836,20.530000686645508,4.979999542236328,0.41499996185302734,364500,6685500,False,False,False
364528.5,6685501.5,24.549999237060547,19.149999618530273,5.399999618530273,0.44999996821085614,364500,6685500,False,False,False
364866.5,6685501.5,18.479999542236328,13.5,4.979999542236328,0.41499996185302734,364800,6685500,False,False,False
364916.5,6685501.5,23.979999542236328,18.799999237060547,5.180000305175781,0.43166669209798175,364900,6685500,False,False,False
364011.5,6685500.5,13.850000381469727,9.9399995803833,3.910000801086426,0.32583340009053546,364000,6685500,False,False,False
364091.5,6685500.5,18.6299991607666,13.930000305175781,4.69999885559082,0.39166657129923504,364000,6685500,False,False,False
364118.5,6685500.5,17.049999237060547,10.619999885559082,6.429999351501465,0.5358332792917887,364100,6685500,False,False,False
364127.5,6685500.5,14.329999923706055,8.890000343322754,5.439999580383301,0.4533332983652751,364100,6685500,False,False,False
364144.5,6685500.5,15.9399995803833,7.449999809265137,8.489999771118164,0.7074999809265137,364100,6685500,False,False,False
364188.5,6685500.5,16.059999465942383,11.9399995803833,4.119999885559082,0.34333332379659015,364100,6685500,False,False,False
364217.5,6685500.5,15.880000114440918,11.569999694824219,4.310000419616699,0.3591667016347249,364200,6685500,False,False,False
364233.5,6685500.5,11.380000114440918,10.75,0.630000114440918,0.052500009536743164,364200,6685500,False,False,False
364288.5,6685500.5,18.90999984741211,13.800000190734863,5.109999656677246,0.4258333047231038,364200,6685500,False,False,False
364303.5,6685500.5,13.989999771118164,9.59000015258789,4.399999618530273,0.36666663487752277,364300,6685500,False,False,False
364308.5,6685500.5,13.869999885559082,9.90999984741211,3.9600000381469727,0.33000000317891437,364300,6685500,False,False,False
364345.5,6685500.5,23.309999465942383,21.90999984741211,1.3999996185302734,0.11666663487752278,364300,6685500,False,False,False
364356.5,6685500.5,20.84000015258789,20.360000610351562,0.4799995422363281,0.039999961853027344,364300,6685500,False,False,False
364496.5,6685500.5,26.309999465942383,22.770000457763672,3.539999008178711,0.2949999173482259,364400,6685500,False,False,False
364540.5,6685500.5,23.030000686645508,15.600000381469727,7.430000305175781,0.6191666920979818,364500,6685500,False,False,False
364558.5,6685500.5,25.020000457763672,16.579999923706055,8.440000534057617,0.7033333778381348,364500,6685500,False,False,False
364654.5,6685500.5,19.940000534057617,14.770000457763672,5.170000076293945,0.4308333396911621,364600,6685500,False,False,False
364681.5,6685500.5,20.049999237060547,10.65999984741211,9.389999389648438,0.7824999491373698,364600,6685500,False,False,False
364691.5,6685500.5,22.770000457763672,17.350000381469727,5.420000076293945,0.4516666730244954,364600,6685500,False,False,False
364742.5,6685500.5,24.760000228881836,19.260000228881836,5.5,0.4583333333333333,364700,6685500,False,False,False
364828.5,6685500.5,21.40999984741211,16.40999984741211,5.0,0.4166666666666667,364800,6685500,False,False,False
364838.5,6685500.5,19.1200008392334,11.430000305175781,7.690000534057617,0.6408333778381348,364800,6685500,False,False,False
364846.5,6685500.5,13.300000190734863,0.0,13.300000190734863,1.1083333492279053,364800,6685500,False,False,False
364850.5,6685500.5,13.59000015258789,8.800000190734863,4.789999961853027,0.39916666348775226,364800,6685500,False,False,False
364858.5,6685500.5,8.369999885559082,4.639999866485596,3.7300000190734863,0.3108333349227905,364800,6685500,False,False,False
364900.5,6685500.5,27.040000915527344,22.5,4.540000915527344,0.3783334096272786,364900,6685500,False,False,False
364908.5,6685500.5,25.8799991607666,21.030000686645508,4.849998474121094,0.4041665395100911,364900,6685500,False,False,False
364932.5,6685500.5,21.43000030517578,17.940000534057617,3.489999771118164,0.290833314259847,364900,6685500,False,False,False
364944.5,6685500.5,23.979999542236328,18.34000015258789,5.6399993896484375,0.4699999491373698,364900,6685500,False,False,False
364962.5,6685500.5,20.75,14.380000114440918,6.369999885559082,0.5308333237965902,364900,6685500,False,False,False
364999.5,6685500.5,19.610000610351562,15.020000457763672,4.590000152587891,0.38250001271565753,364900,6685500,False,False,False
